Grid_Cell,Year,Albedo,Conflict,Evap_mm,Humidity,NDVI,PET_mm,Rain_mm,Runoff_mm,SensHeat_Wm2,SoilM_mm,Temp_C,Wind_ms
Grid_Cell_1,2000,0.17553286,142,971.7743,0.00939126,0.19639292,3923.504,975.4418,0.014043632,32.420723,336.95474,29.261438,2.4589472
Grid_Cell_1,2001,0.1754726,108,937.7242,0.011375536,0.34379047,3389.7603,1186.4988,0.028007455,39.497536,335.89294,27.486353,2.1920815
Grid_Cell_1,2002,0.1754726,139,928.3894,0.011432793,0.33039525,3648.674,1034.9985,0.017266113,44.47815,330.8013,28.484705,2.2096386
Grid_Cell_1,2003,0.1754726,183,889.0539,0.011572044,0.28642476,3508.5972,980.06323,0.014674771,46.512665,342.00565,28.259272,2.1692872
Grid_Cell_1,2004,0.1755358,202,963.15704,0.011573121,0.22538164,3503.1602,1121.3579,0.026855035,40.420956,338.7686,28.556604,2.186826
Grid_Cell_1,2005,0.1754726,114,899.96985,0.011645208,0.31779158,3464.7021,1139.5912,0.03490595,45.225407,341.72226,28.358149,1.9112623
Grid_Cell_1,2006,0.1754726,108,981.2283,0.010413513,0.34132403,3600.3352,1303.7015,0.043316837,38.16342,347.9761,29.017603,2.064295
Grid_Cell_1,2007,0.17547287,184,968.3459,0.010957509,0.31592357,3452.8098,1197.2589,0.028812565,38.03354,351.54016,28.31399,2.1494248
Grid_Cell_1,2008,0.1755358,177,871.9977,0.01058119,0.32450375,3439.1152,1091.1963,0.033651587,46.774033,341.0252,27.868555,2.0595603
Grid_Cell_1,2009,0.1754726,163,922.63477,0.011274965,0.32534733,3504.247,965.84186,0.012927599,44.500694,323.95578,28.805628,2.062016
Grid_Cell_1,2010,0.1754726,329,952.5977,0.010929941,0.29464576,3603.852,1093.7139,0.036180813,43.18263,331.11688,28.94726,2.1388385
Grid_Cell_1,2011,0.17547287,283,896.0435,0.009812981,0.26397946,3972.953,867.70654,0.022890627,50.78675,299.8912,29.362604,2.3322344
Grid_Cell_1,2012,0.1755358,691,927.8487,0.010514041,0.3383141,3711.771,1299.9456,0.07132006,45.709854,302.7756,29.373316,2.3669808
Grid_Cell_1,2013,0.1754726,739,940.47986,0.009954413,0.060136173,3813.0283,1036.8237,0.0478405,43.563366,319.5967,30.346186,2.2452614
Grid_Cell_1,2014,0.1754726,959,884.8452,0.010110009,0.06159309,3969.7256,961.58124,0.032524776,48.218376,283.8595,30.225702,2.3984478
Grid_Cell_1,2015,0.1754726,955,846.9751,0.009646355,0.06718053,4006.6565,900.9025,0.02266286,51.784546,269.6162,29.702723,2.2079444
Grid_Cell_1,2016,0.17553607,792,439.88892,0.010127109,0.064194255,4056.21,403.44107,0.019735707,73.81478,202.83374,29.968256,2.0989983
Grid_Cell_1,2017,0.17547287,952,235.55609,0.009411829,0.059491925,4243.8022,247.0932,0.004949952,88.89946,150.23201,29.954645,2.3600512
Grid_Cell_1,2018,0.1754726,1402,298.39362,0.009798384,0.05625408,4271.7285,322.1316,0.007686072,93.43127,151.62178,29.893091,2.565289
Grid_Cell_1,2019,0.17547287,1634,605.0242,0.010609444,0.058006942,3866.0242,784.08105,0.023126585,72.18807,221.0498,29.339106,2.2716582
Grid_Cell_1,2020,0.17553607,2854,919.049,0.010618493,0.05581697,3598.6218,1083.4749,0.06061425,52.710934,334.22485,28.438501,1.9955262
Grid_Cell_1,2021,0.17547314,3528,829.9485,0.010318416,0.059484854,3576.625,912.67993,0.039163347,53.999596,304.0795,28.710596,1.9801806
Grid_Cell_1,2022,0.17547292,3730,844.7853,0.010085899,0.06344564,3445.3857,1160.0377,0.062250417,51.27426,309.7953,28.21972,1.996366
Grid_Cell_1,2023,0.17547314,3549,909.7865,0.010023493,0.06360672,3516.2393,1028.2733,0.044448525,45.839596,328.4462,29.512568,1.9218717
Grid_Cell_1,2024,0.17553614,4400,899.7628,0.010445129,0.06140466,3643.3357,959.20966,0.033126596,58.788185,304.89413,28.967402,1.9533992
Grid_Cell_1,2025,0.1754726,5521,829.19867,0.00972457,0.058457494,3476.3232,1071.026,0.05144961,52.65055,308.94382,29.40246,1.874823
Grid_Cell_10,2000,0.15224445,142,912.63916,0.007699334,0.1860507,4177.509,949.3349,0.004657769,47.401962,311.30847,27.602716,2.511219
Grid_Cell_10,2001,0.15221643,108,878.05304,0.009903732,0.28079405,3637.1396,1156.2804,0.008555147,55.166588,315.91446,25.9602,2.3505745
Grid_Cell_10,2002,0.15221643,139,862.6661,0.009742714,0.28246123,3758.8574,965.8991,0.00518226,53.21567,304.27176,26.887537,2.318166
Grid_Cell_10,2003,0.15221615,183,795.91144,0.010527746,0.22579154,3505.9722,948.45386,0.005011764,60.567623,316.81805,26.363459,2.2494242
Grid_Cell_10,2004,0.15224662,202,877.4066,0.010339432,0.29441097,3612.965,1051.1796,0.00778084,57.048492,313.82608,26.7904,2.3239162
Grid_Cell_10,2005,0.15221561,114,811.8267,0.010600069,0.27109644,3598.3105,1091.6661,0.010842576,60.044834,317.2431,26.324,2.2147553
Grid_Cell_10,2006,0.15221609,108,911.5952,0.009462499,0.21423592,3905.6853,1317.5924,0.013415767,54.53964,323.01733,26.654291,2.3656306
Grid_Cell_10,2007,0.15221561,184,935.83246,0.009906571,0.14098592,3817.6025,1189.4224,0.00925047,55.012985,324.60825,26.100946,2.480418
Grid_Cell_10,2008,0.15224726,177,796.78845,0.009711856,0.24399605,3684.6113,1116.2225,0.010240755,62.70996,315.1802,25.534967,2.3814523
Grid_Cell_10,2009,0.15221643,163,866.06006,0.01036307,0.27321488,3751.041,950.81903,0.005200969,59.222767,307.00592,26.582453,2.3894477
Grid_Cell_10,2010,0.15221588,329,897.72394,0.010178061,0.29384804,3834.7136,1073.4271,0.013451627,59.186726,319.1128,26.484339,2.4458933
Grid_Cell_10,2011,0.15221643,283,896.3038,0.009363949,0.19361857,3989.4487,982.34424,0.011779603,60.00206,311.86862,26.33932,2.616926
Grid_Cell_10,2012,0.152247,691,934.8119,0.009907289,0.24387054,3763.9626,1349.7483,0.03130329,55.430233,326.78406,26.511255,2.5994604
Grid_Cell_10,2013,0.15221643,739,965.5174,0.009379204,0.057544287,3856.7393,1097.739,0.017075349,53.41038,316.711,27.351587,2.410467
Grid_Cell_10,2014,0.15221639,959,973.4095,0.009551982,0.064306684,3923.6553,1106.932,0.017862787,54.426807,313.3472,27.229609,2.5085504
Grid_Cell_10,2015,0.15221643,955,883.34625,0.009350109,0.06262089,4190.9824,968.9738,0.011897774,64.59967,307.3883,26.263086,2.8589375
Grid_Cell_10,2016,0.15224726,792,875.313,0.009679294,0.06314314,4011.6135,994.0011,0.014068552,59.654797,303.83072,26.705256,2.7627962
Grid_Cell_10,2017,0.15221643,952,807.5241,0.009050253,0.06527108,4196.926,922.1656,0.013002322,63.387966,280.80182,26.930689,3.0101883
Grid_Cell_10,2018,0.15221643,1402,819.7539,0.009394962,0.06370416,4220.864,1355.1688,0.060386337,67.88862,289.97662,27.595606,3.0642958
Grid_Cell_10,2019,0.15221643,1634,818.33716,0.009850033,0.06456299,4072.4504,1155.5989,0.022009483,67.44972,302.77347,26.842035,3.1726513
Grid_Cell_10,2020,0.15224725,2854,871.86346,0.009859019,0.06470246,4390.1885,1129.1493,0.03458993,64.0121,321.76105,25.92074,3.7266054
Grid_Cell_10,2021,0.15221643,3528,818.5977,0.009408738,0.06496865,4282.0835,933.94836,0.017680071,64.178276,307.16602,26.248407,3.4170299
Grid_Cell_10,2022,0.15221643,3730,872.6579,0.009287249,0.0639974,4108.0303,1281.8704,0.032452766,59.8568,318.87048,25.393274,3.4359207
Grid_Cell_10,2023,0.15221643,3549,925.574,0.009246415,0.066030234,4141.6694,1034.924,0.016810244,55.069447,316.29346,26.708735,3.2043033
Grid_Cell_10,2024,0.15224797,4400,927.81006,0.009626554,0.06718503,4186.0205,1100.0192,0.021832814,67.558784,311.53674,26.12536,3.3484817
Grid_Cell_10,2025,0.15221575,5521,857.07654,0.008870371,0.06614142,4111.306,1163.5604,0.02801478,62.73043,318.69446,26.65594,3.209591
Grid_Cell_100,2000,0.27528834,142,517.2131,0.005405743,0.23983672,4235.2437,476.22592,0.002490933,48.502674,106.62733,29.617853,2.6229718
Grid_Cell_100,2001,0.27521232,108,510.78177,0.008394443,0.27264622,3788.007,607.2408,0.004678185,53.274113,108.13498,28.353601,2.449513
Grid_Cell_100,2002,0.27521232,139,476.5779,0.007856499,0.27451223,4013.4265,465.32556,0.002352209,58.408825,104.47386,29.219294,2.3733714
Grid_Cell_100,2003,0.27521232,183,495.97385,0.009084232,0.31574297,3610.734,589.94995,0.004723189,54.64944,118.50167,28.60467,2.2959995
Grid_Cell_100,2004,0.2752937,202,493.38257,0.008526267,0.23710433,3807.238,527.9986,0.004171803,54.798794,114.47959,29.175165,2.3758628
Grid_Cell_100,2005,0.27521232,114,534.01184,0.009366,0.3299208,3777.723,630.6315,0.005986664,56.429314,123.57347,28.695795,2.4715362
Grid_Cell_100,2006,0.27521232,108,564.1658,0.008289102,0.121452965,4043.718,697.2059,0.008755401,50.055325,130.71927,28.819666,2.5202198
Grid_Cell_100,2007,0.27521232,184,548.16864,0.008312007,0.2845382,4163.253,639.81573,0.006161452,53.044094,134.35725,28.583887,2.6670275
Grid_Cell_100,2008,0.2752937,177,463.35123,0.008782061,0.30914184,3919.0276,599.1366,0.006930571,60.417217,121.66584,27.996058,2.6257145
Grid_Cell_100,2009,0.27521232,163,521.6588,0.008717574,0.35921484,4129.5444,522.8885,0.004212874,52.647026,110.182724,29.48971,2.6266394
Grid_Cell_100,2010,0.27521232,329,514.8499,0.008641603,0.095155604,4172.2803,647.05066,0.016761445,55.102272,116.60887,29.380121,2.6032221
Grid_Cell_100,2011,0.27521232,283,502.85114,0.008082056,0.1554989,4550.99,485.7354,0.00706261,61.38691,100.619675,29.464106,3.1851795
Grid_Cell_100,2012,0.2752937,691,557.7186,0.008361814,0.28045216,4360.755,741.5602,0.019113418,55.006657,115.30259,29.59817,3.1561544
Grid_Cell_100,2013,0.27521232,739,519.255,0.007770653,0.09476736,4497.7827,550.43494,0.012966134,55.442974,111.55845,30.352015,3.0629327
Grid_Cell_100,2014,0.27521232,959,464.68848,0.007933811,0.0914571,4502.181,496.422,0.013774417,57.76542,92.84985,30.314478,3.1117697
Grid_Cell_100,2015,0.27521232,955,510.14468,0.007406825,0.09564428,4604.585,544.3837,0.012982826,58.331398,94.02404,29.080591,3.197499
Grid_Cell_100,2016,0.2752937,792,236.2329,0.00766884,0.10171937,4617.241,172.2654,0.002992688,72.453865,54.165318,29.644007,3.1368058
Grid_Cell_100,2017,0.27521232,952,200.96907,0.007441715,0.09993965,4923.285,192.15901,0.002497117,77.91642,27.3289,29.44372,3.5758731
Grid_Cell_100,2018,0.27521232,1402,214.55322,0.007714925,0.10374293,5005.929,214.2234,0.003930137,81.68982,30.608051,29.610193,3.7786794
Grid_Cell_100,2019,0.27521232,1634,258.35712,0.008231314,0.09489005,4843.6562,265.96512,0.005346302,77.848816,32.311172,29.23681,3.8459048
Grid_Cell_100,2020,0.2752937,2854,482.37018,0.008279367,0.08843967,5020.048,684.98816,0.000913,64.17883,98.647934,28.673517,4.166223
Grid_Cell_100,2021,0.27521232,3528,419.2364,0.007654885,0.095479086,4996.2817,507.33002,0.000444,64.40372,88.24191,28.848993,4.1443243
Grid_Cell_100,2022,0.27521232,3730,453.67084,0.008023102,0.09256579,4802.547,773.83405,0.000835,62.31577,94.47424,27.724054,4.1568456
Grid_Cell_100,2023,0.27521232,3549,484.17145,0.007829339,0.090622686,4956.4053,578.5204,0.000425,58.21623,94.9633,29.145441,4.0054674
Grid_Cell_100,2024,0.27529383,4400,479.26605,0.008231545,0.09077918,4906.491,710.87897,0.00076,66.43247,95.33392,28.607843,4.1238923
Grid_Cell_100,2025,0.27521232,5521,449.99042,0.007438132,0.0885759,4908.479,642.77985,0.000594,60.372967,95.39469,28.955133,4.050402
Grid_Cell_101,2000,0.27798307,142,542.1122,0.00536178,0.23862837,4208.048,476.64178,0.000507,44.391327,207.39833,29.550592,2.6497226
Grid_Cell_101,2001,0.27790767,108,518.1269,0.008276183,0.25937736,3800.0989,593.67596,0.00089,50.410995,196.6568,28.414759,2.4669445
Grid_Cell_101,2002,0.27790767,139,495.0697,0.007730824,0.23326492,4052.2874,467.8225,0.000459,54.832188,199.48962,29.294153,2.3911455
Grid_Cell_101,2003,0.27790767,183,508.63797,0.008968209,0.27796134,3652.322,589.6411,0.000925,51.54828,205.92764,28.621271,2.3161366
Grid_Cell_101,2004,0.27798826,202,518.0718,0.008411851,0.1380553,3815.5723,537.84174,0.00087,51.467026,210.56487,29.160028,2.3983014
Grid_Cell_101,2005,0.27790767,114,547.6231,0.009311619,0.27141201,3780.5884,618.502,0.00114651,53.24433,216.90587,28.688715,2.493728
Grid_Cell_101,2006,0.27790767,108,583.78284,0.008231654,0.140613,4099.112,686.1672,0.001664486,46.97664,224.77548,28.847742,2.5426855
Grid_Cell_101,2007,0.27790767,184,568.11084,0.008268151,0.25148058,4162.64,637.0013,0.001124027,49.51204,228.91045,28.61059,2.6895275
Grid_Cell_101,2008,0.27798826,177,494.37134,0.008813373,0.14099108,3926.7,606.6027,0.001392736,55.31067,220.97832,28.066126,2.6591847
Grid_Cell_101,2009,0.27790767,163,539.8471,0.008734012,0.3276694,4091.2954,518.44214,0.000804,48.941277,210.04887,29.486506,2.6582148
Grid_Cell_101,2010,0.27790767,329,535.7188,0.008665048,0.16713317,4200.0566,644.9609,0.004054822,51.472515,208.72897,29.459497,2.6508248
Grid_Cell_101,2011,0.27790767,283,535.317,0.00815647,0.15441616,4596.715,485.622,0.002041832,57.37358,203.05455,29.5104,3.260659
Grid_Cell_101,2012,0.27798826,691,582.87634,0.008441393,0.26839793,4414.554,741.63776,0.004865738,52.000366,205.99193,29.66778,3.267254
Grid_Cell_101,2013,0.27790767,739,548.02515,0.007843824,0.092927955,4583.9683,550.37775,0.003065154,52.121063,210.90497,30.380396,3.1734805
Grid_Cell_101,2014,0.27790767,959,500.73343,0.008022999,0.09402158,4574.5586,496.37448,0.004150938,53.99241,193.38887,30.363642,3.195982
Grid_Cell_101,2015,0.27790767,955,533.6433,0.007449931,0.09125313,4619.9,544.26605,0.003352127,54.57144,190.28453,29.113398,3.2501702
Grid_Cell_101,2016,0.27798826,792,299.14224,0.007697901,0.09611503,4636.4062,183.2233,0.000511,66.21178,141.23917,29.647242,3.1879327
Grid_Cell_101,2017,0.27790767,952,230.22087,0.007513715,0.097042,4949.377,226.2762,0.001173757,74.61483,83.06838,29.393915,3.6174486
Grid_Cell_101,2018,0.27790767,1402,209.46857,0.007740134,0.09749751,5041.218,208.59984,0.000498,80.52378,76.73567,29.587214,3.8095698
Grid_Cell_101,2019,0.27790767,1634,282.64957,0.008356848,0.09345208,4842.8306,305.45642,0.00185274,74.1317,86.6154,29.257502,3.8423774
Grid_Cell_101,2020,0.27798826,2854,609.6063,0.008390478,0.0898842,4936.238,685.4901,0.006749628,55.096733,198.8076,28.570368,4.1038256
Grid_Cell_101,2021,0.27790767,3528,529.9936,0.007753166,0.09172803,4942.0996,507.39697,0.00291975,56.1812,193.5572,28.812433,4.0977836
Grid_Cell_101,2022,0.27790767,3730,592.71,0.008124362,0.08749068,4750.2705,773.07043,0.004975822,52.06079,198.09564,27.711542,4.1023593
Grid_Cell_101,2023,0.27790767,3549,622.1534,0.007944045,0.091910064,4864.0596,578.1013,0.002590705,48.202694,207.2198,29.14062,3.9582415
Grid_Cell_101,2024,0.2779882,4400,620.8445,0.008325812,0.09658131,4842.8325,710.8915,0.004951824,55.54683,195.6335,28.572107,4.0732517
Grid_Cell_101,2025,0.27790752,5521,590.3482,0.007518863,0.09366668,4826.5586,642.9791,0.004151942,50.106937,208.48946,28.901728,4.0146556
Grid_Cell_102,2000,0.2756995,142,545.5211,0.005572337,0.1862662,4313.9443,475.3543,0.000541,45.074574,204.16302,29.220179,2.640464
Grid_Cell_102,2001,0.2756318,108,514.1276,0.008277817,0.22019571,3874.9978,584.09424,0.00086,50.33802,189.95512,28.451197,2.4865677
Grid_Cell_102,2002,0.2756318,139,495.62372,0.007656314,0.19628152,4145.5166,474.79285,0.000489,54.68104,195.10501,29.384943,2.4209743
Grid_Cell_102,2003,0.2756318,183,518.3363,0.008839797,0.13085622,3823.4543,592.6295,0.000924,50.86902,202.84258,28.670954,2.3451777
Grid_Cell_102,2004,0.27570492,202,529.3097,0.008263261,0.2007279,3955.8887,551.3749,0.000912,51.04827,206.96957,29.187311,2.4223452
Grid_Cell_102,2005,0.2756318,114,548.0422,0.009233072,0.23940079,3892.802,609.4235,0.001097791,53.210564,212.85928,28.835321,2.5409882
Grid_Cell_102,2006,0.2756318,108,583.37787,0.008168554,0.15426777,4151.165,668.2295,0.001381188,48.167458,219.81824,29.144617,2.5733705
Grid_Cell_102,2007,0.2756318,184,568.1692,0.008215274,0.11482767,4186.446,629.1119,0.001009144,49.700054,225.56836,28.903833,2.7155206
Grid_Cell_102,2008,0.27570492,177,504.50958,0.008848431,0.19087012,3957.8384,621.69543,0.001469095,54.72881,218.23552,28.357111,2.6915276
Grid_Cell_102,2009,0.2756318,163,533.1511,0.008740958,0.28286785,4115.5825,506.3256,0.0007,49.194443,205.95277,29.720148,2.6979408
Grid_Cell_102,2010,0.2756318,329,541.8089,0.008679517,0.15497202,4239.3506,648.891,0.004050709,51.72142,204.0771,29.716394,2.6958592
Grid_Cell_102,2011,0.2756318,283,538.8713,0.008220405,0.13496718,4641.7773,485.66522,0.002220312,57.593204,198.85718,29.695093,3.3174398
Grid_Cell_102,2012,0.27570492,691,587.2621,0.008513169,0.27195483,4465.484,741.4568,0.004829594,52.29252,200.88544,29.878443,3.3414342
Grid_Cell_102,2013,0.2756318,739,553.127,0.00790591,0.090181515,4633.9556,550.52783,0.002879418,52.466896,206.7311,30.568567,3.2507408
Grid_Cell_102,2014,0.2756318,959,502.87082,0.008097153,0.08693499,4641.4365,496.34427,0.003755401,55.140114,187.51073,30.566431,3.259441
Grid_Cell_102,2015,0.2756318,955,533.9544,0.007464595,0.086516924,4648.9287,544.3157,0.003093695,54.590137,185.27182,29.288263,3.2926018
Grid_Cell_102,2016,0.27570492,792,276.6998,0.007714318,0.092623234,4683.645,161.92035,0.000504,69.08416,134.42346,29.703485,3.2175775
Grid_Cell_102,2017,0.2756318,952,208.22992,0.00759128,0.09142483,4981.937,203.06377,0.00077,77.68613,76.01134,29.4638,3.6477225
Grid_Cell_102,2018,0.2756318,1402,191.4531,0.007797856,0.09036182,5047.8223,190.41913,0.000396,83.07775,70.28603,29.636438,3.8154259
Grid_Cell_102,2019,0.2756318,1634,289.51944,0.008457228,0.0909755,4858.852,316.5372,0.001421699,75.1491,83.556015,29.301264,3.8405964
Grid_Cell_102,2020,0.27570492,2854,607.73334,0.008467247,0.08421639,4923.9473,685.4567,0.007623777,55.788754,196.19714,28.622065,4.080601
Grid_Cell_102,2021,0.2756318,3528,532.66876,0.007846577,0.113383204,4950.532,507.89484,0.002796363,57.14801,189.73341,28.84582,4.101242
Grid_Cell_102,2022,0.2756318,3730,593.8559,0.008231695,0.08452061,4738.592,776.1161,0.005234181,53.225986,193.97554,27.758081,4.072051
Grid_Cell_102,2023,0.2756318,3549,626.3265,0.008041583,0.0926782,4873.5845,578.4167,0.002626794,49.11096,204.03703,29.18719,3.9541318
Grid_Cell_102,2024,0.27570382,4400,616.5327,0.008412099,0.092419915,4837.832,710.8681,0.00517001,56.584038,191.18813,28.600367,4.053287
Grid_Cell_102,2025,0.27563012,5521,592.85333,0.007582381,0.094120614,4845.118,643.1357,0.004191419,50.980778,204.85568,28.921656,4.018219
Grid_Cell_103,2000,0.260312,142,561.9302,0.005810957,0.2385588,4493.0576,473.17252,0.000924,45.890354,213.3415,28.812433,2.6489027
Grid_Cell_103,2001,0.2602504,108,519.93915,0.00828305,0.1833615,3909.9226,579.2029,0.001310353,48.259644,195.58313,28.444574,2.5244102
Grid_Cell_103,2002,0.26025042,139,497.57745,0.007576741,0.25518346,4203.1885,484.50095,0.00087,51.220848,205.2874,29.438593,2.4721727
Grid_Cell_103,2003,0.2602504,183,546.9801,0.008694706,0.22953635,3946.7993,596.75616,0.001508,46.829388,216.45796,28.685663,2.410383
Grid_Cell_103,2004,0.26031804,202,553.9752,0.008095587,0.17404838,4013.467,566.00653,0.001530868,45.484623,221.6304,29.181238,2.4817371
Grid_Cell_103,2005,0.2602504,114,571.4522,0.009090315,0.18588309,3937.3853,600.3191,0.001706819,47.70138,227.01874,29.089685,2.6070843
Grid_Cell_103,2006,0.26025042,108,609.82385,0.008036554,0.14391704,4083.4028,648.5724,0.001828113,43.657326,230.42563,29.772364,2.612172
Grid_Cell_103,2007,0.26025042,184,609.4241,0.008093287,0.16277443,4116.552,618.6899,0.001523089,44.67616,234.51715,29.612116,2.752952
Grid_Cell_103,2008,0.26031804,177,555.007,0.008826624,0.14206773,3918.1335,636.69653,0.002571015,48.633682,232.34047,28.90188,2.7210016
Grid_Cell_103,2009,0.26025042,163,537.9668,0.008663646,0.25246778,4092.593,492.5351,0.001006795,45.827324,219.02643,30.24029,2.7479064
Grid_Cell_103,2010,0.2602504,329,565.7147,0.008640174,0.14956462,4171.0527,623.1373,0.004302497,47.058384,213.87312,30.362879,2.75264
Grid_Cell_103,2011,0.2602504,283,547.14624,0.008242752,0.21821143,4642.003,484.7105,0.002426202,54.229717,204.62009,30.171534,3.4126794
Grid_Cell_103,2012,0.26031804,691,612.9777,0.008534296,0.2151257,4476.551,726.7658,0.005896957,47.362316,205.00801,30.43014,3.4657855
Grid_Cell_103,2013,0.2602504,739,559.4763,0.00793329,0.0864707,4641.9604,541.742,0.003924041,49.3093,215.92587,31.228968,3.3932066
Grid_Cell_103,2014,0.26025042,959,502.93665,0.008125318,0.092195414,4665.0576,485.51938,0.004184431,52.60812,192.90794,31.134333,3.3894067
Grid_Cell_103,2015,0.2602504,955,524.79706,0.007492427,0.08897615,4673.3823,540.74524,0.003989712,52.982517,185.44693,29.927454,3.465547
Grid_Cell_103,2016,0.26031804,792,269.67743,0.007782775,0.09261487,4701.142,159.67253,0.000485,66.8711,139.44003,30.309961,3.3772087
Grid_Cell_103,2017,0.2602504,952,180.80333,0.007747849,0.092253625,4997.248,178.05312,0.000813,77.57501,85.39568,29.982935,3.7738183
Grid_Cell_103,2018,0.2602504,1402,172.86412,0.00798798,0.083325766,5002.8345,173.81952,0.000485,81.88312,82.31597,29.98977,3.8711793
Grid_Cell_103,2019,0.2602504,1634,330.73117,0.008622913,0.07554042,4814.8926,372.9791,0.002471435,70.32,108.3838,29.450525,3.8897746
Grid_Cell_103,2020,0.26031804,2854,612.9075,0.008578127,0.079308406,4937.7646,648.6787,0.006279102,53.730183,218.94722,28.637049,4.1603484
Grid_Cell_103,2021,0.2602504,3528,538.4586,0.008004773,0.07036874,4932.7104,510.30432,0.003959887,54.64537,208.55283,28.94549,4.1600094
Grid_Cell_103,2022,0.2602504,3730,603.8243,0.008419147,0.07719441,4671.399,743.0864,0.009890219,50.60436,211.54396,27.908747,4.1329412
Grid_Cell_103,2023,0.2602504,3549,609.43207,0.008209449,0.077328,4837.9536,526.8726,0.002824123,48.210163,217.08437,29.355402,4.01831
Grid_Cell_103,2024,0.26031783,4400,627.30237,0.008555005,0.077109516,4803.218,758.62146,0.010164969,54.583134,204.25362,28.730951,4.113332
Grid_Cell_103,2025,0.26025,5521,589.4331,0.007743399,0.0753485,4874.4565,586.30664,0.00545371,52.10006,225.47115,29.099237,4.075755
Grid_Cell_104,2000,0.24405175,142,554.691,0.006075822,0.20091973,4602.576,471.66846,0.00106423,51.00288,217.36993,28.435907,2.6949224
Grid_Cell_104,2001,0.24398656,108,515.7282,0.008291389,0.18999247,4046.7332,575.505,0.001316904,51.05466,201.65135,28.412775,2.5848212
Grid_Cell_104,2002,0.24398656,139,497.91873,0.007555676,0.2166552,4366.9404,491.15594,0.001025986,55.26165,212.93993,29.512476,2.5505633
Grid_Cell_104,2003,0.24398656,183,553.648,0.008820787,0.20237331,4076.855,599.8363,0.001642435,50.927013,223.52846,28.804224,2.5089104
Grid_Cell_104,2004,0.24405737,202,558.0163,0.008208931,0.20013921,4135.902,573.88196,0.001632261,49.84956,226.61249,29.248926,2.580098
Grid_Cell_104,2005,0.24398656,114,567.89685,0.009155551,0.14571235,4052.911,592.1532,0.001768935,51.87156,230.30626,29.23327,2.6864676
Grid_Cell_104,2006,0.24398656,108,598.50433,0.008035061,0.12002878,4233.2476,633.9459,0.001751774,49.202087,231.82721,29.91186,2.6499457
Grid_Cell_104,2007,0.24398656,184,599.88116,0.008120996,0.2035531,4240.409,609.8296,0.001656719,49.203392,235.58116,29.779993,2.7824042
Grid_Cell_104,2008,0.24405737,177,552.057,0.008958536,0.1731806,4007.4658,649.3605,0.00286126,52.79861,236.13252,29.033442,2.7421422
Grid_Cell_104,2009,0.24398656,163,527.20575,0.008710177,0.24299262,4216.9478,482.5008,0.000991,50.324585,222.63069,30.400904,2.7887626
Grid_Cell_104,2010,0.24398656,329,567.39404,0.008737372,0.15683793,4275.0737,624.90314,0.004551887,51.223568,218.61159,30.476221,2.7698317
Grid_Cell_104,2011,0.24398656,283,543.44293,0.008372922,0.15910722,4758.6826,484.367,0.002637291,58.526817,208.87863,30.302057,3.4736383
Grid_Cell_104,2012,0.24405737,691,613.82104,0.008653808,0.24639522,4615.977,725.6296,0.00584669,50.77673,209.45934,30.610071,3.5621312
Grid_Cell_104,2013,0.24398656,739,554.1401,0.008092626,0.079171956,4776.7144,541.38995,0.004704596,53.611485,220.29248,31.375788,3.4902613
Grid_Cell_104,2014,0.24398656,959,501.86746,0.008276927,0.07844944,4802.7256,484.57977,0.003774925,57.098415,199.4795,31.275995,3.4827628
Grid_Cell_104,2015,0.24398656,955,526.10065,0.0076544,0.07587141,4920.2803,540.1415,0.003731007,58.060917,191.04012,29.951014,3.7008553
Grid_Cell_104,2016,0.24405737,792,276.84735,0.007964321,0.082942694,4898.7466,163.90427,0.000455,71.11258,147.47832,30.270685,3.6007402
Grid_Cell_104,2017,0.24398656,952,194.88437,0.007951393,0.08057119,5175.4854,191.78856,0.001095904,80.91679,90.57982,30.024103,3.9799829
Grid_Cell_104,2018,0.24398656,1402,186.25397,0.008198439,0.073921904,5127.747,188.72784,0.000609,85.35896,87.52535,30.162043,3.9980972
Grid_Cell_104,2019,0.24398656,1634,363.90878,0.008829646,0.06501057,4944.627,417.17377,0.003760171,72.82425,123.64449,29.489008,4.0221376
Grid_Cell_104,2020,0.24405737,2854,608.3279,0.008800962,0.0658849,5052.8867,643.24176,0.00582386,58.37955,225.49667,28.654474,4.297336
Grid_Cell_104,2021,0.24398656,3528,537.70593,0.008280355,0.070786744,5047.4805,512.16406,0.004178274,59.00204,215.30083,28.965235,4.309153
Grid_Cell_104,2022,0.24398656,3730,606.2673,0.008692739,0.063288495,4773.576,747.5695,0.010720113,54.41059,218.5321,27.951136,4.2847223
Grid_Cell_104,2023,0.24398656,3549,599.8103,0.008462658,0.06463453,4928.0215,519.48865,0.003069264,53.379913,220.8285,29.36056,4.158858
Grid_Cell_104,2024,0.24405739,4400,621.45154,0.00882992,0.06485182,4890.968,766.6843,0.012673028,59.823555,209.81386,28.711329,4.2598114
Grid_Cell_104,2025,0.24398631,5521,577.8218,0.008054295,0.06015512,4960.8047,575.6762,0.005269771,57.45614,230.393,29.088861,4.1910357
Grid_Cell_105,2000,0.22843511,142,543.2855,0.00627888,0.15061246,4599.3037,471.94965,0.001248756,54.269157,223.60884,28.824213,2.7571363
Grid_Cell_105,2001,0.22837396,108,510.7667,0.008556348,0.23756033,4074.629,572.0317,0.001355086,55.032555,213.07814,28.617151,2.6658828
Grid_Cell_105,2002,0.2283737,139,492.18826,0.007933591,0.255461,4405.8286,493.11502,0.001177062,60.01795,223.22305,29.569483,2.6268647
Grid_Cell_105,2003,0.2283737,183,556.89124,0.00894679,0.2457991,4192.662,600.2197,0.001764435,54.704212,233.07024,28.904322,2.6444585
Grid_Cell_105,2004,0.2284392,202,552.9671,0.008326198,0.25046393,4259.292,566.5009,0.001589542,54.509422,231.9884,29.295923,2.714729
Grid_Cell_105,2005,0.22837341,114,562.6167,0.009273585,0.20310187,4170.333,587.46814,0.00184787,56.525276,234.12225,29.321283,2.8103034
Grid_Cell_105,2006,0.22837366,108,597.3423,0.008142123,0.15271325,4377.261,635.4353,0.001816596,54.423218,236.0499,29.961847,2.7689526
Grid_Cell_105,2007,0.22837341,184,590.5921,0.008270619,0.18833333,4371.2964,600.278,0.001774932,54.49329,238.27957,29.92013,2.8957946
Grid_Cell_105,2008,0.22843961,177,545.59686,0.009201593,0.16114499,4104.67,647.33887,0.002836199,57.65104,240.4502,29.130152,2.8540616
Grid_Cell_105,2009,0.22837396,163,524.024,0.008882931,0.24159038,4343.2407,484.34006,0.000983,54.748013,227.86227,30.508753,2.9053037
Grid_Cell_105,2010,0.22837341,329,568.0281,0.008975897,0.1479089,4399.1587,621.7657,0.003780226,56.20241,225.22507,30.58407,2.875859
Grid_Cell_105,2011,0.22837396,283,544.2821,0.008704909,0.2115988,4965.115,484.29147,0.00132114,63.640343,214.52719,30.396173,3.6979191
Grid_Cell_105,2012,0.22843961,691,622.8984,0.008967545,0.2883102,4885.7344,725.67914,0.003149539,54.772446,216.57988,30.680597,3.817049
Grid_Cell_105,2013,0.22837396,739,553.9252,0.008502225,0.07781083,5008.399,541.3327,0.002512973,57.99609,226.25691,31.378534,3.7508779
Grid_Cell_105,2014,0.2283737,959,502.4064,0.008676345,0.08173842,5021.38,484.62946,0.00262776,61.672756,209.03735,31.270136,3.7287903
Grid_Cell_105,2015,0.22837396,955,530.7111,0.008069581,0.07803081,5163.07,540.122,0.002047832,63.04163,201.15263,29.800745,3.9586978
Grid_Cell_105,2016,0.22843961,792,279.15546,0.008374878,0.08470236,5104.34,160.29507,0.00047,76.97516,159.93541,30.117273,3.8148453
Grid_Cell_105,2017,0.22837396,952,190.7836,0.008366328,0.07150202,5403.9463,181.6722,0.000982,86.174644,95.98887,30.00628,4.2125854
Grid_Cell_105,2018,0.22837396,1402,199.0876,0.00860739,0.071728185,5368.5415,205.47864,0.000688,89.44335,93.11724,30.361109,4.2056656
Grid_Cell_105,2019,0.2283737,1634,356.4924,0.009186228,0.062427565,5122.613,404.39307,0.003059096,78.1,126.78254,29.53393,4.2053566
Grid_Cell_105,2020,0.22843961,2854,607.8044,0.009180962,0.0778507,5171.445,642.5945,0.00356876,63.64088,232.541,28.694635,4.45929
Grid_Cell_105,2021,0.22837396,3528,539.6704,0.008748498,0.08496208,5155.0435,513.5411,0.002662596,64.25897,223.95525,28.994806,4.44816
Grid_Cell_105,2022,0.22837396,3730,625.177,0.009109948,0.07064976,4875.1313,766.2557,0.009830192,58.254234,229.56549,28.021173,4.429551
Grid_Cell_105,2023,0.22837396,3549,596.51306,0.00891049,0.061106283,5021.209,520.1993,0.002627223,58.89061,227.25726,29.35412,4.296666
Grid_Cell_105,2024,0.22844014,4400,620.25586,0.009273347,0.07225552,4982.5264,766.6822,0.013249274,65.2026,219.87408,28.718317,4.4094467
Grid_Cell_105,2025,0.22837327,5521,569.54333,0.008570783,0.073363714,4985.228,568.7479,0.004036461,62.713295,236.07698,29.036615,4.28578
Grid_Cell_106,2000,0.19823727,142,552.21515,0.006480704,0.2085339,4562.2437,473.63474,0.007056075,57.96269,317.90222,29.209131,2.8658142
Grid_Cell_106,2001,0.19817945,108,515.3491,0.008819933,0.06695971,4110.024,568.5368,0.006284562,60.382824,285.7031,28.817682,2.773554
Grid_Cell_106,2002,0.19817917,139,485.05487,0.008293799,0.16848512,4412.5327,490.4982,0.005608565,66.146324,300.42712,29.647364,2.7112138
Grid_Cell_106,2003,0.19817945,183,552.13385,0.00915716,0.07306071,4172.1245,598.83514,0.008040959,61.470516,306.67444,29.098536,2.7104173
Grid_Cell_106,2004,0.19824167,202,533.84406,0.008547468,0.051881034,4227.3384,548.0586,0.006762725,61.534637,305.1844,29.422815,2.7832742
Grid_Cell_106,2005,0.1981789,114,563.22156,0.009556579,0.16952637,4207.5864,584.4171,0.008237175,63.317883,302.2733,29.319696,2.9333513
Grid_Cell_106,2006,0.19817916,108,594.7546,0.008520804,0.062422592,4521.0137,650.30475,0.008954624,62.93489,306.93512,29.718592,2.953165
Grid_Cell_106,2007,0.1981789,184,568.49963,0.008714523,0.17670543,4487.317,588.3948,0.008064589,62.990326,317.37042,29.822382,3.079151
Grid_Cell_106,2008,0.19824207,177,550.3628,0.009690422,0.05877053,4192.192,633.8747,0.012128893,63.634354,322.38858,29.058191,3.0446696
Grid_Cell_106,2009,0.19817917,163,537.10925,0.009355129,0.0871513,4436.9575,496.33887,0.004890706,60.28967,318.83676,30.395258,3.091023
Grid_Cell_106,2010,0.19817917,329,553.9092,0.009404773,0.058715057,4528.392,614.3083,0.020355277,63.50538,296.36658,30.490747,3.0861673
Grid_Cell_106,2011,0.19817945,283,523.7297,0.009023586,0.14899614,5216.4014,488.66327,0.006109976,71.13042,278.5571,30.371973,3.996755
Grid_Cell_106,2012,0.19824207,691,594.42773,0.009273874,0.1516615,5175.99,723.7771,0.022993699,62.866917,280.5902,30.58233,4.1109014
Grid_Cell_106,2013,0.19817945,739,527.98895,0.00890504,0.034702323,5301.389,541.9818,0.015532188,66.00631,290.27213,31.217096,4.060638
Grid_Cell_106,2014,0.19817917,959,464.93362,0.009071438,0.034454532,5303.4014,486.40393,0.014471904,71.53597,264.41132,31.099817,4.0084476
Grid_Cell_106,2015,0.1981793,955,510.2646,0.009568246,0.03876973,5175.457,540.4795,0.007256959,75.07854,261.9145,28.933252,4.3414373
Grid_Cell_106,2016,0.1982418,792,286.8553,0.009855972,0.044253808,5105.3887,208.81723,0.002977736,86.25597,237.29308,29.254755,4.1595173
Grid_Cell_106,2017,0.19817945,952,201.09328,0.009819993,0.049481157,5417.772,188.75485,0.00307338,94.86902,180.82518,29.309198,4.5729966
Grid_Cell_106,2018,0.19817945,1402,200.11792,0.010142993,0.05739926,5420.686,209.29968,0.002874082,98.16189,171.64418,29.91836,4.5438848
Grid_Cell_106,2019,0.19817917,1634,352.30524,0.010267906,0.041187327,5128.9746,417.3541,0.012437059,86.678665,191.00258,29.077478,4.436042
Grid_Cell_106,2020,0.19824207,2854,593.456,0.010099634,0.046675608,5162.994,644.11847,0.010897227,72.45857,300.15225,28.511164,4.652459
Grid_Cell_106,2021,0.19817945,3528,539.4555,0.009864902,0.056653306,5112.9683,530.08673,0.00836575,73.02543,291.06134,28.793634,4.559085
Grid_Cell_106,2022,0.19817945,3730,632.85144,0.010120475,0.06019911,4837.5557,792.32794,0.02578697,66.69918,296.64044,27.948175,4.5748935
Grid_Cell_106,2023,0.19817945,3549,583.91486,0.010036504,0.06100386,4959.811,517.9032,0.011152952,68.532166,304.06384,29.141626,4.4149194
Grid_Cell_106,2024,0.19824132,4400,608.3808,0.010297815,0.05111836,4967.1885,766.94507,0.03416409,74.70255,280.00278,28.55047,4.56524
Grid_Cell_106,2025,0.19817808,5521,553.18695,0.00980989,0.06357271,4880.514,569.2539,0.011786821,72.2169,298.7706,28.766932,4.3869643
Grid_Cell_107,2000,0.19576153,142,552.3508,0.006591589,0.25630862,4563.669,476.2744,0.007202016,53.015644,318.27374,29.539545,2.9681032
Grid_Cell_107,2001,0.19571261,108,508.91666,0.008999581,0.2391474,4029.833,566.284,0.006408849,53.43178,289.6248,28.97198,2.8558486
Grid_Cell_107,2002,0.19571261,139,477.71948,0.008534529,0.2568879,4200.0327,487.11456,0.005577045,54.36308,307.21252,29.694513,2.7757688
Grid_Cell_107,2003,0.19571261,183,547.5449,0.009291729,0.20404834,3932.0132,596.7313,0.008417835,50.30644,315.54413,29.250269,2.77052
Grid_Cell_107,2004,0.19576502,202,522.64386,0.008703254,0.10335092,4090.333,524.5283,0.006427391,52.798042,314.1168,29.511835,2.8405828
Grid_Cell_107,2005,0.19571261,114,554.9984,0.009858007,0.26536533,4066.0376,581.3197,0.008331657,53.881557,308.92267,29.225245,3.0395842
Grid_Cell_107,2006,0.19571261,108,601.4765,0.008968554,0.12962213,4513.6304,668.9066,0.010869633,55.550312,316.68982,29.315912,3.1202197
Grid_Cell_107,2007,0.19571261,184,569.48456,0.00921877,0.15767276,4597.59,574.7036,0.008162305,62.469086,323.42377,29.55636,3.2488768
Grid_Cell_107,2008,0.19576502,177,540.0177,0.010204834,0.1375299,4174.3687,616.811,0.01034861,55.894962,325.50934,28.87121,3.2270808
Grid_Cell_107,2009,0.19571261,163,541.17444,0.009893043,0.11945804,4412.1,511.15646,0.005358298,52.43007,323.60562,30.137049,3.264927
Grid_Cell_107,2010,0.19571261,329,559.5868,0.009779458,0.1081993,4472.593,618.394,0.015790826,54.492447,310.19812,30.21383,3.1846948
Grid_Cell_107,2011,0.19571261,283,573.1958,0.009008553,0.28330442,5159.108,558.63324,0.010866052,57.58468,302.69608,30.23092,3.9899397
Grid_Cell_107,2012,0.19576502,691,581.3534,0.009265092,0.3060134,5177.804,692.0892,0.026420912,53.39782,293.02106,30.435694,4.1237087
Grid_Cell_107,2013,0.19571261,739,521.52515,0.008947438,0.059851695,5319.715,552.84875,0.016931428,57.086903,297.66278,31.047174,4.087556
Grid_Cell_107,2014,0.19571261,959,494.96948,0.009113427,0.059644226,5294.1543,513.4201,0.015115171,60.74198,276.48056,30.915949,4.028345
Grid_Cell_107,2015,0.19571261,955,521.13806,0.009605376,0.06045009,5218.57,550.1012,0.010195853,63.707783,277.3842,28.936884,4.365033
Grid_Cell_107,2016,0.19576502,792,298.66833,0.00982592,0.058298655,5173.34,208.36917,0.002756762,73.591034,238.5902,29.295801,4.2118397
Grid_Cell_107,2017,0.19571261,952,211.33925,0.009751959,0.061510157,5532.9355,199.18549,0.003305027,82.02694,172.51802,29.41366,4.6263185
Grid_Cell_107,2018,0.19571261,1402,192.20152,0.010062168,0.053062987,5551.977,198.89064,0.002998055,87.209625,161.28687,30.094294,4.617275
Grid_Cell_107,2019,0.19571261,1634,360.66986,0.010437499,0.04962508,5139.0254,452.07288,0.01299025,75.44539,188.01924,29.124445,4.4569664
Grid_Cell_107,2020,0.19576502,2854,613.58386,0.010434235,0.054161966,5103.4604,664.9766,0.012909406,60.577293,328.60184,28.449244,4.6654716
Grid_Cell_107,2021,0.19571261,3528,584.6643,0.010203416,0.070306964,5055.681,575.57086,0.013946168,59.443176,322.48935,28.734095,4.565249
Grid_Cell_107,2022,0.19571261,3730,684.03375,0.010450722,0.056794036,4793.045,820.64233,0.021450695,53.176147,319.8429,27.88357,4.579277
Grid_Cell_107,2023,0.19571261,3549,615.8365,0.010470775,0.05367465,4865.153,556.1784,0.008967137,56.463074,318.5926,28.997492,4.407351
Grid_Cell_107,2024,0.19576532,4400,651.5544,0.010600825,0.056922395,4928.674,785.24884,0.017506849,61.10053,304.9335,28.464136,4.5777593
Grid_Cell_107,2025,0.19571231,5521,571.6675,0.010194704,0.055560164,4952.3687,551.60876,0.009448087,66.984024,323.23257,28.687098,4.4226284
Grid_Cell_108,2000,0.20178336,142,546.30225,0.006424233,0.2907043,4482.5513,479.63055,0.002463324,52.18168,288.58182,29.684168,2.9559405
Grid_Cell_108,2001,0.20173264,108,502.02298,0.008918817,0.15702118,3928.3962,566.2634,0.002469575,52.973373,276.36893,28.96441,2.8180745
Grid_Cell_108,2002,0.20173286,139,476.5466,0.008409423,0.2809583,4076.9556,484.82605,0.002097257,52.59038,291.4745,29.62707,2.7286797
Grid_Cell_108,2003,0.20173286,183,549.85614,0.009191325,0.08981998,3811.076,595.4029,0.00328648,48.11252,299.56622,29.251734,2.7024722
Grid_Cell_108,2004,0.20178908,202,509.66003,0.008655102,0.113688335,3966.4224,507.54434,0.002417927,51.49728,294.95166,29.464533,2.768964
Grid_Cell_108,2005,0.20173286,114,548.7862,0.009815541,0.18805641,3978.9417,578.6327,0.003096322,53.027267,294.09775,29.185968,3.0042074
Grid_Cell_108,2006,0.20173286,108,607.72,0.008915102,0.09165137,4451.0767,684.88416,0.004840216,53.566902,303.09247,29.224085,3.1296375
Grid_Cell_108,2007,0.20173286,184,565.899,0.009140829,0.104695104,4545.3984,564.2417,0.00304039,60.93358,302.82724,29.470087,3.2342536
Grid_Cell_108,2008,0.20178908,177,526.55035,0.010166897,0.092792355,4131.792,602.24493,0.003377613,55.078552,303.60013,28.80865,3.228447
Grid_Cell_108,2009,0.20173259,163,540.9217,0.009853954,0.12000252,4363.986,522.0029,0.002103774,51.268085,298.1972,30.05456,3.2682831
Grid_Cell_108,2010,0.20173286,329,550.84314,0.009664113,0.087957054,4383.862,609.64594,0.006875897,53.180084,294.85953,30.126337,3.099729
Grid_Cell_108,2011,0.20173286,283,585.75946,0.00868445,0.11285492,5011.76,558.49286,0.004216058,54.425396,289.4191,30.233454,3.8143919
Grid_Cell_108,2012,0.20178908,691,599.47906,0.00897525,0.07503548,5076.7563,692.2486,0.012802343,49.63419,287.0231,30.497034,4.0204644
Grid_Cell_108,2013,0.20173286,739,549.96045,0.008678478,0.060465116,5230.692,552.91144,0.006131473,53.297443,293.34534,31.093927,3.998241
Grid_Cell_108,2014,0.20173286,959,520.8657,0.008861044,0.060607184,5192.61,513.3629,0.007517431,56.595943,276.17764,30.960382,3.9532423
Grid_Cell_108,2015,0.20173259,955,539.64056,0.008188099,0.05881037,5340.9995,549.8766,0.003935168,55.100964,267.14243,29.89837,4.0814714
Grid_Cell_108,2016,0.20178878,792,304.43164,0.008365364,0.059126873,5292.9497,185.56589,0.000956,64.83039,223.1039,30.335688,3.9723248
Grid_Cell_108,2017,0.20173286,952,222.64577,0.00824526,0.061032187,5705.632,203.28409,0.001667695,72.95021,148.14714,30.405146,4.3921747
Grid_Cell_108,2018,0.20173286,1402,221.59157,0.008481397,0.06006863,5696.5293,219.89447,0.001149428,78.55511,135.87076,30.908411,4.4053917
Grid_Cell_108,2019,0.20173286,1634,400.2702,0.009230612,0.058622375,5246.1387,513.24304,0.008325503,66.56952,177.90973,29.94076,4.254398
Grid_Cell_108,2020,0.20178908,2854,622.95526,0.009168244,0.054202564,5231.1587,666.31,0.005254884,54.050808,308.50522,29.019953,4.405089
Grid_Cell_108,2021,0.20173286,3528,601.3255,0.008778488,0.059904218,5195.751,581.8003,0.005178038,50.733932,299.6087,29.53042,4.3331943
Grid_Cell_108,2022,0.20173286,3730,704.9242,0.009222495,0.06367436,4869.9204,848.59485,0.010323127,44.871063,305.22534,28.55865,4.3003387
Grid_Cell_108,2023,0.20173286,3549,619.1164,0.009137107,0.06149589,5011.5454,554.23224,0.003276168,48.924595,294.04016,29.873194,4.199954
Grid_Cell_108,2024,0.20178987,4400,648.32275,0.00933235,0.06443382,5035.7026,785.278,0.006808085,54.477528,288.06735,29.251123,4.3206525
Grid_Cell_108,2025,0.20173289,5521,576.2617,0.008738104,0.05585753,5151.9194,551.03094,0.003160936,59.68903,299.65305,29.624872,4.2326694
Grid_Cell_109,2000,0.25112885,142,539.271,0.006165299,0.24788833,4540.169,452.13596,0.000819,54.018314,198.2629,28.079767,2.4767468
Grid_Cell_109,2001,0.2510682,108,532.3645,0.009136012,0.23733017,3863.3704,645.92316,0.001769435,59.449566,187.2558,27.255121,2.465506
Grid_Cell_109,2002,0.2510682,139,538.1066,0.008449234,0.3002069,4135.2515,515.02716,0.000862,61.47994,199.86359,28.253351,2.3771043
Grid_Cell_109,2003,0.2510682,183,559.5232,0.009246917,0.22329818,3796.2007,644.63477,0.002088966,56.198296,209.27847,27.8146,2.3077803
Grid_Cell_109,2004,0.25113633,202,547.53015,0.008485655,0.21000938,4041.9956,525.8542,0.000998,57.97415,202.2874,28.522089,2.3738136
Grid_Cell_109,2005,0.2510682,114,570.36896,0.008974119,0.23710734,3940.8435,667.14734,0.001893164,55.022793,199.42993,28.867365,2.4807487
Grid_Cell_109,2006,0.2510682,108,617.35144,0.008076089,0.2535269,4016.8591,682.1118,0.001986116,48.362785,223.99886,29.876612,2.498576
Grid_Cell_109,2007,0.2510682,184,595.5061,0.007913513,0.26344457,4078.9727,600.0923,0.001684699,50.505875,223.99065,29.515436,2.5911713
Grid_Cell_109,2008,0.25113633,177,512.9289,0.008146422,0.27350673,3936.3757,639.66595,0.002376247,55.24013,208.1985,28.724665,2.5860972
Grid_Cell_109,2009,0.2510682,163,592.69257,0.007864588,0.21038705,4146.2334,574.7933,0.001524819,47.862453,202.96089,30.487726,2.5513654
Grid_Cell_109,2010,0.2510682,329,625.4333,0.007966602,0.28327832,4079.0718,728.837,0.005955952,47.581852,200.57193,30.320307,2.4926057
Grid_Cell_109,2011,0.2510682,283,630.3268,0.007258131,0.2494612,4749.026,584.7681,0.00274763,53.648823,200.2978,30.397486,3.3262753
Grid_Cell_109,2012,0.25113633,691,633.96295,0.007738279,0.16343845,4623.1055,743.5764,0.00553527,49.088486,195.47575,30.526728,3.4687567
Grid_Cell_109,2013,0.2510682,739,553.7783,0.007189818,0.050499447,4758.43,516.9053,0.002449774,52.35567,187.70273,31.426386,3.3764257
Grid_Cell_109,2014,0.2510682,959,529.15906,0.00733291,0.04724562,4888.3843,539.93414,0.003137555,56.23025,161.47357,31.418451,3.4787219
Grid_Cell_109,2015,0.2510682,955,553.5369,0.006955657,0.055793323,5074.704,570.77026,0.003692414,55.086464,172.02141,30.38949,3.642636
Grid_Cell_109,2016,0.25113633,792,268.41513,0.00741077,0.05024324,4955.9995,183.68967,0.00093,71.21234,125.622116,30.892023,3.4851663
Grid_Cell_109,2017,0.2510682,952,159.44524,0.006980969,0.046352614,5253.053,158.66171,0.001428606,80.69841,81.74628,30.629328,3.7910101
Grid_Cell_109,2018,0.2510682,1402,105.46673,0.007287456,0.054346588,5299.9297,100.94976,0.000196,90.16495,74.13382,30.609308,3.8499806
Grid_Cell_109,2019,0.2510682,1634,193.47397,0.007675786,0.051161356,5175.822,198.50293,0.000595,82.64637,78.85251,29.928766,3.930939
Grid_Cell_109,2020,0.25113633,2854,652.671,0.007887428,0.046128042,5193.745,671.146,0.003799788,52.72303,202.51291,28.798822,4.227869
Grid_Cell_109,2021,0.2510682,3528,581.5755,0.007160067,0.052043587,5206.707,586.46594,0.005611938,53.44548,186.44978,29.366663,4.1628175
Grid_Cell_109,2022,0.2510682,3730,616.186,0.007583314,0.050394002,4929.641,725.9663,0.007015545,48.919277,195.04752,28.376642,4.1736264
Grid_Cell_109,2023,0.2510682,3549,621.41034,0.007488665,0.05902219,5039.4155,576.1422,0.004754202,50.96051,203.08234,29.822504,3.991084
Grid_Cell_109,2024,0.2511368,4400,661.7907,0.007963041,0.05115346,5011.8076,749.4311,0.008637554,53.598106,187.8957,29.137384,4.1672726
Grid_Cell_109,2025,0.25106847,5521,591.2838,0.007130167,0.049455293,4935.2236,656.24316,0.005788138,53.325203,199.96686,29.739618,3.9690259
Grid_Cell_11,2000,0.15161015,142,906.35785,0.007818101,0.23137014,4203.2173,957.8357,0.004963731,47.629467,316.28772,28.523066,2.5002522
Grid_Cell_11,2001,0.15157534,108,870.6637,0.010297975,0.29824433,3662.1575,1163.5402,0.00910625,55.55089,322.37836,26.859247,2.360095
Grid_Cell_11,2002,0.15157534,139,861.6497,0.010139475,0.29210255,3786.5312,972.3056,0.005308774,53.775455,310.03125,27.694147,2.3145359
Grid_Cell_11,2003,0.15157534,183,790.79987,0.011006024,0.2614937,3526.8494,955.6866,0.005402404,61.877064,321.24857,27.103144,2.2313077
Grid_Cell_11,2004,0.15161148,202,869.7413,0.010779221,0.2897233,3619.6711,1060.1105,0.00840721,57.985325,318.71924,27.481836,2.2929735
Grid_Cell_11,2005,0.15157534,114,814.1757,0.010988582,0.21037889,3667.347,1089.0753,0.011126887,60.789196,321.40305,26.934717,2.2817075
Grid_Cell_11,2006,0.15157534,108,930.24036,0.009727959,0.19166839,4063.653,1353.8567,0.014108746,54.86462,327.47678,27.053522,2.4593635
Grid_Cell_11,2007,0.15157534,184,954.6191,0.010170044,0.15439717,3952.7498,1192.1764,0.009095959,54.301426,327.97522,26.622461,2.5624385
Grid_Cell_11,2008,0.15161148,177,806.35913,0.010047617,0.19928165,3805.4927,1150.9036,0.010697473,62.700676,320.08322,26.066248,2.4540274
Grid_Cell_11,2009,0.15157534,163,880.28253,0.010723509,0.2844856,3881.4612,971.3229,0.006138342,59.229576,312.64645,27.096552,2.4662285
Grid_Cell_11,2010,0.15157534,329,912.8245,0.010242328,0.2187836,4040.5608,1053.8542,0.014039003,58.70799,319.63254,27.074274,2.5529482
Grid_Cell_11,2011,0.15157534,283,933.64044,0.009191713,0.26213315,4255.4854,1005.64087,0.011108435,59.694256,311.384,27.08764,2.709563
Grid_Cell_11,2012,0.15161148,691,977.2702,0.009786373,0.2737146,4000.1282,1359.5011,0.030568672,53.707836,328.93384,27.260431,2.6864822
Grid_Cell_11,2013,0.15157534,739,1004.756,0.009224721,0.057629574,4108.57,1109.4635,0.014691082,51.400623,318.21783,28.0516,2.5125558
Grid_Cell_11,2014,0.15157534,959,1018.6021,0.009391396,0.055983935,4151.133,1136.0769,0.016689414,52.053726,315.37955,27.931696,2.5800574
Grid_Cell_11,2015,0.15157534,955,905.63525,0.009058335,0.05570143,4236.7886,967.9079,0.012350383,62.916336,308.2994,26.698206,2.5554442
Grid_Cell_11,2016,0.15161148,792,668.73926,0.009387453,0.06656404,4171.6753,557.1511,0.006153186,71.41727,260.01276,27.156855,2.4844491
Grid_Cell_11,2017,0.15157534,952,395.80432,0.008721674,0.06119193,4450.1787,363.22235,0.002132606,89.7002,165.97693,27.508234,2.7347088
Grid_Cell_11,2018,0.15157534,1402,618.8815,0.009129384,0.07535308,4387.824,797.9677,0.023729855,81.14329,204.72853,28.358973,2.84046
Grid_Cell_11,2019,0.15157534,1634,776.7625,0.009802201,0.06773831,4025.8428,1089.4122,0.018585024,69.70163,274.6835,27.457575,2.826624
Grid_Cell_11,2020,0.15161148,2854,891.1933,0.009790918,0.059325233,4127.2407,1122.0914,0.028217414,63.04331,324.41495,26.384912,3.109324
Grid_Cell_11,2021,0.15157534,3528,835.1865,0.009319173,0.062103458,4083.1892,936.03064,0.016663244,62.95941,311.5839,26.785364,2.95203
Grid_Cell_11,2022,0.15157534,3730,888.5717,0.009230252,0.059464235,3936.0227,1284.3815,0.031303372,58.734337,322.48895,26.001215,2.9868112
Grid_Cell_11,2023,0.15157534,3549,931.9751,0.009206983,0.06253749,3985.0044,1036.5051,0.016481504,54.278408,320.55508,27.304865,2.8000567
Grid_Cell_11,2024,0.15161149,4400,951.8473,0.009528383,0.065669805,4087.6748,1099.9867,0.020600684,65.188484,314.98154,26.797358,2.9598074
Grid_Cell_11,2025,0.15157534,5521,870.57007,0.008795666,0.06704988,3966.8171,1162.884,0.026812991,60.98051,322.4466,27.26629,2.8079793
Grid_Cell_110,2000,0.2852941,142,465.55737,0.005826389,0.23834713,4363.1177,444.31177,0.002913666,52.75054,118.82383,28.697931,2.5198627
Grid_Cell_110,2001,0.28524083,108,469.6392,0.00895295,0.21344215,3731.6548,634.8294,0.006891113,57.1555,124.52195,27.589014,2.497835
Grid_Cell_110,2002,0.28524083,139,463.20102,0.008305245,0.19405901,3992.2952,498.05176,0.003410438,60.727196,122.806656,28.476282,2.408577
Grid_Cell_110,2003,0.28524083,183,478.68307,0.009086856,0.15605558,3700.652,622.7755,0.007351346,57.130894,137.96147,27.954493,2.335486
Grid_Cell_110,2004,0.2853011,202,463.74542,0.008374371,0.17377572,3924.7788,504.94434,0.003609693,58.355793,122.81728,28.622766,2.392837
Grid_Cell_110,2005,0.28524083,114,495.34137,0.008919599,0.20128834,3782.5134,658.40796,0.007324435,55.077957,130.49171,28.882227,2.500132
Grid_Cell_110,2006,0.28524083,108,523.4217,0.007993667,0.16164932,3913.4973,673.0506,0.007398308,49.785122,139.97398,29.809381,2.5091922
Grid_Cell_110,2007,0.28524083,184,504.27744,0.007898972,0.21402591,4025.389,589.13354,0.006054675,52.18986,137.03835,29.453882,2.6279864
Grid_Cell_110,2008,0.2853011,177,422.8294,0.008126183,0.21287256,3877.8613,615.22235,0.008221861,57.74567,126.952576,28.669245,2.6031737
Grid_Cell_110,2009,0.28524083,163,506.37253,0.007888019,0.18265033,4091.8748,545.01984,0.005071165,49.25607,122.54574,30.402887,2.573146
Grid_Cell_110,2010,0.28524083,329,532.0241,0.007973325,0.19817393,4036.8604,722.66144,0.020901494,49.1619,128.74739,30.236078,2.528496
Grid_Cell_110,2011,0.28524083,283,554.0744,0.007305385,0.1413936,4624.454,584.64935,0.009492373,54.80504,126.08281,30.250208,3.3658986
Grid_Cell_110,2012,0.2853011,691,560.5394,0.007743579,0.20851113,4509.7646,743.444,0.018421533,49.13549,131.01552,30.376429,3.5209768
Grid_Cell_110,2013,0.28524083,739,482.67862,0.007178403,0.09271434,4647.6074,517.0457,0.009036955,51.956062,115.04299,31.27212,3.4188573
Grid_Cell_110,2014,0.28524083,959,483.71698,0.007349462,0.096543066,4750.391,540.0637,0.01335998,54.645584,106.08209,31.253473,3.5104682
Grid_Cell_110,2015,0.28524083,955,504.42612,0.006976075,0.09421517,4949.225,570.7865,0.01409324,53.48177,116.84452,30.273401,3.720958
Grid_Cell_110,2016,0.2853011,792,258.05286,0.007402157,0.100798406,4824.887,182.82156,0.003358917,68.58628,74.045166,30.794123,3.5662796
Grid_Cell_110,2017,0.28524083,952,187.05005,0.007014725,0.09548348,5082.46,194.23044,0.006258695,75.14421,31.395128,30.456842,3.8495033
Grid_Cell_110,2018,0.28524083,1402,130.77222,0.00730512,0.09328438,5089.5293,110.61468,0.000751,84.63635,24.312239,30.054499,3.8740902
Grid_Cell_110,2019,0.28524083,1634,215.65285,0.007633067,0.092548445,4983.2046,212.71033,0.002322596,76.43759,29.04872,29.617853,3.9633706
Grid_Cell_110,2020,0.2853011,2854,449.76898,0.007794122,0.09577273,5117.965,671.43677,0.000357,61.31836,102.423294,28.955164,4.2989416
Grid_Cell_110,2021,0.28524083,3528,406.66193,0.007111998,0.09402648,5125.836,586.4292,0.000666,60.424805,93.85715,29.23205,4.2385025
Grid_Cell_110,2022,0.28524083,3730,411.013,0.007509496,0.093699515,4894.3345,725.71356,0.000762,57.727947,98.781265,28.134241,4.2736607
Grid_Cell_110,2023,0.28524083,3549,423.86862,0.007423021,0.09315321,5045.4004,574.276,0.000526,58.54804,99.392555,29.531794,4.0832415
Grid_Cell_110,2024,0.28530088,4400,447.23352,0.007858252,0.09341867,4985.0674,749.4436,0.001002479,61.862587,99.13117,28.962946,4.2745395
Grid_Cell_110,2025,0.28523973,5521,393.20862,0.007083585,0.09449461,4943.3457,656.238,0.000603,61.793396,96.36861,29.453424,4.082888
Grid_Cell_111,2000,0.2932119,142,461.55478,0.005508794,0.20007928,4247.355,435.6256,0.002523874,48.76037,120.71476,29.407099,2.5759952
Grid_Cell_111,2001,0.2931515,108,464.60315,0.0088033,0.23799309,3674.2795,627.9855,0.006394086,54.50656,127.2122,28.014063,2.5442047
Grid_Cell_111,2002,0.2931515,139,455.90454,0.008195608,0.20663588,3944.624,479.54376,0.003243973,58.037323,125.39683,28.851984,2.450118
Grid_Cell_111,2003,0.2931515,183,475.23788,0.008979147,0.14337425,3597.0046,602.3333,0.006360753,52.747837,139.0085,28.400904,2.3521297
Grid_Cell_111,2004,0.29321802,202,456.55612,0.008307103,0.170682,3865.7842,484.38995,0.00337292,57.226685,124.71764,29.016718,2.402639
Grid_Cell_111,2005,0.2931515,114,492.65756,0.008941561,0.14831676,3788.9805,650.0822,0.007124137,55.289406,133.0738,28.880976,2.4971185
Grid_Cell_111,2006,0.2931515,108,522.24554,0.007992079,0.17032209,3961.723,663.39,0.007400883,49.34472,141.98071,29.339624,2.4924116
Grid_Cell_111,2007,0.2931515,184,496.9161,0.007959178,0.2406369,4043.7285,577.9231,0.005726264,50.74358,140.2836,28.870173,2.6268563
Grid_Cell_111,2008,0.29321802,177,415.3913,0.00819745,0.22106534,3858.672,584.115,0.007525929,56.946068,130.55197,28.216394,2.5895467
Grid_Cell_111,2009,0.2931515,163,491.91132,0.008005742,0.13704666,4091.58,509.79672,0.004161055,49.482365,123.04838,29.898737,2.5658174
Grid_Cell_111,2010,0.2931515,329,509.46176,0.008067311,0.12071743,4055.2644,658.6693,0.016993742,49.543766,128.85649,29.565516,2.519044
Grid_Cell_111,2011,0.2931515,283,520.008,0.007383933,0.12809986,4620.8286,524.4383,0.00709286,55.71604,120.39496,29.688898,3.3068576
Grid_Cell_111,2012,0.29321802,691,540.88544,0.007775591,0.21807612,4457.8564,705.5943,0.017158583,49.84855,128.6753,29.8305,3.4374385
Grid_Cell_111,2013,0.2931515,739,485.67346,0.007223068,0.09826316,4560.0054,510.4674,0.008675007,50.457405,118.75449,30.580927,3.3057752
Grid_Cell_111,2014,0.2931515,959,476.805,0.007421448,0.102285124,4651.31,505.62576,0.012072931,54.290943,107.1837,30.702326,3.4028656
Grid_Cell_111,2015,0.2931515,955,480.64557,0.006990835,0.10366214,4793.482,525.8552,0.013016085,54.382286,111.09211,29.336237,3.5543141
Grid_Cell_111,2016,0.29321802,792,257.55847,0.007399718,0.10424978,4726.0005,183.69397,0.003093743,67.308624,72.32871,29.932154,3.4477005
Grid_Cell_111,2017,0.2931515,952,212.87068,0.00702138,0.09944195,4976.5684,237.70692,0.01028252,71.65541,34.714844,29.694422,3.7618663
Grid_Cell_111,2018,0.2931515,1402,135.48425,0.007271449,0.09895205,5052.3496,116.41104,0.000754,82.924225,25.371222,29.69378,3.8432
Grid_Cell_111,2019,0.2931515,1634,220.23204,0.007630893,0.10260384,4920.0166,217.12535,0.001918866,74.86349,28.763046,29.485895,3.9263499
Grid_Cell_111,2020,0.29321802,2854,447.03006,0.007792646,0.09971493,5052.062,604.7663,0.000314,60.44198,102.06481,28.97378,4.2653008
Grid_Cell_111,2021,0.2931515,3528,407.05508,0.007131395,0.10325437,5061.8477,547.8278,0.000679,59.43822,96.25582,29.137781,4.20703
Grid_Cell_111,2022,0.2931515,3730,417.65823,0.007530088,0.10844796,4851.0073,740.1294,0.000517,56.69668,99.56389,28.005579,4.244277
Grid_Cell_111,2023,0.2931515,3549,432.15652,0.007429405,0.105915375,4980.6445,598.9043,0.000522,56.862972,102.24733,29.386866,4.037899
Grid_Cell_111,2024,0.29321736,4400,459.66898,0.007839263,0.103737846,4950.409,785.9972,0.000968,60.111664,103.71921,28.872858,4.250008
Grid_Cell_111,2025,0.2931507,5521,398.86862,0.007086301,0.10457254,4903.5684,631.9919,0.000613,60.08868,100.85439,29.341059,4.0497756
Grid_Cell_112,2000,0.28610864,142,467.32434,0.005330574,0.27374047,4224.2476,428.8896,0.002199577,49.422916,114.230675,29.783686,2.6050353
Grid_Cell_112,2001,0.28604108,108,475.617,0.008665931,0.24570829,3707.9617,619.84656,0.005613394,54.928574,119.297935,28.25744,2.5526636
Grid_Cell_112,2002,0.28604108,139,455.33972,0.008081772,0.24779245,3971.3271,463.51007,0.002982274,58.967808,119.49414,29.075953,2.4623098
Grid_Cell_112,2003,0.28604108,183,486.00113,0.008914825,0.112900265,3626.7686,584.35236,0.005539935,54.03137,132.48071,28.668085,2.357849
Grid_Cell_112,2004,0.28611338,202,458.10815,0.00828043,0.12079419,3859.441,467.4426,0.003230236,57.8203,118.97222,29.246119,2.4039025
Grid_Cell_112,2005,0.28604108,114,502.75665,0.008980311,0.13688451,3802.2778,642.5989,0.006808339,55.832886,128.42921,28.855799,2.492769
Grid_Cell_112,2006,0.28604108,108,532.7971,0.007997982,0.14002268,4039.2249,655.19495,0.007561887,50.885403,138.31924,29.003992,2.4865553
Grid_Cell_112,2007,0.28604108,184,505.21164,0.007992757,0.34901306,4115.51,568.918,0.005510271,52.59416,137.69206,28.487482,2.6341166
Grid_Cell_112,2008,0.28611338,177,421.9581,0.008264066,0.20290744,3899.2678,557.90076,0.007051926,58.76437,126.54902,27.911982,2.58275
Grid_Cell_112,2009,0.28604108,163,484.9032,0.008096403,0.118766285,4149.463,480.26086,0.003625959,51.942863,114.59436,29.559687,2.569242
Grid_Cell_112,2010,0.28604108,329,501.08423,0.008134455,0.23729034,4135.3857,630.1703,0.017200688,52.050163,120.84553,29.268793,2.5342152
Grid_Cell_112,2011,0.28604108,283,503.78748,0.007488491,0.13383466,4617.9077,501.26038,0.006119593,58.335167,112.16643,29.614405,3.2456932
Grid_Cell_112,2012,0.28611338,691,537.13837,0.007840103,0.22125524,4417.54,690.6675,0.017421728,52.02403,123.1471,29.775782,3.311004
Grid_Cell_112,2013,0.28604108,739,485.59467,0.007281979,0.093895964,4506.0293,507.897,0.009534489,52.061184,114.93233,30.484735,3.1787546
Grid_Cell_112,2014,0.28604108,959,472.87378,0.007467458,0.09860057,4585.7124,492.79752,0.01164261,55.75781,102.39831,30.558344,3.2541668
Grid_Cell_112,2015,0.28604108,955,478.76312,0.007040784,0.098375686,4693.8184,515.8631,0.011641781,56.55824,102.929,29.258204,3.3692114
Grid_Cell_112,2016,0.28611338,792,255.23744,0.007418966,0.097231865,4656.974,184.3962,0.003163979,68.152054,65.60464,29.856714,3.2883084
Grid_Cell_112,2017,0.28604108,952,220.14124,0.007074167,0.09607999,4943.4126,247.74661,0.01111474,73.201096,32.953846,29.613153,3.6531677
Grid_Cell_112,2018,0.28604108,1402,155.66945,0.00730685,0.10228389,5044.21,140.14836,0.001034613,82.50587,26.189253,29.773859,3.8002205
Grid_Cell_112,2019,0.28604108,1634,207.30661,0.007669224,0.10108989,4905.6255,200.2644,0.00180574,76.935196,27.588385,29.433374,3.8817267
Grid_Cell_112,2020,0.28611338,2854,454.05347,0.007848606,0.10043087,5016.3955,589.76843,0.000359,61.535847,100.26148,28.966913,4.21373
Grid_Cell_112,2021,0.28604108,3528,415.4769,0.007188098,0.10060606,5023.527,536.8615,0.000471,60.263515,94.52848,29.087946,4.152441
Grid_Cell_112,2022,0.28604108,3730,424.9072,0.00758476,0.105830185,4811.3853,743.4018,0.000623,58.363,97.843376,27.961664,4.1846194
Grid_Cell_112,2023,0.28604108,3549,448.88788,0.007451024,0.10294988,4959.4175,604.6488,0.000563,57.579815,101.16023,29.340967,4.003755
Grid_Cell_112,2024,0.2861132,4400,474.22394,0.007867188,0.10674491,4935.1816,794.2126,0.000868,61.28017,102.80829,28.830652,4.191604
Grid_Cell_112,2025,0.28604108,5521,413.6542,0.007099613,0.104722284,4926.8535,626.2933,0.00064,60.962242,99.86867,29.241724,4.029527
Grid_Cell_113,2000,0.28570336,142,468.55798,0.005296061,0.28149372,4224.5894,425.13803,0.002053492,49.32048,110.2499,29.841364,2.6109457
Grid_Cell_113,2001,0.28562328,108,478.69498,0.008546907,0.31181562,3734.6118,608.09186,0.00512587,53.741158,113.94513,28.333155,2.5304034
Grid_Cell_113,2002,0.28562328,139,451.7498,0.007968525,0.1849514,3984.8628,451.5048,0.002733723,58.577557,114.62312,29.162226,2.4430633
Grid_Cell_113,2003,0.28562328,183,487.65683,0.008899208,0.1602098,3632.9233,573.696,0.005120476,54.188652,127.28548,28.769861,2.3546982
Grid_Cell_113,2004,0.2857071,202,454.7316,0.008299402,0.08958085,3846.5662,460.5904,0.003212247,57.67905,115.26679,29.32464,2.3992236
Grid_Cell_113,2005,0.28562328,114,505.14343,0.009032887,0.1681904,3788.6206,632.9632,0.006550205,55.23093,125.46799,28.896418,2.4957144
Grid_Cell_113,2006,0.28562328,108,531.8403,0.008006496,0.16811198,4054.2864,648.0853,0.007782712,50.77423,135.49965,28.998926,2.5046375
Grid_Cell_113,2007,0.28562328,184,506.45255,0.007994372,0.118794285,4134.822,565.6889,0.005412952,52.343178,135.9164,28.543573,2.6601439
Grid_Cell_113,2008,0.2857071,177,425.09555,0.008320285,0.12436487,3919.1624,543.7407,0.006758886,59.326195,123.86759,27.952478,2.5971627
Grid_Cell_113,2009,0.28562328,163,477.72226,0.008154269,0.2659319,4170.824,465.96274,0.003519243,52.900314,109.19719,29.580713,2.5858173
Grid_Cell_113,2010,0.28562328,329,493.7575,0.008201814,0.13454846,4165.17,622.80365,0.016866772,53.010807,115.98942,29.31701,2.5624688
Grid_Cell_113,2011,0.28562328,283,499.8951,0.007603409,0.19922824,4570.7114,501.2064,0.007155247,58.415276,109.82404,29.633387,3.2008643
Grid_Cell_113,2012,0.2857071,691,536.9122,0.007941015,0.2567993,4355.145,690.6589,0.018346058,52.75727,121.40434,29.796625,3.2102528
Grid_Cell_113,2013,0.28562328,739,483.30936,0.007357684,0.113414355,4449.4717,507.8214,0.010291376,52.750183,113.331894,30.488153,3.0942683
Grid_Cell_113,2014,0.28562328,959,462.79846,0.007538544,0.108108856,4501.26,492.6798,0.016211215,55.592354,99.09927,30.532038,3.158345
Grid_Cell_113,2015,0.28562328,955,476.57397,0.007096287,0.11164883,4642.8203,515.77124,0.012324151,57.49774,98.398,29.315393,3.2907524
Grid_Cell_113,2016,0.2857071,792,233.82677,0.007427235,0.112316296,4633.7114,164.84776,0.003220185,69.95377,61.258484,29.858149,3.2260134
Grid_Cell_113,2017,0.28562328,952,191.28363,0.007112671,0.10632956,4939.4146,193.66776,0.005148346,75.786194,28.690403,29.59347,3.6207705
Grid_Cell_113,2018,0.28562328,1402,179.73401,0.007369117,0.11339544,5007.704,178.43976,0.00428263,80.75304,28.608608,29.854578,3.7825835
Grid_Cell_113,2019,0.28562328,1634,231.9846,0.007739303,0.11115598,4883.731,232.08876,0.002839716,75.22199,30.713438,29.38534,3.870117
Grid_Cell_113,2020,0.2857071,2854,456.84518,0.007884241,0.103058964,5004.7246,589.2709,0.000355,61.736687,99.30857,28.911615,4.1967897
Grid_Cell_113,2021,0.28562328,3528,414.78677,0.007262272,0.10973073,4983.2393,535.73724,0.000534,60.45608,93.39846,29.036005,4.1291876
Grid_Cell_113,2022,0.28562328,3730,426.4678,0.007645331,0.1088542,4794.802,743.6848,0.000778,59.525658,96.664024,27.924189,4.165818
Grid_Cell_113,2023,0.28562328,3549,452.23697,0.007493114,0.10543993,4913.833,604.62396,0.000548,57.5471,100.12666,29.320581,3.9779675
Grid_Cell_113,2024,0.2857073,4400,474.0956,0.007912507,0.11094471,4881.782,794.1938,0.000848,61.946087,101.77693,28.778101,4.1427765
Grid_Cell_113,2025,0.28562328,5521,420.05194,0.007131428,0.106572576,4931.865,624.7126,0.00064,60.609524,98.779915,29.205164,4.0423145
Grid_Cell_114,2000,0.2846571,142,468.33926,0.005258306,0.16020517,4243.0474,423.68243,0.001973782,49.47303,110.46368,29.883875,2.6335628
Grid_Cell_114,2001,0.28458604,108,475.0597,0.008422351,0.24817385,3766.5525,593.2418,0.004709712,54.120697,113.69052,28.393854,2.5240335
Grid_Cell_114,2002,0.28458604,139,447.662,0.007852546,0.24952069,3990.966,442.6175,0.002475798,58.78397,114.98512,29.22848,2.4372756
Grid_Cell_114,2003,0.28458604,183,482.97607,0.008883469,0.28292024,3634.4524,568.8565,0.004879863,54.432217,127.854706,28.825464,2.3449721
Grid_Cell_114,2004,0.284662,202,452.54843,0.00829532,0.18027917,3847.6384,462.7122,0.003244802,57.634777,118.04442,29.368006,2.3978574
Grid_Cell_114,2005,0.28458604,114,504.15204,0.009079644,0.29790068,3779.1099,616.302,0.006042281,54.889923,127.741776,28.950891,2.49705
Grid_Cell_114,2006,0.28458604,108,525.289,0.008032451,0.12177508,4064.7642,639.20557,0.007577404,51.065586,135.91966,29.031488,2.5218635
Grid_Cell_114,2007,0.28458604,184,506.52167,0.008005986,0.24320988,4151.257,568.22687,0.00514127,52.111,137.49628,28.64306,2.6845617
Grid_Cell_114,2008,0.284662,177,428.1942,0.008401702,0.25370738,3932.5679,540.22955,0.006297831,59.74257,126.852905,28.036188,2.620011
Grid_Cell_114,2009,0.28458604,163,478.30655,0.008242044,0.30559346,4173.009,465.54156,0.003551236,53.160244,112.18125,29.619745,2.60729
Grid_Cell_114,2010,0.28458604,329,485.60568,0.008266229,0.24435796,4192.888,612.21747,0.015863407,54.003986,118.14722,29.397608,2.591544
Grid_Cell_114,2011,0.28458604,283,500.7278,0.007687727,0.1073163,4556.091,501.3252,0.006768233,58.388954,113.45601,29.709406,3.1997
Grid_Cell_114,2012,0.284662,691,534.32837,0.008021629,0.25630936,4339.7827,690.689,0.018457042,53.343258,124.89212,29.874018,3.1796174
Grid_Cell_114,2013,0.28458604,739,481.0003,0.007419687,0.11044794,4452.948,507.843,0.011019737,53.747704,116.44376,30.507563,3.069508
Grid_Cell_114,2014,0.28458604,959,463.44754,0.007597503,0.1070923,4480.386,492.7662,0.015638076,55.438957,102.17874,30.544641,3.131838
Grid_Cell_114,2015,0.28458604,955,477.11722,0.007141551,0.10588033,4618.716,517.2584,0.013242037,58.101215,101.26807,29.366236,3.2507524
Grid_Cell_114,2016,0.284662,792,241.0624,0.00745177,0.10810177,4612.7476,170.33424,0.003350984,70.2275,64.194534,29.873987,3.1849957
Grid_Cell_114,2017,0.28458604,952,161.38925,0.007135633,0.10425421,4952.1094,153.55116,0.002932849,78.26934,26.426607,29.629358,3.6096404
Grid_Cell_114,2018,0.28458604,1402,188.8395,0.007422295,0.11117018,4992.6455,204.10272,0.007601637,80.79456,31.401012,29.863276,3.7690217
Grid_Cell_114,2019,0.28458604,1634,255.34393,0.007829358,0.10530147,4869.592,267.20386,0.004033966,74.40014,34.66887,29.405176,3.8610075
Grid_Cell_114,2020,0.284662,2854,453.5139,0.007936475,0.124649644,4998.8325,593.9377,0.000659,62.44901,100.99911,28.900904,4.1606216
Grid_Cell_114,2021,0.28458604,3528,415.84195,0.007337611,0.10844869,4966.0474,534.67883,0.000471,61.182297,95.70139,29.022303,4.11042
Grid_Cell_114,2022,0.28458604,3730,431.8872,0.007706177,0.107025966,4798.444,745.8739,0.000738,60.04438,98.95233,27.915552,4.1550646
Grid_Cell_114,2023,0.28458604,3549,452.61172,0.007552559,0.10484176,4905.6714,603.49316,0.00053,58.078568,101.69085,29.288446,3.9637895
Grid_Cell_114,2024,0.28466222,4400,473.38544,0.007960621,0.10602143,4881.175,790.02954,0.000854,62.69933,103.5958,28.766443,4.131578
Grid_Cell_114,2025,0.2845856,5521,419.69614,0.007173447,0.105578125,4915.645,625.17224,0.000635,60.614433,100.56031,29.171686,4.034346
Grid_Cell_115,2000,0.27651873,142,495.81125,0.00523794,0.31305733,4300.815,423.32367,0.000371,48.05061,209.16682,29.836725,2.658059
Grid_Cell_115,2001,0.27643535,108,487.19138,0.008315406,0.19387248,3807.4463,576.6444,0.000836,52.888294,203.41455,28.451654,2.5232115
Grid_Cell_115,2002,0.27643535,139,465.67856,0.007739855,0.20878097,4072.0732,435.27563,0.000429,57.381466,207.59137,29.29159,2.4315221
Grid_Cell_115,2003,0.27643535,183,492.27917,0.008854092,0.28595424,3676.1594,565.6284,0.000921,52.87405,212.75122,28.816095,2.3491502
Grid_Cell_115,2004,0.2765235,202,470.79147,0.008264511,0.1493994,3844.7712,467.2261,0.000661,54.83361,212.60239,29.35296,2.4124408
Grid_Cell_115,2005,0.27643535,114,521.7722,0.009111442,0.25892445,3840.3655,598.74445,0.001093161,54.998714,218.49295,28.956507,2.5125294
Grid_Cell_115,2006,0.27643535,108,551.90125,0.008070479,0.11949224,4194.6885,630.62604,0.001487414,50.486202,227.26807,29.044489,2.5499458
Grid_Cell_115,2007,0.27643535,184,532.6145,0.008036181,0.25790587,4242.5786,572.3978,0.000932,51.899487,229.72197,28.721003,2.714185
Grid_Cell_115,2008,0.2765235,177,456.86523,0.008509588,0.18503588,3986.281,539.07605,0.001175157,57.723732,225.04721,28.122797,2.6556327
Grid_Cell_115,2009,0.27643535,163,503.78696,0.008340187,0.30054098,4195.867,469.67905,0.000732,51.74351,212.92838,29.647913,2.6447558
Grid_Cell_115,2010,0.27643535,329,510.06015,0.008351824,0.24159004,4245.0874,620.7116,0.004015959,53.031277,212.62027,29.493586,2.6259277
Grid_Cell_115,2011,0.27643535,283,522.3991,0.007768433,0.20933889,4640.37,488.4095,0.001652825,57.60448,211.76338,29.744715,3.217063
Grid_Cell_115,2012,0.2765235,691,574.2028,0.008092955,0.28713492,4405.842,733.0752,0.004163245,51.91142,219.40038,29.870905,3.1838183
Grid_Cell_115,2013,0.27643535,739,530.79913,0.007495044,0.11010687,4544.1147,543.63635,0.002844086,52.01346,220.8936,30.584955,3.0852957
Grid_Cell_115,2014,0.27643535,959,497.11975,0.007662267,0.1091586,4560.372,495.9457,0.003487555,54.045864,207.51761,30.538721,3.138071
Grid_Cell_115,2015,0.27643535,955,531.3786,0.007187551,0.1128971,4677.4766,544.2725,0.00281325,55.65633,204.65715,29.371332,3.2390745
Grid_Cell_115,2016,0.2765235,792,293.76132,0.007482771,0.12007016,4673.307,171.39838,0.000981,67.26771,159.39095,29.844873,3.1689777
Grid_Cell_115,2017,0.27643535,952,179.3896,0.007177678,0.10731678,5037.1455,152.43228,0.000324,77.765785,84.0986,29.703547,3.608887
Grid_Cell_115,2018,0.27643535,1402,206.11409,0.007467154,0.11117106,5084.78,223.99956,0.001846884,80.37697,82.11984,29.915491,3.776967
Grid_Cell_115,2019,0.27643535,1634,256.5708,0.007953738,0.10758098,4928.8096,275.87842,0.000782,76.16114,89.184784,29.367914,3.854432
Grid_Cell_115,2020,0.2765235,2854,601.4907,0.008025529,0.10779775,5041.7275,685.1562,0.006681086,54.129147,213.71725,28.713404,4.162398
Grid_Cell_115,2021,0.27643535,3528,512.49115,0.007428817,0.111193135,5027.4634,506.37314,0.003130271,56.527485,210.57709,28.898676,4.1410027
Grid_Cell_115,2022,0.27643535,3730,585.63385,0.007810174,0.113790005,4817.372,772.46783,0.005640017,51.408554,217.41396,27.791376,4.1643453
Grid_Cell_115,2023,0.27643535,3549,604.31396,0.007644121,0.10975164,4936.7983,580.7052,0.002994925,49.263527,219.16377,29.211573,3.9973853
Grid_Cell_115,2024,0.27652374,4400,612.6671,0.008055679,0.10935465,4919.6475,710.86487,0.004906583,55.268894,214.759,28.639215,4.122982
Grid_Cell_115,2025,0.27643493,5521,577.2296,0.007254514,0.10973959,4889.777,641.87994,0.003759492,50.940323,222.52652,29.05102,4.040273
Grid_Cell_116,2000,0.2744342,142,497.99948,0.005231968,0.30491194,4309.831,423.09418,0.000379,48.14719,208.45123,29.752314,2.6876454
Grid_Cell_116,2001,0.27433562,108,483.20505,0.008219372,0.24176931,3834.2964,559.8515,0.000791,52.78558,200.04498,28.514917,2.536328
Grid_Cell_116,2002,0.27433562,139,464.15143,0.00763605,0.19066395,4122.5244,430.04413,0.000403,58.333595,203.04454,29.356653,2.441111
Grid_Cell_116,2003,0.27433562,183,487.83716,0.008780862,0.2854577,3724.0354,562.923,0.000922,53.377625,208.88896,28.80276,2.3613763
Grid_Cell_116,2004,0.2744399,202,472.8971,0.008185061,0.22750813,3889.0283,472.8052,0.000713,54.802376,211.34537,29.317682,2.4382946
Grid_Cell_116,2005,0.27433562,114,515.56116,0.009115126,0.28660968,3861.468,581.2981,0.001049551,55.45049,217.09245,28.931116,2.5474951
Grid_Cell_116,2006,0.27433562,108,542.4059,0.008082503,0.1452477,4199.3955,621.3273,0.00151776,50.69277,225.33202,29.03979,2.593336
Grid_Cell_116,2007,0.27433562,184,530.09485,0.008052647,0.2697226,4246.0405,576.0299,0.000938,52.02859,229.87433,28.758204,2.7602808
Grid_Cell_116,2008,0.2744399,177,459.5697,0.00859869,0.3489403,3990.5762,539.6501,0.001178108,57.71366,225.22751,28.187372,2.7114387
Grid_Cell_116,2009,0.27433562,163,502.9727,0.008412399,0.37169972,4184.1924,472.27426,0.00074,51.373486,213.37794,29.651392,2.7030435
Grid_Cell_116,2010,0.27433562,329,501.95908,0.008438314,0.18369079,4260.488,614.36774,0.004155736,53.914204,213.3206,29.548944,2.6766467
Grid_Cell_116,2011,0.27433562,283,522.42285,0.007910628,0.22769131,4648.0137,485.61118,0.001917928,58.224022,212.33484,29.706263,3.2713096
Grid_Cell_116,2012,0.2744399,691,578.273,0.008212592,0.28961623,4455.2803,741.4934,0.004280957,52.65883,219.27823,29.826899,3.2614822
Grid_Cell_116,2013,0.27433562,739,535.71094,0.0076213,0.10667515,4602.685,550.463,0.002806784,53.32384,221.07996,30.55929,3.1635492
Grid_Cell_116,2014,0.27433562,959,494.33447,0.007798088,0.11161988,4586.553,496.4501,0.003580901,54.575436,207.8012,30.507776,3.200126
Grid_Cell_116,2015,0.27433562,955,534.32587,0.00723704,0.114343904,4718.1006,544.2477,0.00308162,56.31641,204.89487,29.31875,3.2832868
Grid_Cell_116,2016,0.2744399,792,286.488,0.007510565,0.11076077,4709.239,161.51645,0.001041076,68.20988,156.8548,29.79577,3.2169628
Grid_Cell_116,2017,0.27433562,952,182.83588,0.007244736,0.10674029,5063.142,160.94269,0.000347,78.18569,82.6658,29.668665,3.6471746
Grid_Cell_116,2018,0.27433562,1402,200.72705,0.007511384,0.11509964,5110.307,212.4468,0.001201315,80.97165,79.36344,29.866724,3.8177888
Grid_Cell_116,2019,0.27433562,1634,252.99387,0.008044276,0.10413147,4951.192,274.6667,0.001068524,76.92233,87.658,29.369898,3.8871377
Grid_Cell_116,2020,0.2744399,2854,602.84674,0.008115388,0.103625804,5035.9287,685.16376,0.005735663,54.88093,212.61188,28.668146,4.176025
Grid_Cell_116,2021,0.27433562,3528,518.3448,0.007491461,0.10834814,5042.528,507.48444,0.003109329,56.934406,209.4582,28.883204,4.1609683
Grid_Cell_116,2022,0.27433562,3730,587.0843,0.007892147,0.11295771,4821.615,771.99915,0.005330949,52.405766,215.8235,27.766932,4.1662292
Grid_Cell_116,2023,0.27433562,3549,608.8942,0.007719925,0.11557057,4951.4683,579.2191,0.002587301,49.56604,218.01608,29.207117,4.020776
Grid_Cell_116,2024,0.2744402,4400,612.58405,0.008128434,0.11575604,4925.1177,710.8922,0.004871997,56.18375,212.90398,28.61825,4.1339846
Grid_Cell_116,2025,0.27433562,5521,580.7956,0.007314407,0.107558526,4899.537,642.0217,0.003865216,51.46331,221.54549,28.991114,4.0536637
Grid_Cell_117,2000,0.27672765,142,496.33813,0.005234018,0.37800542,4318.0947,422.10617,0.000398,47.599976,208.4582,29.69665,2.7326062
Grid_Cell_117,2001,0.2766345,108,476.35355,0.008133882,0.23153366,3873.1526,545.13324,0.000769,52.104908,198.09633,28.60824,2.5653007
Grid_Cell_117,2002,0.2766345,139,459.03226,0.007543837,0.16891445,4148.1,429.36694,0.000402,57.426964,201.45877,29.450403,2.4735084
Grid_Cell_117,2003,0.2766345,183,487.87497,0.008705914,0.2759231,3785.7341,561.5427,0.000923,53.093994,208.24567,28.82281,2.3989105
Grid_Cell_117,2004,0.2767325,202,475.53912,0.008100997,0.18383154,3943.6528,481.56055,0.000755,54.323147,211.5701,29.310297,2.484811
Grid_Cell_117,2005,0.2766345,114,509.552,0.009095942,0.32025385,3892.71,569.471,0.00103037,55.223595,217.34651,28.934748,2.596502
Grid_Cell_117,2006,0.2766345,108,535.21204,0.008057897,0.1433212,4220.329,610.87714,0.001429319,50.969597,224.19235,29.054255,2.630939
Grid_Cell_117,2007,0.2766345,184,524.42267,0.00803727,0.24520749,4247.8335,575.8387,0.000908,51.69602,229.7688,28.769342,2.800144
Grid_Cell_117,2008,0.2767325,177,461.852,0.008658598,0.33606514,3995.0273,546.57983,0.001212729,57.008026,225.67569,28.250269,2.7531395
Grid_Cell_117,2009,0.2766345,163,496.88687,0.008447646,0.3375369,4178.985,468.51804,0.0007,50.667282,213.63301,29.655268,2.755612
Grid_Cell_117,2010,0.2766345,329,500.95462,0.008490739,0.11428894,4277.7695,612.6829,0.004316312,53.724422,213.58958,29.601313,2.744181
Grid_Cell_117,2011,0.2766345,283,521.007,0.008041676,0.1777869,4660.7427,485.71918,0.001900942,57.89023,212.29861,29.701899,3.3558302
Grid_Cell_117,2012,0.2767325,691,578.51,0.008345369,0.30062976,4495.7046,741.67224,0.004702551,52.436226,219.06453,29.83877,3.3744261
Grid_Cell_117,2013,0.2766345,739,536.4572,0.007739119,0.092439696,4652.1973,550.47595,0.002762524,53.32114,220.4338,30.50506,3.278241
Grid_Cell_117,2014,0.2766345,959,493.26526,0.007929783,0.0883345,4618.0605,496.2989,0.003485572,54.339317,207.38484,30.526575,3.2892013
Grid_Cell_117,2015,0.2766345,955,531.72095,0.007274058,0.090875424,4743.164,544.26605,0.003186723,55.71266,205.08601,29.309381,3.3475332
Grid_Cell_117,2016,0.2767325,792,284.0679,0.007544455,0.08839143,4741.83,159.74794,0.000834,68.04865,158.26329,29.806574,3.283322
Grid_Cell_117,2017,0.2766345,952,210.67395,0.00733253,0.091750704,5064.0713,198.65088,0.001356394,76.2397,90.51215,29.615076,3.695291
Grid_Cell_117,2018,0.2766345,1402,199.30577,0.007557747,0.08983045,5114.941,200.93509,0.000773,81.26732,82.39828,29.802301,3.8485081
Grid_Cell_117,2019,0.2766345,1634,272.1887,0.008149588,0.08645403,4934.9097,303.58044,0.00196764,74.860794,94.26557,29.386957,3.8883705
Grid_Cell_117,2020,0.2767325,2854,604.50757,0.008199272,0.08586401,5010.538,685.77014,0.006280673,54.80666,213.43286,28.67486,4.1592555
Grid_Cell_117,2021,0.2766345,3528,517.96246,0.007579409,0.08790388,5015.7017,507.57623,0.003307548,56.803436,209.17593,28.916742,4.1529202
Grid_Cell_117,2022,0.2766345,3730,585.8477,0.007995684,0.08779924,4814.274,772.89874,0.005236089,52.91544,215.36932,27.80279,4.1422224
Grid_Cell_117,2023,0.2766345,3549,606.02246,0.007833498,0.089562245,4909.1094,577.89716,0.002400579,49.837288,218.12225,29.230524,3.979577
Grid_Cell_117,2024,0.27673274,4400,609.30035,0.008220714,0.08890961,4903.0415,710.89484,0.005000197,55.900326,213.21742,28.648584,4.1217375
Grid_Cell_117,2025,0.27663356,5521,577.773,0.007395887,0.0871859,4886.632,642.84344,0.004308519,51.529366,221.81735,28.983728,4.0366354
Grid_Cell_118,2000,0.2788206,142,496.39417,0.005511199,0.29273894,4393.0674,419.88348,0.000431,47.58246,207.30461,29.257624,2.7511234
Grid_Cell_118,2001,0.27873313,108,470.41248,0.008130276,0.1974116,3935.788,533.3839,0.000741,51.572865,194.50893,28.573786,2.6178348
Grid_Cell_118,2002,0.27873313,139,456.96188,0.007492248,0.17817894,4218.806,433.41156,0.000424,56.885162,199.39061,29.463343,2.535392
Grid_Cell_118,2003,0.27873313,183,494.0461,0.008648236,0.094429836,3933.0376,561.03516,0.000911,52.46234,206.93723,28.769556,2.4673693
Grid_Cell_118,2004,0.2788254,202,482.974,0.008031601,0.11089243,4057.9443,493.76782,0.000788,53.497105,210.16681,29.232325,2.5620651
Grid_Cell_118,2005,0.27873313,114,508.78088,0.009044633,0.22665428,3984.9177,560.5211,0.000987,54.833023,215.69489,28.969416,2.6673925
Grid_Cell_118,2006,0.27873313,108,533.2907,0.007981756,0.11628975,4242.1147,596.2043,0.001181497,51.339245,221.20529,29.18896,2.659295
Grid_Cell_118,2007,0.27873313,184,522.09094,0.00797342,0.228124,4250.1875,572.51556,0.000831,51.20821,227.68367,28.905298,2.8219247
Grid_Cell_118,2008,0.2788254,177,470.27988,0.008676395,0.14122954,4010.456,562.56433,0.001265615,56.15585,225.04745,28.393244,2.7763295
Grid_Cell_118,2009,0.27873287,163,490.0148,0.008430598,0.33802196,4194.4136,457.48694,0.000606,50.405407,211.95381,29.758387,2.796194
Grid_Cell_118,2010,0.27873313,329,506.26175,0.008487376,0.22297646,4289.581,618.94257,0.004041062,53.25884,211.8594,29.736933,2.7907906
Grid_Cell_118,2011,0.27873313,283,522.9618,0.008112271,0.0998706,4662.878,485.7084,0.002012363,57.284023,211.02911,29.752771,3.4051795
Grid_Cell_118,2012,0.2788254,691,580.1105,0.008423365,0.3334857,4507.875,741.5753,0.005033671,52.18633,217.17346,29.915613,3.431325
Grid_Cell_118,2013,0.27873313,739,537.93787,0.007810246,0.08772146,4662.095,550.59375,0.003213281,52.998295,218.9984,30.587427,3.3399875
Grid_Cell_118,2014,0.27873313,959,494.801,0.008003969,0.084870845,4646.6235,496.2978,0.002896384,54.69467,205.63715,30.60827,3.3409135
Grid_Cell_118,2015,0.27873302,955,531.0178,0.007307321,0.08321132,4750.41,544.158,0.002901503,54.654907,203.97455,29.35238,3.4044168
Grid_Cell_118,2016,0.27882513,792,284.60425,0.007594861,0.08454302,4761.8135,163.01248,0.000856,68.18649,159.19249,29.81347,3.3363276
Grid_Cell_118,2017,0.27873313,952,198.5326,0.007433643,0.0840772,5068.609,179.05644,0.000989,77.57618,87.92542,29.597132,3.7353938
Grid_Cell_118,2018,0.27873313,1402,194.56133,0.00763437,0.082188405,5111.546,196.93692,0.000798,81.97166,78.370735,29.770502,3.8703916
Grid_Cell_118,2019,0.27873313,1634,280.5965,0.008269255,0.082337804,4949.3613,318.8862,0.002870647,74.54924,93.936676,29.413782,3.9162815
Grid_Cell_118,2020,0.2788254,2854,599.9721,0.008304019,0.07681547,5003.416,685.38776,0.007455717,54.715828,212.81082,28.709223,4.178791
Grid_Cell_118,2021,0.27873313,3528,517.81445,0.007696587,0.086873814,5018.742,507.79547,0.003508397,56.859493,208.34727,28.953913,4.181037
Grid_Cell_118,2022,0.27873313,3730,584.84546,0.008119698,0.07792672,4809.9253,773.82434,0.006203459,53.189327,214.15776,27.831629,4.1596193
Grid_Cell_118,2023,0.27873313,3549,605.9782,0.007961761,0.08316673,4907.8813,578.49225,0.002798137,50.13287,217.4332,29.247858,3.9933443
Grid_Cell_118,2024,0.2788252,4400,605.9775,0.008318711,0.08317254,4907.0024,710.8903,0.005294011,56.18958,212.07509,28.665796,4.1355824
Grid_Cell_118,2025,0.27873287,5521,577.15155,0.007493286,0.08384888,4896.1484,643.12134,0.004756083,51.580032,220.97754,28.988062,4.0667763
Grid_Cell_119,2000,0.27884296,142,495.8393,0.005828692,0.16074982,4481.145,417.77606,0.000497,46.925076,205.21071,28.771875,2.7898662
Grid_Cell_119,2001,0.27875808,108,461.91397,0.00814091,0.210471,3912.2444,525.27747,0.000729,47.586205,190.17842,28.528894,2.6917732
Grid_Cell_119,2002,0.27875835,139,449.09622,0.007449036,0.31754297,4195.6323,440.57626,0.000498,51.483334,200.09863,29.472742,2.6241248
Grid_Cell_119,2003,0.27875808,183,499.2495,0.00859613,0.32913303,4019.872,560.81805,0.00096,48.861908,209.21974,28.713953,2.5873694
Grid_Cell_119,2004,0.27884677,202,482.48068,0.007966932,0.31454647,4065.0056,506.89166,0.000867,47.254227,211.88463,29.15243,2.6865869
Grid_Cell_119,2005,0.27875808,114,506.44485,0.008951647,0.30983064,3964.204,551.3476,0.000999,49.20827,217.004,29.145044,2.753865
Grid_Cell_119,2006,0.27875808,108,526.7416,0.007858554,0.25954607,4117.0977,581.30566,0.001050856,46.76341,219.40862,29.68371,2.6946375
Grid_Cell_119,2007,0.27875832,184,524.24774,0.007869112,0.22989778,4143.0713,568.3392,0.000841,46.91376,225.12996,29.526209,2.8521645
Grid_Cell_119,2008,0.27884725,177,468.8151,0.008663984,0.25411397,3927.3577,579.12396,0.001410219,51.21832,223.71312,28.833399,2.7916641
Grid_Cell_119,2009,0.27875808,163,474.48444,0.008365287,0.26687294,4102.376,444.99457,0.00057,45.850925,211.26346,30.208307,2.8357832
Grid_Cell_119,2010,0.27875808,329,507.35904,0.008455821,0.11415525,4162.0376,596.76917,0.00253388,47.87145,210.48405,30.285364,2.8307905
Grid_Cell_119,2011,0.27875835,283,523.54065,0.008133734,0.2318977,4568.6245,484.72128,0.001745199,52.047173,209.00839,30.144312,3.4753165
Grid_Cell_119,2012,0.27884725,691,577.16583,0.008434802,0.30091575,4433.161,726.85205,0.004337654,46.20272,212.96648,30.395716,3.5277731
Grid_Cell_119,2013,0.27875808,739,523.3903,0.007849711,0.08566582,4595.502,541.8954,0.003066623,48.98735,217.82204,31.148249,3.454337
Grid_Cell_119,2014,0.27875808,959,487.13843,0.008021588,0.08626744,4593.4185,485.56586,0.002763178,50.21148,204.5367,31.08883,3.451256
Grid_Cell_119,2015,0.27875823,955,520.1854,0.007347506,0.085209794,4679.944,540.63184,0.00301199,50.19246,200.78609,29.89422,3.5699306
Grid_Cell_119,2016,0.27884725,792,286.1089,0.00766561,0.08947099,4672.0947,163.13957,0.000657,62.994186,159.6619,30.284693,3.4816828
Grid_Cell_119,2017,0.27875835,952,175.66144,0.007604212,0.08881755,4970.7246,148.25592,0.000313,74.30669,83.122665,29.967798,3.8559759
Grid_Cell_119,2018,0.27875808,1402,178.6,0.007829443,0.087165624,4961.476,184.00392,0.000599,78.235275,73.01204,29.87417,3.9306998
Grid_Cell_119,2019,0.27875835,1634,280.65158,0.008429454,0.07816516,4830.629,315.84708,0.001578897,69.681694,93.919624,29.446741,3.9833019
Grid_Cell_119,2020,0.27884755,2854,590.1031,0.008447865,0.07962085,4874.957,648.6184,0.003968839,50.91479,214.38097,28.702753,4.220321
Grid_Cell_119,2021,0.27875835,3528,524.10547,0.007873992,0.08930267,4906.988,509.53967,0.002907041,51.804817,205.37578,28.938623,4.251379
Grid_Cell_119,2022,0.27875835,3730,572.5486,0.008302643,0.09287818,4683.296,746.04456,0.005642565,49.08202,207.57399,27.835443,4.2187977
Grid_Cell_119,2023,0.27875835,3549,590.8366,0.00814632,0.082384504,4807.7314,528.0498,0.001856329,46.31648,210.46452,29.245417,4.072762
Grid_Cell_119,2024,0.2788461,4400,591.34753,0.008464699,0.088396564,4783.4463,758.5838,0.006934705,52.21064,200.87944,28.64361,4.194714
Grid_Cell_119,2025,0.27875686,5521,557.82385,0.007647215,0.09325219,4869.8506,585.4067,0.003681081,51.05787,217.13815,28.980463,4.126756
Grid_Cell_12,2000,0.15200882,142,907.7466,0.007801346,0.31009746,4179.035,958.3324,0.002710636,47.732502,253.0783,29.024347,2.511253
Grid_Cell_12,2001,0.15195999,108,862.2602,0.010523118,0.29000416,3652.777,1162.9159,0.005109171,56.03162,263.08917,27.347712,2.3812938
Grid_Cell_12,2002,0.15195999,139,861.46185,0.010361498,0.31029218,3819.026,967.64435,0.002858151,54.093845,247.5249,28.085901,2.327207
Grid_Cell_12,2003,0.15195999,183,787.1624,0.011252157,0.24707432,3543.2969,958.8888,0.002914192,61.015556,259.09784,27.423456,2.2441502
Grid_Cell_12,2004,0.15200874,202,854.3481,0.010989012,0.3319746,3627.5757,1053.1635,0.004791796,57.95349,259.9947,27.756922,2.2793806
Grid_Cell_12,2005,0.15195999,114,843.0927,0.011046055,0.31124252,3759.93,1081.0411,0.005919342,60.02412,259.42358,27.275537,2.3318102
Grid_Cell_12,2006,0.15195999,108,966.2573,0.009671072,0.22301175,4235.442,1353.0671,0.007096065,54.16476,266.10822,27.286432,2.511521
Grid_Cell_12,2007,0.15195999,184,967.9797,0.010114167,0.2729858,4092.1895,1179.3168,0.004637688,53.763866,265.93878,26.87057,2.5939453
Grid_Cell_12,2008,0.15200873,177,823.8536,0.010059726,0.21979144,3904.8406,1147.7865,0.005434655,62.009262,258.87466,26.322412,2.4827502
Grid_Cell_12,2009,0.15195999,163,897.99023,0.01070981,0.2714939,4004.0269,975.9647,0.003719438,58.587097,250.83128,27.366877,2.5068107
Grid_Cell_12,2010,0.15195999,329,924.2185,0.010271051,0.18147379,4147.1216,1041.7734,0.00731114,57.85151,255.2742,27.281427,2.5737016
Grid_Cell_12,2011,0.15195999,283,944.41345,0.009229224,0.22704057,4333.0444,1005.6517,0.006869199,59.62335,248.40712,27.295557,2.6816177
Grid_Cell_12,2012,0.15200874,691,984.0265,0.009838282,0.21694283,4073.2212,1359.3029,0.017881438,53.363735,269.20334,27.48791,2.6782854
Grid_Cell_12,2013,0.15195999,739,1005.9743,0.009277314,0.062754944,4201.4727,1109.4236,0.010197849,51.094307,257.32892,28.189844,2.5377614
Grid_Cell_12,2014,0.15195999,959,1024.9115,0.009436369,0.06642847,4226.36,1136.1244,0.009263213,50.77308,255.91562,28.083948,2.5821807
Grid_Cell_12,2015,0.15195999,955,921.3579,0.008884626,0.06329665,4299.086,967.9079,0.007410966,60.01805,246.86143,27.009638,2.4709923
Grid_Cell_12,2016,0.15200873,792,473.6167,0.009230975,0.061164092,4338.026,300.8403,0.002198743,84.140076,163.41882,27.471582,2.4153917
Grid_Cell_12,2017,0.15195999,952,306.1794,0.008641219,0.063178465,4511.995,314.34805,0.001501805,96.63155,88.90158,27.698633,2.6363869
Grid_Cell_12,2018,0.15195999,1402,606.4474,0.009036373,0.07287591,4473.753,708.3223,0.012559189,82.36744,142.80153,28.536554,2.7796383
Grid_Cell_12,2019,0.15195999,1634,763.22253,0.009795547,0.065689914,4134.3247,1102.126,0.012741544,70.469505,206.3415,27.771662,2.7515554
Grid_Cell_12,2020,0.15200873,2854,911.66046,0.009757618,0.05878036,4274.5923,1123.5012,0.014863272,60.701492,263.01917,26.931543,2.9977803
Grid_Cell_12,2021,0.15195999,3528,848.16486,0.00925694,0.06249068,4232.854,936.6797,0.009691154,60.64335,250.77629,27.257807,2.9037764
Grid_Cell_12,2022,0.15195999,3730,908.232,0.009218599,0.06513784,4108.025,1285.4009,0.018275838,55.544273,262.90616,26.440393,3.0122223
Grid_Cell_12,2023,0.15195999,3549,941.45,0.009134768,0.06594926,4167.217,1036.2859,0.00939389,52.285397,258.9228,27.788996,2.8282416
Grid_Cell_12,2024,0.152009,4400,965.3687,0.009462738,0.06582427,4246.6846,1099.9954,0.012257941,62.853085,256.28333,27.250513,2.944005
Grid_Cell_12,2025,0.1519589,5521,879.2441,0.00877145,0.071456514,4123.857,1162.9617,0.015022132,58.89249,262.05573,27.66134,2.8360026
Grid_Cell_120,2000,0.26447782,142,486.66614,0.006244052,0.11502502,4553.342,417.77176,0.000587,51.75843,208.3462,28.33993,2.8745604
Grid_Cell_120,2001,0.26439726,108,458.77765,0.008208622,0.11345454,4060.7764,520.1388,0.000739,50.823517,194.45206,28.4891,2.791054
Grid_Cell_120,2002,0.26439726,139,447.0853,0.007524303,0.22288781,4361.292,446.36185,0.000585,55.479107,204.57404,29.553186,2.7520359
Grid_Cell_120,2003,0.26439726,183,500.9775,0.008876051,0.20594175,4121.415,560.34937,0.001026462,53.466007,213.2615,28.813562,2.752575
Grid_Cell_120,2004,0.26448143,202,483.13123,0.008233022,0.22551392,4168.3945,513.9086,0.000928,51.95051,214.47812,29.198938,2.8610747
Grid_Cell_120,2005,0.26439726,114,505.13046,0.009120445,0.158388,4077.0867,543.8556,0.001038843,53.39369,217.95227,29.263086,2.8769128
Grid_Cell_120,2006,0.26439726,108,519.5024,0.007935746,0.19112657,4237.008,569.7583,0.000998,51.977085,219.26718,29.784296,2.7679594
Grid_Cell_120,2007,0.26439726,184,519.19763,0.007993057,0.13874055,4253.1753,563.7568,0.00093,51.36992,224.6694,29.69903,2.9187741
Grid_Cell_120,2008,0.26448143,177,467.53128,0.008874117,0.111098595,4009.3418,593.3152,0.001574238,55.31684,225.0783,28.96618,2.859253
Grid_Cell_120,2009,0.26439726,163,462.40787,0.008524883,0.18460844,4212.9116,435.89447,0.000565,50.55382,212.88036,30.329432,2.907427
Grid_Cell_120,2010,0.26439726,329,508.35913,0.008621952,0.13246103,4250.2666,600.66034,0.002859925,51.990974,212.78871,30.397425,2.8546605
Grid_Cell_120,2011,0.26439726,283,521.8753,0.008278299,0.12215466,4683.4336,484.33466,0.001481497,56.27835,210.7753,30.262293,3.5350769
Grid_Cell_120,2012,0.26448143,691,578.47015,0.008567316,0.21823074,4563.306,725.70496,0.003253234,49.370453,214.69513,30.550806,3.6295834
Grid_Cell_120,2013,0.26439726,739,518.3078,0.008027711,0.07914192,4728.4165,541.0994,0.003311014,53.25412,219.46228,31.267817,3.5534806
Grid_Cell_120,2014,0.26439726,959,485.37695,0.008200934,0.07800977,4737.6235,484.70294,0.001981774,54.855183,207.07889,31.194239,3.562797
Grid_Cell_120,2015,0.26439726,955,522.40375,0.007483575,0.08283518,4898.751,540.0508,0.001793675,54.214687,203.26614,29.912317,3.7926018
Grid_Cell_120,2016,0.26448143,792,275.12836,0.007813471,0.084503755,4856.4717,150.36684,0.000416,68.30733,161.97293,30.211725,3.6874204
Grid_Cell_120,2017,0.26439726,952,182.94388,0.007787969,0.08106772,5123.6025,156.87648,0.000362,77.79863,86.65831,29.962702,4.037825
Grid_Cell_120,2018,0.26439726,1402,185.90297,0.008028367,0.08294973,5060.9453,192.55212,0.000576,82.05628,76.45495,29.93249,4.0331316
Grid_Cell_120,2019,0.26439726,1634,299.98248,0.008625067,0.074819416,4933.8525,340.67734,0.002025627,72.64881,105.44427,29.425226,4.1000485
Grid_Cell_120,2020,0.26448143,2854,585.1648,0.008658404,0.07498955,4969.886,642.60846,0.003196199,55.5247,218.28828,28.65127,4.3501368
Grid_Cell_120,2021,0.26439726,3528,522.1896,0.008126492,0.06655654,5017.4434,511.0452,0.00280037,55.972946,208.65532,28.868952,4.3907285
Grid_Cell_120,2022,0.26439726,3730,575.9538,0.008555893,0.0777839,4763.2046,752.0904,0.005813565,52.535137,211.22963,27.77093,4.351058
Grid_Cell_120,2023,0.26439726,3549,582.26355,0.008382367,0.07472,4916.8496,518.76935,0.001743,50.976536,211.32361,29.15182,4.2283783
Grid_Cell_120,2024,0.2644816,4400,582.0117,0.008705375,0.07298987,4876.673,766.6146,0.008842424,57.380543,201.92294,28.533258,4.3434887
Grid_Cell_120,2025,0.26439726,5521,544.4605,0.007913176,0.077246666,4953.344,572.1962,0.003989654,56.257473,218.53777,28.861506,4.254488
Grid_Cell_121,2000,0.25092116,142,473.96124,0.00718576,0.30677736,4451.1357,420.6398,0.000673,54.923565,213.75566,28.410303,3.0175054
Grid_Cell_121,2001,0.25085944,108,451.37317,0.009085098,0.15072754,4042.8743,516.9409,0.000759,56.274246,204.4796,28.369959,2.9706774
Grid_Cell_121,2002,0.25085944,139,430.36578,0.008614629,0.27336925,4322.4727,448.97327,0.000671,61.214424,214.54924,29.390833,2.9236796
Grid_Cell_121,2003,0.25085944,183,495.97495,0.009292404,0.14416003,4152.052,558.8287,0.001109445,56.542263,223.19052,28.907984,2.9736023
Grid_Cell_121,2004,0.25092515,202,478.21127,0.00863961,0.1460183,4298.3193,507.54544,0.000905,57.079945,219.2477,29.22555,3.083001
Grid_Cell_121,2005,0.25085944,114,502.0946,0.009442897,0.30658016,4191.776,541.22363,0.001094668,57.93429,220.4001,29.325708,3.0857143
Grid_Cell_121,2006,0.25085944,108,517.9828,0.008191441,0.14049587,4368.369,572.6516,0.00103663,56.889305,222.04356,29.818232,2.9739869
Grid_Cell_121,2007,0.25085944,184,512.9196,0.008317873,0.16604272,4389.383,556.58984,0.00102811,56.2365,226.13136,29.886286,3.130007
Grid_Cell_121,2008,0.25092515,177,465.1585,0.009263109,0.10903266,4126.414,593.74274,0.001562408,59.515476,227.5118,29.12713,3.080974
Grid_Cell_121,2009,0.25085944,163,458.70563,0.008886475,0.16026837,4343.797,438.5707,0.000573,54.626953,216.13823,30.443262,3.1175299
Grid_Cell_121,2010,0.25085944,329,507.75757,0.009029246,0.11802452,4371.382,598.4507,0.002780884,56.74915,216.59901,30.542719,3.0668523
Grid_Cell_121,2011,0.25085944,283,520.8677,0.00880683,0.22022676,4930.7393,484.33466,0.001131031,61.17881,213.0041,30.338587,3.8985014
Grid_Cell_121,2012,0.25092515,691,580.607,0.009053487,0.19679794,4886.626,725.7168,0.002824389,53.31361,217.44377,30.552881,4.0048904
Grid_Cell_121,2013,0.25085944,739,517.8553,0.00861805,0.074125364,4988.551,541.4591,0.002338867,57.117847,221.75249,31.213495,3.9198847
Grid_Cell_121,2014,0.25085944,959,479.13885,0.008790773,0.07380797,5016.013,484.53876,0.00207839,59.767597,211.02797,31.10296,3.9206054
Grid_Cell_121,2015,0.25085944,955,520.42303,0.008024647,0.07362897,5160.082,540.2333,0.001570692,58.988194,208.25984,29.70489,4.137602
Grid_Cell_121,2016,0.25092515,792,264.66592,0.008353331,0.07325404,5058.038,139.913,0.000379,74.38388,168.22437,29.98495,3.9733834
Grid_Cell_121,2017,0.25085944,952,159.36856,0.008337352,0.071997,5329.6343,124.77888,0.0002,84.35658,87.79033,29.842493,4.314024
Grid_Cell_121,2018,0.25085944,1402,171.36725,0.008585148,0.080683105,5257.7827,181.85472,0.000568,87.958244,76.10733,29.981958,4.262001
Grid_Cell_121,2019,0.25085944,1634,296.13553,0.009304721,0.069596335,5022.685,342.0198,0.002021551,78.592224,108.91177,29.231684,4.3236785
Grid_Cell_121,2020,0.25092512,2854,577.0848,0.00961392,0.071946084,4994.246,642.5557,0.002070191,62.347656,223.92776,28.37591,4.623805
Grid_Cell_121,2021,0.25085944,3528,517.9754,0.009220803,0.06774329,4971.3965,513.0,0.001789664,63.1762,215.69795,28.473047,4.555626
Grid_Cell_121,2022,0.25085944,3730,581.00824,0.00950613,0.072074555,4742.9346,765.7524,0.006802456,58.170467,219.79457,27.490961,4.58164
Grid_Cell_121,2023,0.25085944,3549,567.0863,0.009417295,0.08487631,4836.1055,516.84045,0.001754353,58.978218,216.89197,28.65899,4.3972826
Grid_Cell_121,2024,0.25092533,4400,577.7418,0.009705689,0.07316773,4841.851,766.6612,0.00803723,64.711266,211.3044,28.115229,4.564325
Grid_Cell_121,2025,0.2508596,5521,536.01355,0.009082641,0.070342764,4801.25,576.0262,0.002962211,63.612213,224.24109,28.350977,4.3950157
Grid_Cell_122,2000,0.2440468,142,466.33206,0.008120034,0.31925243,4142.8354,426.19714,0.001189525,55.002182,235.58015,28.451624,3.2178128
Grid_Cell_122,2001,0.24397945,108,463.42703,0.009951985,0.1887326,3879.4792,515.9387,0.001250093,57.37357,232.26657,28.221674,3.17328
Grid_Cell_122,2002,0.24397945,139,438.79413,0.009781872,0.25525874,4157.9062,448.71515,0.001097014,63.912094,236.82524,29.213526,3.1310427
Grid_Cell_122,2003,0.24397945,183,516.93774,0.010624462,0.19557534,3905.91,556.6482,0.001805021,59.86646,244.47263,28.857904,3.2133968
Grid_Cell_122,2004,0.24405055,202,480.0746,0.009994494,0.24528302,4066.433,491.05368,0.001314324,60.672993,239.22896,29.005487,3.3177345
Grid_Cell_122,2005,0.24397945,114,514.97577,0.010895441,0.2607822,4006.9507,542.52185,0.001816538,64.24223,240.35776,28.78625,3.4388993
Grid_Cell_122,2006,0.24397945,108,546.6352,0.009970626,0.1149245,4271.6,587.3688,0.001807658,64.45209,243.04869,28.803553,3.4311786
Grid_Cell_122,2007,0.24397945,184,531.89954,0.010323524,0.32499847,4226.983,546.10846,0.001685832,59.499058,243.8402,29.294641,3.6582263
Grid_Cell_122,2008,0.24405055,177,493.2566,0.01107842,0.12916262,4016.0115,584.3929,0.002255386,61.243263,248.36534,28.675287,3.6303935
Grid_Cell_122,2009,0.24397945,163,476.31717,0.010906379,0.29042885,4168.0557,451.45187,0.000935,57.627472,239.10188,29.772486,3.625646
Grid_Cell_122,2010,0.24397945,329,505.3978,0.011953294,0.13133477,4063.9385,590.6563,0.00590924,63.618256,242.8153,29.406672,3.8190782
Grid_Cell_122,2011,0.24397945,283,485.70828,0.013292426,0.25954282,4284.4097,488.7281,0.002059205,72.03832,243.33572,28.327753,4.8167205
Grid_Cell_122,2012,0.24405055,691,572.6842,0.013647169,0.2709938,4077.9177,723.7889,0.007972527,65.07989,256.9322,28.30575,4.6686544
Grid_Cell_122,2013,0.24397945,739,496.1268,0.013708499,0.06733031,4167.9487,542.025,0.005799086,71.53287,250.21756,28.821924,4.5483437
Grid_Cell_122,2014,0.24397945,959,460.05093,0.013644085,0.06938207,4155.8247,486.4223,0.005775223,73.93268,243.19331,28.647211,4.5316668
Grid_Cell_122,2015,0.24397945,955,501.55655,0.012822003,0.06417346,4048.4355,541.16205,0.003146894,75.821526,246.22127,26.639948,5.029314
Grid_Cell_122,2016,0.24405055,792,351.26605,0.013086801,0.068613596,3940.5693,302.9998,0.002386704,84.26433,231.85828,26.778498,4.779019
Grid_Cell_122,2017,0.24397945,952,290.52377,0.013021277,0.06348715,4153.0625,236.62367,0.001169093,90.05442,198.19647,26.958887,5.0467634
Grid_Cell_122,2018,0.24397945,1402,215.68613,0.01362187,0.0643705,4139.8184,193.84811,0.001110027,96.07336,166.3832,27.757563,4.8670697
Grid_Cell_122,2019,0.24397945,1634,300.81732,0.013212711,0.051822603,3995.2043,334.854,0.003108935,89.12013,172.8625,26.998407,4.8157334
Grid_Cell_122,2020,0.24405055,2854,566.7656,0.013276731,0.06751796,4066.4563,643.19653,0.003014829,70.50889,259.5667,27.085932,5.1690235
Grid_Cell_122,2021,0.24397945,3528,515.4147,0.0131682,0.0721673,3957.4604,525.218,0.002211236,74.29825,251.01012,26.840967,4.9884
Grid_Cell_122,2022,0.24397945,3730,629.7087,0.012963944,0.057992347,3880.5413,788.1484,0.005172254,65.1941,257.25284,26.228876,5.105544
Grid_Cell_122,2023,0.24397945,3549,531.63745,0.013289281,0.06788841,3794.8086,516.85345,0.001548699,73.156364,251.63225,26.798182,4.7351937
Grid_Cell_122,2024,0.24405065,4400,592.6261,0.013231754,0.07161651,3927.7578,766.93445,0.006466043,74.329025,256.13626,26.510675,5.0395703
Grid_Cell_122,2025,0.24397945,5521,534.8488,0.013158555,0.062040575,3715.242,574.6032,0.002422122,74.85988,257.4201,26.611628,4.7273207
Grid_Cell_123,2000,0.20571852,142,517.80237,0.008771872,0.4641221,4232.781,432.7015,0.004389887,54.848858,266.2566,28.513239,3.3870988
Grid_Cell_123,2001,0.20567808,108,478.22736,0.010580926,0.403715,3969.376,516.4679,0.004136675,57.658646,237.69218,28.101557,3.3242047
Grid_Cell_123,2002,0.20567808,139,443.25128,0.01062443,0.40801856,4091.4028,447.7734,0.00352212,58.911415,245.26721,29.058832,3.2839537
Grid_Cell_123,2003,0.20567808,183,518.25214,0.011586113,0.43931973,3814.3433,554.2679,0.005859952,55.97122,260.28574,28.81698,3.4093215
Grid_Cell_123,2004,0.20572294,202,480.95346,0.010983135,0.41148588,4109.6733,470.4443,0.004117332,60.9035,249.1791,28.828424,3.499292
Grid_Cell_123,2005,0.20567808,114,510.19788,0.012510835,0.4760122,3941.5054,544.51764,0.005911829,68.464836,249.50346,27.998896,3.7998924
Grid_Cell_123,2006,0.20567808,108,546.50775,0.012403232,0.4308897,4121.877,605.5333,0.007063432,75.32516,269.61557,27.267298,3.9462814
Grid_Cell_123,2007,0.20567808,184,535.2291,0.013029342,0.43555513,4155.5747,533.92505,0.005804274,70.35011,279.18686,28.259424,4.2748356
Grid_Cell_123,2008,0.20572294,177,499.83737,0.0134627,0.4321406,3929.5344,572.5238,0.006941947,63.251793,282.0415,27.870478,4.27609
Grid_Cell_123,2009,0.20567808,163,505.64026,0.013613762,0.4312891,3937.4395,467.27927,0.003828147,59.046715,286.0846,28.682184,4.221331
Grid_Cell_123,2010,0.20567808,329,529.30676,0.01377502,0.33286083,3994.0942,594.0281,0.011358352,63.25729,277.94992,28.716303,4.2139754
Grid_Cell_123,2011,0.20567808,283,560.42694,0.01330136,0.4476264,4436.1626,558.61163,0.008828513,65.0232,281.95334,28.274134,4.9125085
Grid_Cell_123,2012,0.20572294,691,571.28516,0.013655482,0.3995903,4227.5957,691.9276,0.024694491,62.94331,286.79333,28.246515,4.756735
Grid_Cell_123,2013,0.20567808,739,536.4464,0.013729482,0.034342427,4324.989,552.98914,0.014450661,67.21401,292.342,28.749598,4.647248
Grid_Cell_123,2014,0.20567808,959,493.2912,0.013674359,0.03213844,4302.4194,513.3294,0.016512524,70.66739,266.53516,28.5729,4.615571
Grid_Cell_123,2015,0.20567808,955,518.19824,0.012952061,0.050990447,4199.0073,550.9048,0.007841134,72.74632,267.64105,26.546717,5.2688003
Grid_Cell_123,2016,0.20572294,792,369.84302,0.013108932,0.03598082,4096.2363,305.71396,0.007075062,79.90596,244.39517,26.604242,5.0384107
Grid_Cell_123,2017,0.20567808,952,254.40855,0.0130859,0.02682858,4316.617,230.64372,0.003734836,89.71711,182.68211,26.820276,5.2651196
Grid_Cell_123,2018,0.20567808,1402,178.36781,0.0136696,0.038305283,4293.8867,183.58487,0.003444545,96.815506,161.75758,27.596643,5.0567956
Grid_Cell_123,2019,0.20567808,1634,275.05392,0.013501461,0.03611457,4067.7446,319.14432,0.007977585,89.39683,170.21562,26.842463,4.9388156
Grid_Cell_123,2020,0.20572294,2854,627.8332,0.01374821,0.012696439,4094.3723,664.5049,0.013518808,64.7671,325.6644,27.022821,5.3277664
Grid_Cell_123,2021,0.20567808,3528,580.13367,0.013703177,0.023835462,3986.6414,541.1351,0.007781634,68.28169,308.6695,26.776117,5.160797
Grid_Cell_123,2022,0.20567808,3730,689.3225,0.013465893,0.049363986,3924.3662,831.1853,0.019715013,60.067802,311.2548,26.14953,5.2957153
Grid_Cell_123,2023,0.20567808,3549,612.27893,0.013885035,0.008328403,3780.3438,553.4773,0.006924312,66.21736,314.00693,26.673395,4.8730016
Grid_Cell_123,2024,0.20572263,4400,656.3259,0.013734109,0.036227223,3972.2632,785.29114,0.016256625,68.752235,299.7731,26.432459,5.2225313
Grid_Cell_123,2025,0.20567808,5521,582.75854,0.013715437,0.022287238,3831.3013,550.8161,0.008140681,76.04456,314.67932,26.541132,4.9159536
Grid_Cell_124,2000,0.29115584,142,498.98965,0.0053478,0.25560132,4245.224,443.49722,0.00098,46.11234,219.22374,29.161127,2.5550182
Grid_Cell_124,2001,0.29111642,108,555.1169,0.00880306,0.17305043,3632.429,670.1605,0.00226338,48.531597,222.61101,27.800653,2.5587254
Grid_Cell_124,2002,0.29111642,139,521.5826,0.00843631,0.16647503,3898.0217,514.81226,0.000986,54.4155,225.52177,28.535395,2.4367962
Grid_Cell_124,2003,0.29111642,183,594.04974,0.009306969,0.15631463,3486.8252,719.8297,0.003078613,46.570343,241.62183,28.132868,2.3361366
Grid_Cell_124,2004,0.29116118,202,545.25433,0.008447601,0.2228074,3752.9822,552.2333,0.001390772,50.042618,233.3219,28.893274,2.4247017
Grid_Cell_124,2005,0.29111642,114,592.1731,0.008823055,0.17759769,3712.2397,663.6719,0.002155558,45.966335,236.13614,28.906488,2.5558171
Grid_Cell_124,2006,0.29111642,108,601.0866,0.008059181,0.15998295,3974.1907,659.81195,0.00205475,44.006516,240.36978,29.163874,2.5938842
Grid_Cell_124,2007,0.29111642,184,586.68036,0.007671523,0.15306559,4148.5,597.39984,0.001757106,47.29297,237.16045,28.761621,2.7026098
Grid_Cell_124,2008,0.29116118,177,527.6381,0.007893318,0.14814202,3927.7815,606.69214,0.002315813,47.95174,232.87059,28.174036,2.7212064
Grid_Cell_124,2009,0.29111642,163,569.60004,0.007597625,0.12735456,4045.1394,562.16156,0.001711185,41.32607,227.18973,29.79513,2.6208174
Grid_Cell_124,2010,0.29111642,329,639.5111,0.007788082,0.19024244,4016.4712,723.019,0.004917182,40.676395,230.88249,29.398615,2.590003
Grid_Cell_124,2011,0.29111642,283,637.2884,0.006878189,0.1657491,4921.089,614.8926,0.002581695,45.41579,223.24635,29.593775,3.60357
Grid_Cell_124,2012,0.29116118,691,656.372,0.007420974,0.10323558,4835.8604,738.7319,0.004551329,40.49013,223.92188,29.77453,3.777295
Grid_Cell_124,2013,0.29111642,739,601.6417,0.00705204,0.10378296,4816.595,594.9655,0.003192432,43.088943,221.37926,30.479395,3.6072478
Grid_Cell_124,2014,0.29111642,959,578.2494,0.007163013,0.09878467,5038.7744,588.7426,0.003975568,44.651184,207.97684,30.612787,3.8002286
Grid_Cell_124,2015,0.29111642,955,546.1379,0.006786523,0.10536931,5099.638,551.4307,0.002704514,47.00316,204.73973,29.103266,3.8579443
Grid_Cell_124,2016,0.29116118,792,339.5456,0.007311088,0.10052879,4934.2944,274.54736,0.007320318,60.399754,172.51244,29.862207,3.6757743
Grid_Cell_124,2017,0.29111642,952,185.065,0.006773585,0.10158451,5225.8657,141.97896,0.000789,71.58261,104.42349,29.533197,3.9419692
Grid_Cell_124,2018,0.29111642,1402,159.835,0.007074983,0.10724937,5160.186,164.01312,0.002360476,80.18755,87.37572,29.850916,3.8951519
Grid_Cell_124,2019,0.29111642,1634,188.20789,0.00755681,0.12547095,5014.5493,199.93823,0.00142086,76.4043,88.809494,29.394434,3.92861
Grid_Cell_124,2020,0.29116118,2854,720.5208,0.007738374,0.102346785,4951.3457,837.6621,0.008275447,40.81553,239.13379,28.491236,4.1904716
Grid_Cell_124,2021,0.29111642,3528,593.7827,0.007010793,0.1038325,4969.6094,603.5818,0.005085497,46.813667,231.52136,28.833185,4.0622354
Grid_Cell_124,2022,0.29111642,3730,641.9537,0.00740077,0.10213343,4738.806,756.86505,0.007964212,40.416897,233.81308,27.786829,4.1074963
Grid_Cell_124,2023,0.29111642,3549,684.7955,0.007436662,0.10058193,4792.6504,710.8128,0.009617579,39.301273,239.86304,29.198969,3.9311182
Grid_Cell_124,2024,0.29116166,4400,687.0041,0.007882002,0.10523201,4788.401,807.6865,0.010904013,44.044113,235.9556,28.5292,4.122044
Grid_Cell_124,2025,0.29111642,5521,627.6164,0.007011534,0.10253189,4737.8184,704.29724,0.008328944,44.34959,237.4655,29.108484,3.9142647
Grid_Cell_125,2000,0.2690639,142,498.1342,0.005898497,0.1713229,4537.8667,433.8328,0.000582,54.098232,200.20367,28.127924,2.5624318
Grid_Cell_125,2001,0.269,108,487.497,0.008827128,0.1933981,3875.6519,618.33453,0.001156541,58.67797,193.85556,27.363764,2.5975266
Grid_Cell_125,2002,0.269,139,505.30917,0.008251108,0.21332137,4126.331,497.70825,0.000588,61.25771,206.75023,28.240961,2.473029
Grid_Cell_125,2003,0.269,183,526.3435,0.009140798,0.1632032,3741.6946,651.0024,0.001585442,55.460526,216.61723,27.804102,2.40052
Grid_Cell_125,2004,0.269071,202,506.28458,0.008308558,0.13477376,4003.104,505.09085,0.000697,58.83311,208.59064,28.528864,2.4644558
Grid_Cell_125,2005,0.269,114,527.5275,0.008763232,0.13979721,3918.225,625.79626,0.001127418,54.617603,207.59308,28.915155,2.6016047
Grid_Cell_125,2006,0.269,108,548.4528,0.007934794,0.17844355,4011.516,640.13,0.001221586,49.961494,220.93819,29.74969,2.6269662
Grid_Cell_125,2007,0.269,184,538.2866,0.007615277,0.21738005,4093.426,573.17004,0.001078545,50.589565,220.80411,29.438532,2.7331576
Grid_Cell_125,2008,0.269071,177,470.61377,0.007908001,0.15833838,3995.712,611.0272,0.001496031,55.88438,212.89925,28.69198,2.7494168
Grid_Cell_125,2009,0.269,163,544.085,0.007545509,0.15126051,4179.2944,539.7462,0.000954,48.306557,207.06993,30.444208,2.6677353
Grid_Cell_125,2010,0.269,329,590.5018,0.007638068,0.20682839,4120.0337,710.208,0.003872,47.73938,206.54509,30.338282,2.6283934
Grid_Cell_125,2011,0.269,283,566.0473,0.006909775,0.13537796,4925.5576,526.3359,0.002779716,54.773815,199.43163,30.47439,3.5801795
Grid_Cell_125,2012,0.269071,691,590.5417,0.007466937,0.12663755,4856.9526,705.3746,0.003238326,49.286953,196.98923,30.573816,3.7260997
Grid_Cell_125,2013,0.269,739,523.8158,0.006949664,0.08672341,4937.783,503.05106,0.001715723,52.029205,195.99258,31.42193,3.6028984
Grid_Cell_125,2014,0.269,959,510.98267,0.007068698,0.08549548,5149.785,511.2396,0.001886298,54.895737,173.69225,31.483973,3.752215
Grid_Cell_125,2015,0.269,955,527.3146,0.006756051,0.0888321,5250.0576,567.6286,0.00274463,53.934727,181.08395,30.232141,3.9050677
Grid_Cell_125,2016,0.269071,792,320.16516,0.007262703,0.08616483,4988.82,221.87967,0.001111448,65.5802,153.0101,30.772577,3.7093465
Grid_Cell_125,2017,0.269,952,171.7594,0.00679314,0.08391461,5267.5757,137.94731,0.000615,77.23404,83.85082,30.289423,3.9611814
Grid_Cell_125,2018,0.269,1402,151.56221,0.007117785,0.08280499,5196.274,147.1932,0.000413,86.32009,66.4785,29.96316,3.8754601
Grid_Cell_125,2019,0.269,1634,187.26506,0.007538708,0.080867246,5079.932,194.44427,0.000457,81.34329,67.63597,29.473902,3.968165
Grid_Cell_125,2020,0.269071,2854,635.896,0.007708408,0.084971204,5081.0786,671.15027,0.002644863,50.562546,207.76746,28.620722,4.2465167
Grid_Cell_125,2021,0.269,3528,567.002,0.006977824,0.08496655,5124.062,581.3511,0.002975986,53.296032,193.41963,28.982843,4.1574407
Grid_Cell_125,2022,0.269,3730,590.19037,0.007396677,0.08331811,4876.1484,724.3776,0.004308767,47.55712,199.76282,27.862848,4.187462
Grid_Cell_125,2023,0.269,3549,609.3629,0.007381898,0.09087625,4970.664,606.15326,0.004163695,48.651024,207.80676,29.290705,4.0250225
Grid_Cell_125,2024,0.26907122,4400,648.3148,0.007822041,0.08317806,4931.41,749.16235,0.00647103,51.09119,200.84348,28.626215,4.198365
Grid_Cell_125,2025,0.269,5521,571.22845,0.00697682,0.08970992,4920.2935,653.5673,0.00434631,53.3949,203.6138,29.192835,3.9932947
Grid_Cell_126,2000,0.25655547,142,507.07028,0.00598988,0.15385745,4676.1523,426.4083,0.000771,55.343483,209.9108,28.094995,2.5836823
Grid_Cell_126,2001,0.2565,108,497.1641,0.008817259,0.12152747,4002.4717,599.7218,0.001538462,59.52714,197.16429,27.409876,2.6285882
Grid_Cell_126,2002,0.2565,139,513.9373,0.008175923,0.15956447,4269.024,486.96225,0.000828,62.191887,212.86096,28.337793,2.4976523
Grid_Cell_126,2003,0.2565,183,538.6738,0.009049147,0.10924994,3870.6614,623.40625,0.002066185,55.87861,219.6499,27.96261,2.4010339
Grid_Cell_126,2004,0.25656366,202,510.8857,0.00824811,0.12425329,4154.172,483.51968,0.00094,60.115658,214.93713,28.65124,2.4566007
Grid_Cell_126,2005,0.2565,114,537.65466,0.008757778,0.09309585,4047.2363,612.63324,0.001578113,55.047207,209.91096,29.04519,2.6090362
Grid_Cell_126,2006,0.2565,108,566.8571,0.007893821,0.096000694,4144.719,628.97906,0.00172111,49.30853,229.41275,29.933222,2.6268978
Grid_Cell_126,2007,0.2565,184,553.35156,0.007647907,0.18356264,4221.5195,560.35583,0.001536267,50.39804,231.3833,29.619867,2.7507946
Grid_Cell_126,2008,0.25656366,177,489.19284,0.007950384,0.12634966,4100.697,600.97296,0.002212818,55.214397,222.94604,28.861109,2.7598336
Grid_Cell_126,2009,0.2565,163,552.2725,0.007594136,0.1025219,4301.4824,520.67554,0.001247003,48.792656,213.86913,30.613642,2.6826324
Grid_Cell_126,2010,0.2565,329,601.1473,0.00769102,0.113849536,4226.9614,707.035,0.005805243,47.522892,209.1341,30.478724,2.6398318
Grid_Cell_126,2011,0.2565,283,584.0239,0.006974977,0.122184224,5118.305,526.29803,0.002180808,54.60921,207.12318,30.573206,3.6140494
Grid_Cell_126,2012,0.25656366,691,607.7411,0.00749831,0.14104708,5061.4673,705.4392,0.004716267,48.4327,200.80006,30.670221,3.7767143
Grid_Cell_126,2013,0.2565,739,535.9021,0.006953718,0.0711478,5141.85,502.98624,0.002272185,51.83445,202.80028,31.5375,3.6561518
Grid_Cell_126,2014,0.2565,959,511.26126,0.007092167,0.068350516,5362.0757,511.11108,0.00335338,55.8471,175.9641,31.585108,3.789167
Grid_Cell_126,2015,0.2565,955,537.1555,0.006757633,0.07129244,5454.8774,567.634,0.003749747,54.688404,184.25005,30.42373,3.943595
Grid_Cell_126,2016,0.25656366,792,287.28717,0.007230128,0.07393327,5236.1685,196.12527,0.001233057,67.971596,147.81189,30.977869,3.7679873
Grid_Cell_126,2017,0.2565,952,145.6072,0.006777304,0.07287739,5560.4814,128.30075,0.000678,79.260155,87.963905,30.587091,4.0194693
Grid_Cell_126,2018,0.2565,1402,110.65829,0.007079685,0.08348818,5445.3975,105.727684,0.000226,88.59766,76.25887,30.402887,3.921693
Grid_Cell_126,2019,0.2565,1634,165.20822,0.007489632,0.072059505,5334.6455,170.29872,0.000399,82.86171,77.89467,29.770319,4.034295
Grid_Cell_126,2020,0.25656366,2854,649.24176,0.007684521,0.067785755,5298.796,670.2811,0.003599512,51.42154,222.52496,28.755487,4.287227
Grid_Cell_126,2021,0.2565,3528,575.872,0.006980605,0.07137195,5348.104,581.70526,0.004693668,53.85872,210.06862,29.219202,4.2070985
Grid_Cell_126,2022,0.2565,3730,608.7427,0.007410975,0.07052208,5045.8613,724.1508,0.006937579,48.111588,215.84204,28.11123,4.224996
Grid_Cell_126,2023,0.2565,3549,606.5128,0.007357915,0.07654499,5148.2334,581.4029,0.00534799,50.18428,222.75159,29.567194,4.0305705
Grid_Cell_126,2024,0.25656396,4400,660.8931,0.00780252,0.07581688,5141.0044,749.1614,0.009381083,51.983746,211.56978,28.898188,4.2401266
Grid_Cell_126,2025,0.2565,5521,584.2978,0.006972745,0.06934986,5093.696,653.5664,0.005641789,53.21422,221.35043,29.477839,4.0328603
Grid_Cell_127,2000,0.2703009,142,490.26364,0.005621654,0.21416603,4652.595,415.63846,0.000708,50.89834,215.47458,28.779963,2.6098182
Grid_Cell_127,2001,0.27024686,108,482.41882,0.008658701,0.18818644,3933.9077,588.6475,0.001554168,55.970627,205.23415,27.763971,2.6413965
Grid_Cell_127,2002,0.27024686,139,492.56732,0.008052423,0.21232857,4217.372,472.24942,0.000869,59.471493,220.33408,28.595179,2.5113509
Grid_Cell_127,2003,0.27024686,183,522.8129,0.008912452,0.16289885,3852.487,599.8536,0.001902627,54.15568,226.43571,28.133112,2.4063764
Grid_Cell_127,2004,0.27030683,202,486.68658,0.008152732,0.18741685,4083.2827,462.2221,0.000911,57.02793,220.43199,28.77978,2.4542782
Grid_Cell_127,2005,0.27024686,114,523.2172,0.008722739,0.16604595,3969.627,602.67993,0.001609747,52.12868,218.41989,29.095331,2.6150293
Grid_Cell_127,2006,0.27024686,108,550.53827,0.007827506,0.15541194,4091.3914,614.3948,0.001724962,46.821568,234.61002,29.927027,2.6343977
Grid_Cell_127,2007,0.27024686,184,536.335,0.007646712,0.23686631,4206.496,544.4421,0.001457127,49.25106,235.12198,29.609613,2.782781
Grid_Cell_127,2008,0.27030683,177,471.28152,0.007955586,0.19315831,4062.5813,577.72815,0.002103525,53.390293,228.57675,28.85409,2.774895
Grid_Cell_127,2009,0.27024686,163,526.67,0.007628492,0.13809296,4255.846,490.86322,0.001114438,46.730442,218.29225,30.585443,2.7032146
Grid_Cell_127,2010,0.27024686,329,577.8431,0.00771491,0.18417814,4184.3696,699.4047,0.006522819,45.2525,214.98741,30.441156,2.6688385
Grid_Cell_127,2011,0.27024686,283,575.1906,0.00701308,0.122622885,5105.739,526.29803,0.00192886,51.851345,216.0334,30.52337,3.660933
Grid_Cell_127,2012,0.27030683,691,606.94196,0.007502623,0.24526641,5101.6914,705.50275,0.004285543,46.22128,211.56142,30.617243,3.8508947
Grid_Cell_127,2013,0.27024686,739,525.5428,0.006946663,0.08202677,5142.959,503.00137,0.002403247,48.386215,213.88832,31.480188,3.7168367
Grid_Cell_127,2014,0.27024686,959,511.77325,0.007102636,0.08197143,5329.5796,511.16727,0.003577637,51.784344,191.96855,31.518793,3.8305025
Grid_Cell_127,2015,0.27024686,955,531.16046,0.006763109,0.0811752,5419.484,567.6577,0.004024702,51.170162,197.02206,30.43371,4.001369
Grid_Cell_127,2016,0.27030683,792,288.81766,0.007207125,0.088580824,5257.702,187.05544,0.001534307,64.83158,164.84198,30.998804,3.8411772
Grid_Cell_127,2017,0.27024686,952,166.30864,0.006788873,0.07996676,5525.4824,137.70108,0.000592,74.470085,97.02591,30.626215,4.069332
Grid_Cell_127,2018,0.27024686,1402,100.082924,0.007063483,0.08843745,5403.3774,91.47384,0.000231,85.21494,77.3978,30.44732,3.9489875
Grid_Cell_127,2019,0.27024686,1634,167.11441,0.007472382,0.079357795,5287.159,173.07,0.000425,79.22422,78.68464,29.807123,4.051898
Grid_Cell_127,2020,0.27030683,2854,640.50146,0.007657995,0.079977974,5281.239,669.9526,0.003860154,49.175144,229.95712,28.869349,4.3255467
Grid_Cell_127,2021,0.27024686,3528,567.34,0.006979053,0.078436434,5310.3013,584.09204,0.005916254,50.455997,220.20256,29.255518,4.2593927
Grid_Cell_127,2022,0.27024686,3730,602.8231,0.007419862,0.08284582,5021.4067,723.84406,0.006075301,45.739895,226.45988,28.137568,4.2689686
Grid_Cell_127,2023,0.27024686,3549,590.8895,0.007339956,0.0725512,5135.5205,573.90765,0.005785661,48.200214,228.92679,29.605524,4.0907073
Grid_Cell_127,2024,0.27030686,4400,652.81256,0.007772488,0.07415715,5123.988,749.173,0.010469427,48.98617,220.56726,28.95141,4.2935944
Grid_Cell_127,2025,0.2702466,5521,571.4983,0.006976379,0.080612116,5056.433,653.52466,0.006036159,50.8708,228.89143,29.499323,4.06565
Grid_Cell_128,2000,0.29487854,142,467.01944,0.005253615,0.17390677,4347.9336,403.99588,0.000661,45.29476,222.17284,29.465784,2.6509526
Grid_Cell_128,2001,0.29481533,108,492.77496,0.008500499,0.1515095,3720.521,582.1006,0.001615175,49.689384,222.69463,28.119165,2.6694443
Grid_Cell_128,2002,0.29481533,139,473.23856,0.007931351,0.19658926,4007.7866,455.98358,0.000914,54.410107,227.47244,28.916712,2.5396729
Grid_Cell_128,2003,0.29481533,183,526.4126,0.00877612,0.20369239,3607.539,576.7956,0.001804819,46.553967,236.38194,28.522089,2.4039104
Grid_Cell_128,2004,0.29488388,202,463.7605,0.008067776,0.21940942,3875.5618,440.30093,0.00092,53.851055,226.4571,29.117609,2.445091
Grid_Cell_128,2005,0.29481533,114,526.0728,0.008718808,0.22608754,3815.042,593.2073,0.001713788,49.14786,231.3672,29.074366,2.603317
Grid_Cell_128,2006,0.29481533,108,564.01025,0.007809431,0.16052797,4051.6738,597.64606,0.001799093,42.804993,240.95204,29.489893,2.6164527
Grid_Cell_128,2007,0.29481533,184,525.1041,0.007700654,0.26747546,4151.6255,526.5389,0.001384093,45.09911,236.82901,29.042444,2.7796988
Grid_Cell_128,2008,0.29488388,177,478.85748,0.00802591,0.18644498,3959.3838,548.6704,0.001984116,49.230534,238.61247,28.430353,2.7597992
Grid_Cell_128,2009,0.29481533,163,502.6184,0.007726865,0.21248803,4173.746,455.7017,0.001024034,45.36691,226.1828,30.095392,2.6971872
Grid_Cell_128,2010,0.29481533,329,553.86383,0.007800801,0.2032863,4129.2363,631.5894,0.006190877,43.443596,224.57483,29.815912,2.6600373
Grid_Cell_128,2011,0.29481533,283,516.5822,0.007073806,0.10519529,5011.274,470.89404,0.001615791,52.281647,217.72891,30.015436,3.6306248
Grid_Cell_128,2012,0.29488388,691,583.9426,0.007520642,0.13891861,4915.1123,673.4606,0.00466289,43.722874,221.9935,30.106256,3.8099794
Grid_Cell_128,2013,0.29481533,739,515.3259,0.006965509,0.06952127,4938.221,498.24396,0.00264464,45.227573,224.51636,30.843836,3.6499531
Grid_Cell_128,2014,0.29481533,959,494.74484,0.0071484,0.068581685,5087.9834,479.32452,0.003625401,48.968773,207.97548,30.98614,3.7551944
Grid_Cell_128,2015,0.29481533,955,492.88522,0.006772157,0.07013245,5178.2803,522.4468,0.003645486,50.47318,204.66832,29.585535,3.8603072
Grid_Cell_128,2016,0.29488388,792,276.50592,0.007191088,0.06939635,5045.8506,168.74345,0.001273388,61.685547,173.93921,30.2138,3.7435338
Grid_Cell_128,2017,0.29481533,952,195.11224,0.006795095,0.06891848,5278.047,169.79436,0.001647551,68.92418,112.87284,29.99264,3.9849827
Grid_Cell_128,2018,0.29481533,1402,117.927765,0.007025545,0.07170542,5239.6504,102.13992,0.000252,80.59165,86.60173,30.144464,3.9203575
Grid_Cell_128,2019,0.29481533,1634,176.7642,0.007472947,0.06614078,5092.116,188.11333,0.000573,74.65382,86.58812,29.690607,4.0235076
Grid_Cell_128,2020,0.29488388,2854,598.82184,0.007641267,0.06690875,5141.013,603.1012,0.002913747,47.417824,229.97978,28.94378,4.322507
Grid_Cell_128,2021,0.29481533,3528,537.2609,0.006974862,0.065904915,5167.3706,546.0232,0.005865517,48.129063,221.6718,29.23028,4.274804
Grid_Cell_128,2022,0.29481533,3730,603.5856,0.007415862,0.06958332,4897.735,737.2976,0.006490719,41.607883,234.41254,28.119257,4.291503
Grid_Cell_128,2023,0.29481533,3549,604.1325,0.00733296,0.06676137,5011.9062,597.1406,0.005609521,43.26581,241.28926,29.554499,4.1264267
Grid_Cell_128,2024,0.29488426,4400,678.59424,0.007740694,0.069808625,4981.6846,783.3359,0.01151456,43.3229,241.99968,28.95199,4.310013
Grid_Cell_128,2025,0.29481506,5521,579.38416,0.006973209,0.07006751,4912.6294,628.852,0.006725649,46.205822,244.79694,29.459772,4.085041
Grid_Cell_129,2000,0.3031904,142,466.74146,0.005056508,0.16873537,4233.5103,394.46613,0.000573,43.167202,218.02301,29.846582,2.6703582
Grid_Cell_129,2001,0.30313697,108,487.19028,0.008373769,0.20683761,3693.4094,575.0439,0.001468483,47.22964,216.0863,28.337091,2.665917
Grid_Cell_129,2002,0.30313697,139,463.7864,0.007813683,0.23224144,3992.7578,441.1854,0.000852,51.627205,222.81932,29.130152,2.5407345
Grid_Cell_129,2003,0.30313697,183,514.6049,0.008684623,0.09692823,3585.2046,557.10504,0.001612493,46.345936,229.56047,28.781519,2.4007597
Grid_Cell_129,2004,0.30319616,202,452.85858,0.008020354,0.17839275,3806.731,421.8877,0.00088,51.973907,220.13368,29.333063,2.439729
Grid_Cell_129,2005,0.30313697,114,517.2038,0.008740983,0.20536327,3769.5964,584.7131,0.001671188,47.63111,224.21873,29.06164,2.5954745
Grid_Cell_129,2006,0.30313697,108,553.2632,0.00780765,0.15284778,4109.8174,583.2335,0.001815709,42.788715,236.39067,29.206446,2.6144664
Grid_Cell_129,2007,0.30313697,184,517.704,0.007735078,0.19901703,4188.98,511.76236,0.00130686,44.851852,233.85152,28.702387,2.78737
Grid_Cell_129,2008,0.30319616,177,470.95734,0.008088578,0.19941358,3956.8762,524.06085,0.001845526,48.599354,233.4493,28.173426,2.7566574
Grid_Cell_129,2009,0.30313697,163,484.86212,0.007817053,0.2419837,4195.6006,426.41208,0.000918,45.278084,219.67604,29.789148,2.7023585
Grid_Cell_129,2010,0.30313697,329,524.9458,0.00786238,0.19134027,4188.839,600.5858,0.006633192,44.416237,214.85431,29.554468,2.689181
Grid_Cell_129,2011,0.30313697,283,498.7957,0.007148234,0.10375289,4979.419,449.74442,0.001605014,51.626583,210.22475,29.988672,3.641207
Grid_Cell_129,2012,0.30319616,691,569.04486,0.007568194,0.21734272,4865.111,661.2091,0.004507712,43.31127,214.55801,30.10412,3.7699862
Grid_Cell_129,2013,0.30313697,739,515.04834,0.006991725,0.07081559,4877.224,496.51382,0.00269163,43.913116,220.57603,30.787104,3.6134806
Grid_Cell_129,2014,0.30313697,959,488.96902,0.00719153,0.07391021,5018.6655,467.2015,0.003207041,47.97713,203.52472,30.885004,3.6984136
Grid_Cell_129,2015,0.30313697,955,483.84885,0.006805482,0.075530395,5046.879,512.29474,0.003888517,49.456326,197.90393,29.5693,3.7828074
Grid_Cell_129,2016,0.30319616,792,273.41156,0.007201883,0.078586735,4955.997,161.42706,0.000744,60.397427,162.87355,30.123743,3.6758084
Grid_Cell_129,2017,0.30313697,952,192.76324,0.006835126,0.07744443,5205.4053,181.66896,0.002923058,67.59149,106.42357,29.922663,3.9460444
Grid_Cell_129,2018,0.30313697,1402,116.28293,0.00704361,0.074713215,5192.8765,104.21676,0.00019,78.67076,83.89172,30.141565,3.9191246
Grid_Cell_129,2019,0.30313697,1634,175.04268,0.007502875,0.07421468,5044.0273,182.94228,0.000491,73.12296,84.79535,29.639551,4.00772
Grid_Cell_129,2020,0.30319616,2854,586.5747,0.007682554,0.07586246,5060.1665,587.8222,0.00353904,46.68345,224.59552,28.91009,4.276947
Grid_Cell_129,2021,0.30313697,3528,526.5193,0.007039139,0.06676332,5082.186,536.3669,0.005136267,46.892136,216.41501,29.161707,4.244085
Grid_Cell_129,2022,0.30313697,3730,602.241,0.007440441,0.06818988,4819.8853,740.44366,0.007227175,40.491886,231.15973,28.071497,4.250304
Grid_Cell_129,2023,0.30313697,3549,607.7462,0.007352062,0.064991996,4918.786,603.2502,0.006983925,41.244408,239.81415,29.517206,4.0782757
Grid_Cell_129,2024,0.30319637,4400,684.05457,0.007758762,0.064441554,4905.374,790.99695,0.010566774,41.49117,241.24918,28.926813,4.272218
Grid_Cell_129,2025,0.30313697,5521,582.55975,0.006982806,0.06163865,4861.1973,622.9967,0.006929276,44.306942,243.21709,29.390253,4.077032
Grid_Cell_13,2000,0.16637616,142,899.3072,0.00757124,0.33273524,4051.3435,949.5342,0.002577547,44.8895,343.2888,28.72503,2.4951615
Grid_Cell_13,2001,0.16632986,108,860.48254,0.010332619,0.2645342,3560.785,1152.5609,0.005093918,52.993313,356.40695,27.08883,2.3798897
Grid_Cell_13,2002,0.16632986,139,851.5949,0.010113173,0.22960603,3753.1335,949.6613,0.00275286,51.48624,332.11072,27.805567,2.3109741
Grid_Cell_13,2003,0.16632986,183,784.5131,0.011057767,0.2720936,3473.5828,959.6686,0.002897473,57.008766,351.16858,27.089045,2.2604516
Grid_Cell_13,2004,0.16637678,202,838.5219,0.010776881,0.2981823,3530.071,1034.2592,0.004716882,54.62017,351.4744,27.3883,2.2619967
Grid_Cell_13,2005,0.16632986,114,862.9409,0.010775356,0.30542275,3718.9153,1064.3983,0.00541913,56.022915,350.7122,27.04632,2.3394473
Grid_Cell_13,2006,0.16632986,108,978.21075,0.009359034,0.2400873,4205.4106,1315.1895,0.006600058,51.090317,359.2969,27.03335,2.4954252
Grid_Cell_13,2007,0.16632986,184,962.0883,0.009817869,0.27412745,4035.647,1148.0757,0.004450996,50.82897,357.96378,26.513422,2.5644248
Grid_Cell_13,2008,0.16637677,177,824.7766,0.009810251,0.12501249,3830.0376,1106.2588,0.005501701,58.80215,347.96756,25.975794,2.456145
Grid_Cell_13,2009,0.16632986,163,901.8566,0.010396626,0.28737703,3948.9595,966.2048,0.003276137,54.811287,335.58957,27.05462,2.502975
Grid_Cell_13,2010,0.16632986,329,925.2575,0.01003867,0.18998988,4068.595,1038.7656,0.007566209,53.474995,343.1431,27.071772,2.5283592
Grid_Cell_13,2011,0.16632986,283,938.72833,0.009142275,0.28302816,4173.8003,1005.5545,0.006702428,55.393795,337.48898,27.112757,2.5452137
Grid_Cell_13,2012,0.16637677,691,973.58563,0.009713439,0.3060458,3921.9746,1359.3491,0.020744788,49.81704,366.43527,27.38067,2.5383606
Grid_Cell_13,2013,0.16632986,739,1000.0591,0.009163119,0.06898996,4045.2224,1109.4894,0.0108609,46.94026,349.32626,28.048578,2.425467
Grid_Cell_13,2014,0.16632986,959,1012.3403,0.009334143,0.07433965,4049.434,1136.1276,0.010807168,47.057827,347.85904,28.041681,2.4737902
Grid_Cell_13,2015,0.16632986,955,911.7913,0.00889538,0.074621625,4199.97,968.7946,0.008294226,56.566116,335.63345,26.85406,2.5083551
Grid_Cell_13,2016,0.16637677,792,696.1965,0.009272604,0.072743915,4143.708,577.49976,0.003210645,65.79435,280.99377,27.204737,2.4725637
Grid_Cell_13,2017,0.16632986,952,539.39136,0.008670959,0.072977886,4286.1777,513.51514,0.002615418,77.20705,200.54237,27.43368,2.6012156
Grid_Cell_13,2018,0.16632986,1402,690.37744,0.009023313,0.07667211,4261.187,830.85583,0.011089339,73.56538,239.90192,28.253534,2.6156313
Grid_Cell_13,2019,0.16632986,1634,803.97205,0.009728828,0.0717794,3965.8992,1132.9406,0.015523257,64.51687,313.87894,27.520075,2.641932
Grid_Cell_13,2020,0.16637677,2854,907.9069,0.009679094,0.072918184,4126.7803,1126.0764,0.015338938,57.203552,357.23553,26.741358,2.943921
Grid_Cell_13,2021,0.16632986,3528,842.1698,0.00919483,0.07908048,4078.514,931.5497,0.009237506,57.1921,339.13028,27.05868,2.8483312
Grid_Cell_13,2022,0.16632986,3730,902.2499,0.009175897,0.07822297,3939.8127,1286.3048,0.018565275,52.174206,357.87213,26.219904,2.9435577
Grid_Cell_13,2023,0.16632986,3549,938.35034,0.009084566,0.07794861,4016.2065,1035.4554,0.009500051,48.6826,351.3339,27.601587,2.76718
Grid_Cell_13,2024,0.16637562,4400,955.68134,0.009411587,0.07726803,4079.5557,1100.0272,0.012640282,59.91829,348.7731,26.989618,2.8491023
Grid_Cell_13,2025,0.16632877,5521,874.8839,0.008741202,0.080959626,3988.16,1163.4082,0.01540901,56.08759,355.34192,27.421015,2.7802489
Grid_Cell_130,2000,0.30320618,142,466.71344,0.005022579,0.22152443,4226.3584,388.2268,0.000523,43.092503,214.06288,29.884516,2.6729205
Grid_Cell_130,2001,0.30313697,108,480.56445,0.008265502,0.16139944,3711.014,565.3411,0.001350586,46.97476,209.36845,28.38064,2.6334171
Grid_Cell_130,2002,0.30313697,139,456.03308,0.007687454,0.14959851,4009.2786,429.33243,0.000777,51.46356,217.35338,29.197657,2.5181317
Grid_Cell_130,2003,0.30313697,183,506.52762,0.008624218,0.07288987,3605.7278,546.1625,0.00149364,46.845318,222.60318,28.874048,2.4058282
Grid_Cell_130,2004,0.30321038,202,445.9558,0.007997964,0.12196812,3802.9492,413.62027,0.000847,51.95051,214.53435,29.388758,2.4453642
Grid_Cell_130,2005,0.30313697,114,510.96356,0.008765123,0.16973867,3767.8682,575.7318,0.001606476,47.54121,218.14203,29.085962,2.6039677
Grid_Cell_130,2006,0.30313697,108,544.4385,0.00779715,0.13505115,4142.044,573.0847,0.001826771,43.506817,231.36899,29.201197,2.6359732
Grid_Cell_130,2007,0.30313697,184,514.3225,0.007721078,0.15747756,4219.8477,505.15594,0.001243634,45.31232,230.55481,28.754602,2.8202467
Grid_Cell_130,2008,0.30321038,177,467.15753,0.008121453,0.15033627,3977.721,509.1642,0.001730792,49.47857,228.3253,28.202326,2.7743144
Grid_Cell_130,2009,0.30313697,163,475.77933,0.007866824,0.13283537,4217.3184,412.86673,0.000912,46.262875,214.1357,29.79574,2.7274613
Grid_Cell_130,2010,0.30313697,329,514.61774,0.007908061,0.19989663,4227.9287,591.6813,0.005079414,45.574677,208.52882,29.581812,2.7288043
Grid_Cell_130,2011,0.30313697,283,499.151,0.00724057,0.09744207,4938.259,449.71738,0.001675952,51.56968,207.23705,30.009668,3.6373713
Grid_Cell_130,2012,0.30321038,691,566.9845,0.007642848,0.2524137,4785.8574,661.17786,0.005386807,44.114132,211.19034,30.154474,3.7113798
Grid_Cell_130,2013,0.30313697,739,514.9782,0.007037287,0.06347339,4815.997,496.4965,0.002697096,44.461815,217.96696,30.814875,3.570741
Grid_Cell_130,2014,0.30313697,959,486.93643,0.007258804,0.07258122,4935.8667,467.23822,0.004316222,48.35028,200.44722,30.853449,3.6460505
Grid_Cell_130,2015,0.30313697,955,484.1437,0.006848164,0.066447854,5002.2207,512.27856,0.00432786,49.888138,193.98668,29.638697,3.7534237
Grid_Cell_130,2016,0.30321038,792,266.46567,0.007222566,0.060924225,4935.4434,154.80751,0.000842,60.822872,156.37871,30.169275,3.6616008
Grid_Cell_130,2017,0.30313697,952,176.75871,0.006879184,0.06469992,5213.728,165.90744,0.002262781,69.27193,99.82697,29.908167,3.9512842
Grid_Cell_130,2018,0.30313697,1402,103.0378,0.007083504,0.069889046,5210.6567,92.40372,0.000117,79.43161,79.70887,30.155298,3.9461107
Grid_Cell_130,2019,0.30313697,1634,190.32469,0.007554584,0.063177615,5035.5806,205.87932,0.000723,72.11294,87.23967,29.641718,4.015665
Grid_Cell_130,2020,0.30321038,2854,585.29517,0.007713507,0.049696784,5042.1743,588.6343,0.005826841,46.99047,220.96146,28.922358,4.274112
Grid_Cell_130,2021,0.30313697,3528,522.4952,0.007097803,0.058363244,5050.923,534.79224,0.005343373,47.084198,211.86234,29.141565,4.2390504
Grid_Cell_130,2022,0.30313697,3730,603.07697,0.007494879,0.06514004,4801.4146,740.4804,0.008332164,41.275543,227.46603,28.040125,4.247188
Grid_Cell_130,2023,0.30313697,3549,613.3503,0.007365096,0.06415482,4892.3438,604.0753,0.005804918,40.86902,237.75537,29.485224,4.066906
Grid_Cell_130,2024,0.30321077,4400,684.99713,0.007781856,0.0640159,4890.9873,790.9999,0.009913408,41.789948,238.88092,28.912592,4.2701864
Grid_Cell_130,2025,0.303137,5521,586.0395,0.006988895,0.06852581,4889.119,621.35504,0.006939096,43.77924,240.65506,29.355433,4.1068316
Grid_Cell_131,2000,0.30484456,142,464.40454,0.00498848,0.1946636,4233.225,384.4655,0.000496,42.83648,215.44554,29.922632,2.6946492
Grid_Cell_131,2001,0.30477396,108,473.58228,0.008157502,0.19270293,3732.097,553.32935,0.001263548,46.873375,210.01021,28.424036,2.6171842
Grid_Cell_131,2002,0.30477396,139,449.11783,0.007563803,0.22694989,4013.4314,419.50223,0.000697,51.147743,216.77168,29.254847,2.509433
Grid_Cell_131,2003,0.30477396,183,499.56488,0.008563476,0.12360888,3616.4084,542.61145,0.001422771,46.620216,222.16582,28.92547,2.4146981
Grid_Cell_131,2004,0.3048497,202,442.23245,0.007949453,0.19685756,3808.4143,413.87985,0.000836,51.36406,216.30563,29.41656,2.4626114
Grid_Cell_131,2005,0.30477396,114,506.12408,0.008775099,0.24956939,3771.3037,562.2188,0.001490788,47.04827,220.32568,29.13421,2.6243103
Grid_Cell_131,2006,0.30477396,108,534.58344,0.007795493,0.1679049,4160.0757,564.5322,0.001792271,43.787144,231.16638,29.249048,2.666521
Grid_Cell_131,2007,0.30477396,184,512.59125,0.007710476,0.22325833,4235.423,506.45844,0.001155771,44.828568,232.09921,28.857965,2.857096
Grid_Cell_131,2008,0.3048497,177,465.68195,0.008189858,0.3181903,3992.0896,502.00726,0.001603856,49.639557,230.18947,28.282465,2.7988703
Grid_Cell_131,2009,0.30477396,163,474.1518,0.007917598,0.22619824,4217.8223,414.41113,0.000922,46.26818,216.03351,29.837824,2.7576325
Grid_Cell_131,2010,0.30477396,329,505.25198,0.007965894,0.22819662,4239.248,579.4319,0.004698079,45.915817,211.31073,29.670954,2.7652085
Grid_Cell_131,2011,0.30477396,283,497.07202,0.007317378,0.1502784,4893.404,449.73358,0.001772637,51.54694,209.86832,30.082575,3.6210015
Grid_Cell_131,2012,0.3048497,691,565.3775,0.007707774,0.23876564,4722.534,661.2522,0.00569623,44.246704,215.12534,30.249598,3.669269
Grid_Cell_131,2013,0.30477396,739,512.4834,0.007091215,0.06692283,4767.39,496.51273,0.00307213,44.93855,221.3002,30.875513,3.5270765
Grid_Cell_131,2014,0.30477396,959,487.02072,0.007327219,0.060067683,4852.9927,467.22745,0.004556031,48.082012,204.43582,30.918055,3.606119
Grid_Cell_131,2015,0.30477396,955,485.69672,0.006899972,0.0652203,4925.848,513.64154,0.004163935,49.90347,198.03856,29.73614,3.6920197
Grid_Cell_131,2016,0.3048497,792,270.03824,0.007254489,0.066888474,4890.1675,154.3853,0.000787,60.602802,159.90521,30.229364,3.6088343
Grid_Cell_131,2017,0.30477396,952,162.53079,0.006915681,0.069997,5188.0615,146.73204,0.001490959,70.538246,97.2842,29.994074,3.920736
Grid_Cell_131,2018,0.30477396,1402,116.30885,0.007136846,0.07085144,5173.6772,109.97855,0.000481,78.44871,82.70457,30.248224,3.9331656
Grid_Cell_131,2019,0.30477396,1634,213.4043,0.00762167,0.069412865,5006.1836,239.64444,0.001394254,70.297615,95.45097,29.700617,4.0108705
Grid_Cell_131,2020,0.3048497,2854,583.07324,0.00775169,0.059549414,5026.8345,592.4772,0.006403289,47.040977,224.55928,28.93896,4.255055
Grid_Cell_131,2021,0.30477396,3528,522.0221,0.007154135,0.061285395,5029.148,533.74896,0.005015788,47.2941,217.1615,29.151056,4.237201
Grid_Cell_131,2022,0.30477396,3730,606.96924,0.007552824,0.06334996,4784.538,742.2344,0.007748651,41.71237,231.94937,28.04635,4.240578
Grid_Cell_131,2023,0.30477396,3549,611.605,0.007414477,0.06150633,4871.319,601.0977,0.005621829,41.1898,239.78555,29.47967,4.0537896
Grid_Cell_131,2024,0.30484992,4400,680.6954,0.00782186,0.06539097,4864.045,786.8419,0.009817887,42.128796,241.3283,28.92254,4.2465005
Grid_Cell_131,2025,0.304774,5521,584.2332,0.007021727,0.062324807,4862.3286,621.8184,0.006658013,43.38893,243.3558,29.3529,4.098589
Grid_Cell_132,2000,0.29608798,142,468.46857,0.005001428,0.24577244,4329.4214,381.78384,0.000475,44.85323,216.28525,29.882471,2.7307954
Grid_Cell_132,2001,0.29600686,108,468.1531,0.008081362,0.14264686,3803.3733,539.9492,0.001160497,48.381046,208.42618,28.50619,2.62191
Grid_Cell_132,2002,0.29600686,139,446.09924,0.007463947,0.18200319,4083.9136,410.68405,0.000609,52.98618,213.20834,29.337244,2.511933
Grid_Cell_132,2003,0.29600686,183,491.3655,0.00849739,0.23134923,3705.9028,541.16425,0.00136749,48.28692,218.62146,28.938044,2.4437735
Grid_Cell_132,2004,0.2960929,202,441.40204,0.007880897,0.18938094,3867.5115,416.50677,0.000849,51.5229,216.54526,29.41311,2.5009313
Grid_Cell_132,2005,0.29600686,114,501.70798,0.008785236,0.23355055,3876.9268,548.0892,0.001374819,50.19731,220.44257,29.166224,2.6626663
Grid_Cell_132,2006,0.29600686,108,527.50946,0.00782189,0.15232429,4283.5312,556.75183,0.001723966,47.59966,228.66241,29.292994,2.7071717
Grid_Cell_132,2007,0.29600686,184,513.5017,0.007743564,0.31131047,4312.2056,509.90903,0.001072688,47.91024,232.00372,28.9508,2.9019248
Grid_Cell_132,2008,0.2960929,177,463.88007,0.008270299,0.10001385,4056.9807,496.57135,0.001489358,51.880917,231.27377,28.386377,2.844055
Grid_Cell_132,2009,0.29600686,163,476.90146,0.007991553,0.19012319,4275.717,420.63623,0.000915,48.03881,218.1082,29.880182,2.8101668
Grid_Cell_132,2010,0.29600686,329,509.19073,0.008032184,0.2753241,4301.579,593.59283,0.005316031,47.883133,216.30106,29.765345,2.8025713
Grid_Cell_132,2011,0.29600686,283,504.96252,0.007405727,0.17970105,4922.162,446.26248,0.001713959,53.52316,214.01268,30.14773,3.6069946
Grid_Cell_132,2012,0.2960929,691,584.1559,0.007792927,0.2831327,4729.9995,684.7168,0.005861025,45.436802,219.10231,30.30636,3.6390436
Grid_Cell_132,2013,0.29600686,739,532.0357,0.007171547,0.11016721,4796.703,520.9423,0.003195517,46.78968,225.7744,30.97143,3.500364
Grid_Cell_132,2014,0.29600686,959,483.32065,0.007413955,0.111682095,4863.887,464.32007,0.003860682,50.629604,208.82146,30.967463,3.5680368
Grid_Cell_132,2015,0.29600686,955,517.2187,0.006956965,0.113788016,4915.1787,539.68677,0.004148123,50.595158,204.16023,29.79452,3.6211293
Grid_Cell_132,2016,0.2960929,792,268.1394,0.007295145,0.12204816,4907.98,149.10884,0.001030902,63.556232,162.16179,30.232141,3.534859
Grid_Cell_132,2017,0.29600686,952,156.3964,0.006971051,0.11675685,5208.832,139.06297,0.000753,73.77011,95.93149,30.064112,3.8641608
Grid_Cell_132,2018,0.29600686,1402,142.48912,0.007214117,0.1152815,5179.9146,143.54172,0.001340887,78.844574,87.3676,30.279627,3.8975835
Grid_Cell_132,2019,0.29600686,1634,229.0481,0.007713595,0.11224643,5019.138,262.61603,0.001616599,71.706894,99.560165,29.61355,3.9874458
Grid_Cell_132,2020,0.2960929,2854,613.9468,0.007808066,0.105378434,5064.911,680.8976,0.009074761,47.529552,234.15556,28.78338,4.250854
Grid_Cell_132,2021,0.29600686,3528,511.7308,0.007235444,0.11861309,5067.0464,504.27036,0.005333836,51.0563,230.32826,29.086695,4.2341876
Grid_Cell_132,2022,0.29600686,3730,625.83795,0.00764514,0.12284195,4794.007,768.082,0.008466295,43.634823,239.49075,28.03216,4.2332497
Grid_Cell_132,2023,0.29600686,3549,609.66534,0.007498083,0.12020906,4917.8516,577.07855,0.004867243,43.97655,239.14688,29.48147,4.060228
Grid_Cell_132,2024,0.29609284,4400,628.2284,0.007921212,0.123370394,4907.6836,708.4464,0.00771339,48.597794,235.75381,28.881586,4.213106
Grid_Cell_132,2025,0.29600686,5521,593.9596,0.007101547,0.116570435,4847.0034,638.16815,0.005955433,44.978325,243.18564,29.30697,4.086296
Grid_Cell_133,2000,0.2848584,142,456.64175,0.005040434,0.3304537,4377.828,379.24545,0.000315,48.491505,207.60034,29.809626,2.7810175
Grid_Cell_133,2001,0.2847534,108,449.3568,0.008018974,0.16969582,3881.648,525.54205,0.000729,52.07385,199.40295,28.603846,2.6482115
Grid_Cell_133,2002,0.2847534,139,434.75925,0.007390553,0.15699442,4169.4893,403.1705,0.000376,57.54897,204.42711,29.424097,2.5364878
Grid_Cell_133,2003,0.2847534,183,470.32822,0.008446205,0.15476611,3818.3674,538.9751,0.000919,52.298588,209.86807,28.93551,2.4719584
Grid_Cell_133,2004,0.28486392,202,429.08167,0.007814832,0.19908702,3982.456,420.12244,0.000606,55.214214,209.78163,29.389399,2.5445788
Grid_Cell_133,2005,0.2847534,114,479.33575,0.008798253,0.22829665,3959.0005,534.0611,0.000897,54.264244,213.72504,29.168543,2.7166731
Grid_Cell_133,2006,0.2847534,108,494.78226,0.007834396,0.13870117,4331.5923,548.8668,0.001166342,52.232456,220.17705,29.306116,2.7576854
Grid_Cell_133,2007,0.2847534,184,487.4467,0.007769438,0.21787022,4355.7256,512.84344,0.00071,52.225277,225.16235,28.976557,2.952096
Grid_Cell_133,2008,0.28486392,177,434.22998,0.00835147,0.3492805,4098.2427,492.79633,0.000972,56.76146,223.06029,28.450342,2.8937473
Grid_Cell_133,2009,0.2847534,163,464.08078,0.008056533,0.41506594,4309.909,425.28455,0.000606,51.074486,210.90681,29.886927,2.8787284
Grid_Cell_133,2010,0.2847534,329,477.63962,0.008128277,0.15675117,4355.067,587.4347,0.003337914,53.125015,211.2452,29.807795,2.864181
Grid_Cell_133,2011,0.2847534,283,496.55685,0.00759246,0.14651749,4906.9575,445.51944,0.00131638,57.401,209.8988,30.129969,3.6196315
Grid_Cell_133,2012,0.28486392,691,554.40454,0.007958764,0.38262174,4752.1753,689.25336,0.003590403,50.863983,215.06485,30.288843,3.6655123
Grid_Cell_133,2013,0.2847534,739,517.7268,0.007342701,0.101742804,4835.893,525.9578,0.002192815,51.63818,220.7996,30.980585,3.5294738
Grid_Cell_133,2014,0.2847534,959,472.63293,0.007586304,0.09880069,4848.3384,463.71527,0.002591884,54.228912,206.87292,30.939325,3.5667355
Grid_Cell_133,2015,0.2847534,955,518.6065,0.007023335,0.105450235,4940.921,539.5993,0.002939688,53.994884,204.37395,29.766779,3.610376
Grid_Cell_133,2016,0.28486392,792,260.9275,0.007340117,0.10625423,4915.5557,138.03893,0.000628,67.50136,160.54811,30.196283,3.5287457
Grid_Cell_133,2017,0.2847534,952,148.83316,0.007044178,0.10187174,5205.7285,118.42632,0.000185,78.197495,83.55724,30.024744,3.8549142
Grid_Cell_133,2018,0.2847534,1402,167.233,0.007310199,0.103840336,5148.873,172.26216,0.000843,80.86091,73.53811,30.099207,3.8826861
Grid_Cell_133,2019,0.2847534,1634,223.44397,0.007813639,0.097819515,5027.511,253.95769,0.000948,75.73859,83.700165,29.566309,3.9803226
Grid_Cell_133,2020,0.28486392,2854,596.80664,0.0078856,0.09862595,5055.419,680.5411,0.005672169,51.506992,220.1992,28.794428,4.237227
Grid_Cell_133,2021,0.2847534,3528,505.7822,0.007307581,0.10169812,5062.1333,505.4443,0.003308603,55.076843,215.61794,29.043482,4.233879
Grid_Cell_133,2022,0.2847534,3730,580.5438,0.00773278,0.1038241,4817.109,769.851,0.005168692,50.013287,222.81696,27.971064,4.213763
Grid_Cell_133,2023,0.2847534,3549,591.71136,0.007572429,0.102501914,4938.473,576.88525,0.002888702,48.235695,223.14188,29.417017,4.061084
Grid_Cell_133,2024,0.28486425,4400,598.4393,0.008010588,0.10698518,4933.161,708.5263,0.005245155,54.120415,220.53688,28.804438,4.213908
Grid_Cell_133,2025,0.2847534,5521,566.82666,0.007176128,0.09756097,4878.268,638.3402,0.004091097,50.178425,226.57823,29.188227,4.0870643
Grid_Cell_134,2000,0.28233156,142,453.49786,0.00507779,0.33630466,4413.4375,375.73093,0.000321,49.051273,208.19081,29.723566,2.8487318
Grid_Cell_134,2001,0.28223288,108,443.5842,0.00795203,0.13567929,3954.7295,510.24817,0.0007,51.967575,198.63106,28.686243,2.6934855
Grid_Cell_134,2002,0.28223288,139,426.95624,0.007318789,0.14169502,4244.389,398.92825,0.000366,57.542923,202.92168,29.493189,2.5873783
Grid_Cell_134,2003,0.28223288,183,467.75455,0.008395623,0.22834481,3912.5652,535.29443,0.000902,53.135864,209.56819,28.915827,2.5278146
Grid_Cell_134,2004,0.28233606,202,429.1366,0.00774584,0.17897783,4069.192,426.29178,0.00063,55.91658,210.89656,29.34646,2.6144557
Grid_Cell_134,2005,0.28223288,114,474.76196,0.008788137,0.2892691,4026.9453,522.94244,0.000878,55.343838,215.07553,29.150202,2.7752006
Grid_Cell_134,2006,0.28223288,108,487.8367,0.007815339,0.13709463,4374.671,540.9245,0.001103497,53.67946,220.00085,29.270288,2.7899458
Grid_Cell_134,2007,0.28223288,184,482.3232,0.007776787,0.19755659,4388.2314,512.9708,0.000689,53.265892,225.75558,28.919489,2.9858973
Grid_Cell_134,2008,0.28233606,177,435.11423,0.008417338,0.16186894,4120.265,495.2789,0.000967,57.53621,224.57588,28.458582,2.9257147
Grid_Cell_134,2009,0.28223288,163,458.83524,0.008096543,0.3091476,4338.0,422.6688,0.000571,51.589844,212.45746,29.835016,2.9336257
Grid_Cell_134,2010,0.28223288,329,477.26053,0.008201469,0.14289543,4400.5576,583.7832,0.003049065,54.30259,212.78198,29.771112,2.9388044
Grid_Cell_134,2011,0.28223288,283,495.65073,0.007787765,0.125364,4904.776,445.44492,0.001151853,58.216335,210.75975,30.042017,3.6901453
Grid_Cell_134,2012,0.28233606,691,554.90967,0.008144341,0.2813599,4796.969,689.123,0.003580909,52.09316,216.14131,30.202265,3.7454302
Grid_Cell_134,2013,0.28223288,739,515.24927,0.007525794,0.097883195,4882.1543,525.8034,0.002576017,53.32589,221.53798,30.886683,3.6156723
Grid_Cell_134,2014,0.28223288,959,469.9027,0.007748708,0.09340005,4864.2896,463.7034,0.002340438,54.771435,208.53554,30.847193,3.6260848
Grid_Cell_134,2015,0.28223288,955,518.9111,0.007088897,0.09685513,4999.941,539.6598,0.002681661,54.657673,206.50925,29.643152,3.6555471
Grid_Cell_134,2016,0.28233606,792,266.42798,0.007407474,0.09846814,4949.3354,148.89021,0.000972,67.998146,165.71478,30.155664,3.5710611
Grid_Cell_134,2017,0.28223288,952,176.04808,0.007152404,0.09583234,5225.4805,147.17917,0.000509,77.39878,92.320816,29.929132,3.8932705
Grid_Cell_134,2018,0.28223288,1402,176.69597,0.00739788,0.09771772,5174.9536,176.4774,0.000716,81.85777,79.29231,29.938837,3.903919
Grid_Cell_134,2019,0.28223288,1634,227.15053,0.007932399,0.0970417,5049.855,253.27835,0.000957,76.97591,85.80689,29.515253,3.9858704
Grid_Cell_134,2020,0.28233606,2854,595.1211,0.007988329,0.09680621,5058.4937,680.4786,0.005901885,53.043854,221.45444,28.780115,4.2344947
Grid_Cell_134,2021,0.28223288,3528,500.5269,0.007400433,0.09810259,5067.547,505.7618,0.003988219,56.319447,217.2042,28.989893,4.2380915
Grid_Cell_134,2022,0.28223288,3730,577.48096,0.007843037,0.098011926,4847.673,769.04425,0.005483089,51.924118,224.58572,27.895227,4.218078
Grid_Cell_134,2023,0.28223288,3549,588.8138,0.007685959,0.09741922,4956.8354,576.4457,0.002912274,49.802197,224.02034,29.307795,4.05742
Grid_Cell_134,2024,0.28233635,4400,595.03485,0.008102111,0.098922044,4946.943,708.5006,0.005240393,55.05499,222.04608,28.70968,4.2248435
Grid_Cell_134,2025,0.28223288,5521,561.8673,0.007266772,0.09707545,4928.619,636.90985,0.005059395,51.488026,227.50433,29.048792,4.1127033
Grid_Cell_135,2000,0.285262,142,452.44952,0.005431196,0.29996553,4485.619,370.80173,0.000343,48.913303,206.65201,29.226587,2.8976557
Grid_Cell_135,2001,0.2851644,108,436.23477,0.007960468,0.13315943,3999.535,494.62054,0.000662,51.87337,193.92415,28.630426,2.778417
Grid_Cell_135,2002,0.2851644,139,422.741,0.007307156,0.20069656,4304.0107,397.90982,0.000375,57.516068,199.10706,29.480433,2.6861112
Grid_Cell_135,2003,0.2851644,183,469.9448,0.008431451,0.30466694,4050.0874,529.6568,0.000863,52.84272,206.0329,28.814966,2.6417873
Grid_Cell_135,2004,0.28526637,202,433.80347,0.007778227,0.12018287,4175.149,434.766,0.00064,55.432056,207.9298,29.215326,2.7480283
Grid_Cell_135,2005,0.2851644,114,473.59558,0.008796842,0.18324938,4116.403,512.3218,0.000825,55.46067,211.9403,29.123774,2.8581116
Grid_Cell_135,2006,0.2851644,108,486.22974,0.007762671,0.1273822,4381.595,530.7995,0.000944,54.21284,216.2851,29.30636,2.813439
Grid_Cell_135,2007,0.2851644,184,479.97635,0.007758897,0.21623728,4392.0254,510.24927,0.000655,53.223064,222.83713,28.967249,3.0063426
Grid_Cell_135,2008,0.28526637,177,441.31912,0.008469821,0.31287146,4121.3457,504.9907,0.000966,57.03626,223.53493,28.515345,2.9410152
Grid_Cell_135,2009,0.2851644,163,452.65652,0.008113889,0.32894984,4346.8555,411.98328,0.000496,51.547756,210.99117,29.85296,2.9683516
Grid_Cell_135,2010,0.2851644,329,480.44867,0.008242383,0.22059996,4402.199,587.3353,0.003832205,54.049232,210.61636,29.791193,2.974318
Grid_Cell_135,2011,0.2851644,283,497.6412,0.007894262,0.1026329,4873.1445,445.38013,0.001017562,57.63415,209.48663,29.966547,3.7114809
Grid_Cell_135,2012,0.28526637,691,560.77527,0.008241394,0.342623,4770.7173,689.0637,0.003262975,51.531536,214.23404,30.157038,3.7768853
Grid_Cell_135,2013,0.2851644,739,519.511,0.00764003,0.091902174,4868.6313,526.014,0.002005462,53.15048,220.02008,30.790369,3.6458778
Grid_Cell_135,2014,0.2851644,959,470.3876,0.007840664,0.0876562,4874.755,463.71744,0.002607651,55.016796,206.77643,30.816645,3.6650915
Grid_Cell_135,2015,0.2851644,955,514.95715,0.007167633,0.08854028,5015.699,539.5172,0.003029815,53.8186,205.2568,29.55813,3.7193484
Grid_Cell_135,2016,0.28526637,792,284.1465,0.007505961,0.08936628,4956.4575,174.80615,0.001352247,66.6612,168.97047,30.056025,3.6261158
Grid_Cell_135,2017,0.2851644,952,183.13287,0.007287386,0.088690385,5228.3506,148.27211,0.000438,76.76373,94.60167,29.83288,3.945565
Grid_Cell_135,2018,0.2851644,1402,186.81018,0.007503843,0.08811538,5167.627,192.6288,0.001,81.11327,81.4583,29.86355,3.9448094
Grid_Cell_135,2019,0.2851644,1634,240.32329,0.008078677,0.08467083,5042.6475,273.77783,0.001825524,75.736115,93.20058,29.4714,4.017446
Grid_Cell_135,2020,0.28526637,2854,594.93585,0.008125256,0.08665078,5050.9995,680.98804,0.006357104,53.24024,221.33911,28.76452,4.2550206
Grid_Cell_135,2021,0.2851644,3528,502.71393,0.007538461,0.089606605,5065.737,506.16467,0.003719024,56.42263,216.61111,28.989191,4.273297
Grid_Cell_135,2022,0.2851644,3730,577.81573,0.007989417,0.09176958,4838.651,769.23755,0.005898521,52.211567,223.82774,27.883081,4.2285237
Grid_Cell_135,2023,0.2851644,3549,591.3788,0.007842048,0.08940549,4944.8813,578.2925,0.003041931,49.822037,223.53755,29.282831,4.0809126
Grid_Cell_135,2024,0.2852659,4400,593.3056,0.008222559,0.09030837,4942.717,708.5285,0.00558827,55.317295,221.2646,28.703547,4.239358
Grid_Cell_135,2025,0.2851644,5521,563.222,0.007393928,0.089334495,4926.549,636.3828,0.004746852,51.28469,227.0631,29.015467,4.1377883
Grid_Cell_136,2000,0.2827757,142,450.3518,0.005839331,0.31375834,4576.325,366.3617,0.0004,48.90528,205.31412,28.721186,2.9710414
Grid_Cell_136,2001,0.28268492,108,424.9758,0.007996143,0.21211758,4004.2495,480.6486,0.000631,48.46464,190.2941,28.605188,2.8905745
Grid_Cell_136,2002,0.28268492,139,415.40994,0.007319509,0.23079586,4308.465,399.6702,0.000425,53.42952,198.6867,29.5068,2.8171043
Grid_Cell_136,2003,0.28268492,183,473.19235,0.008497167,0.29165816,4163.346,523.32806,0.000864,51.249805,205.65906,28.753168,2.822712
Grid_Cell_136,2004,0.28278005,202,434.0533,0.00784155,0.3132703,4206.871,443.91226,0.000677,50.337116,207.50412,29.122126,2.943315
Grid_Cell_136,2005,0.28268492,114,470.0521,0.008803798,0.16547714,4101.5054,501.1729,0.000813,51.22383,211.88806,29.257318,2.964824
Grid_Cell_136,2006,0.28268492,108,483.35907,0.007710034,0.14107847,4250.6426,520.5935,0.000845,50.363865,214.35268,29.740168,2.856624
Grid_Cell_136,2007,0.28268492,184,481.64172,0.007736404,0.14047463,4283.413,506.9552,0.000681,50.032284,219.77461,29.575434,3.04874
Grid_Cell_136,2008,0.28278005,177,438.90866,0.008551843,0.37056434,4034.142,515.452,0.001033733,53.166664,222.46698,28.910456,2.970865
Grid_Cell_136,2009,0.28268492,163,439.53888,0.008151855,0.3421438,4242.5356,399.8495,0.000462,47.894928,211.34804,30.285822,3.015064
Grid_Cell_136,2010,0.28268492,329,481.07834,0.008282633,0.11123556,4273.0557,566.2397,0.002184086,49.69581,209.71144,30.33407,3.0006535
Grid_Cell_136,2011,0.28268492,283,493.75537,0.007981957,0.13735765,4757.2876,439.65613,0.000819,53.367794,207.63983,30.305597,3.7355905
Grid_Cell_136,2012,0.28278005,691,556.83655,0.00830456,0.3130836,4684.1616,665.95026,0.001742971,46.860497,209.70631,30.574244,3.8310518
Grid_Cell_136,2013,0.28268492,739,490.55725,0.007743616,0.08719439,4791.7925,492.96817,0.001573822,50.682198,216.21236,31.259943,3.7146108
Grid_Cell_136,2014,0.28268492,959,458.42987,0.007919002,0.08873498,4824.857,443.68127,0.001600308,51.761303,203.07259,31.221277,3.7520437
Grid_Cell_136,2015,0.28268492,955,504.8743,0.007270832,0.08732598,4938.7373,536.00507,0.002192216,49.982307,200.82097,29.969751,3.852773
Grid_Cell_136,2016,0.28278005,792,279.45056,0.007617027,0.08954751,4861.2764,168.40309,0.000848,62.918316,168.90594,30.369074,3.7361567
Grid_Cell_136,2017,0.28268492,952,165.73083,0.007500246,0.08498391,5128.1533,125.199005,0.000196,73.94012,91.473915,30.077082,4.0414896
Grid_Cell_136,2018,0.28268492,1402,177.47789,0.007708028,0.08621243,5035.1865,188.47945,0.001086692,77.6095,78.58374,29.930414,4.000289
Grid_Cell_136,2019,0.28268492,1634,266.80057,0.008284454,0.07825483,4901.6665,307.18332,0.0018045,69.96987,100.35978,29.49264,4.056761
Grid_Cell_136,2020,0.28278005,2854,584.84814,0.008328763,0.08466679,4922.0674,645.10504,0.0022979,50.045986,221.93037,28.798548,4.2885933
Grid_Cell_136,2021,0.28268492,3528,514.3444,0.007769735,0.081604615,4946.2505,507.74042,0.002565325,51.433365,214.73636,28.978357,4.317989
Grid_Cell_136,2022,0.28268492,3730,566.0081,0.008214962,0.08634434,4718.81,740.3443,0.00568361,48.406734,218.81369,27.883966,4.2761264
Grid_Cell_136,2023,0.28268492,3549,579.5625,0.008090162,0.08802492,4848.8936,525.8304,0.001478599,46.753315,217.2574,29.251093,4.139988
Grid_Cell_136,2024,0.28278,4400,585.41895,0.008424262,0.08221914,4827.825,756.16046,0.006126277,51.429966,212.60645,28.681421,4.2808676
Grid_Cell_136,2025,0.28268492,5521,544.34265,0.007620767,0.08800893,4889.4287,583.03,0.003019842,51.553864,224.74965,28.962702,4.1679645
Grid_Cell_137,2000,0.27071956,142,437.2547,0.006393994,0.12694748,4634.756,365.91995,0.000474,53.325336,210.40175,28.24026,3.096699
Grid_Cell_137,2001,0.27063012,108,421.2206,0.00812454,0.2358349,4170.6377,471.36923,0.000627,51.369305,197.52048,28.561274,3.030095
Grid_Cell_137,2002,0.27063012,139,403.8518,0.007492847,0.26259515,4422.4395,402.1272,0.000495,55.94643,205.26797,29.59759,2.99707
Grid_Cell_137,2003,0.27063012,183,470.33142,0.008947589,0.26701236,4208.1074,518.54584,0.000918,55.332775,213.3036,28.829065,3.060246
Grid_Cell_137,2004,0.2707246,202,432.61868,0.008276639,0.16150719,4293.1104,449.08752,0.000729,54.19378,213.58783,29.13943,3.1924953
Grid_Cell_137,2005,0.27063012,114,466.85205,0.00911863,0.12445181,4195.8994,492.39255,0.00085,55.514782,215.99628,29.299921,3.127461
Grid_Cell_137,2006,0.27063012,108,477.19336,0.007905383,0.14774434,4318.0723,513.0173,0.000829,55.058792,216.73753,29.722742,2.9673088
Grid_Cell_137,2007,0.27063012,184,473.63998,0.008012328,0.28592724,4360.9175,503.1072,0.000769,54.93948,221.23328,29.668848,3.1597672
Grid_Cell_137,2008,0.2707246,177,435.39426,0.008884285,0.1045701,4097.413,524.3797,0.001120932,57.024136,225.55495,28.996546,3.097436
Grid_Cell_137,2009,0.27063012,163,425.63602,0.00847493,0.15418716,4328.0596,390.77316,0.000469,52.622902,214.70158,30.31042,3.1251667
Grid_Cell_137,2010,0.27063012,329,477.95605,0.008562267,0.105292596,4329.6577,568.1772,0.002408408,54.026882,214.21364,30.379847,3.04014
Grid_Cell_137,2011,0.27063012,283,487.81427,0.00820406,0.13365085,4831.449,439.263,0.000846,57.760807,211.65283,30.345575,3.7694945
Grid_Cell_137,2012,0.2707246,691,552.09753,0.008495827,0.17203186,4768.5137,664.29486,0.002179754,50.10446,214.43082,30.621271,3.89403
Grid_Cell_137,2013,0.27063012,739,482.85358,0.007999215,0.07789078,4870.1006,490.7304,0.001567295,54.934948,219.8146,31.269983,3.7786176
Grid_Cell_137,2014,0.27063012,959,451.8408,0.008164284,0.07342189,4940.231,442.41446,0.001518579,56.53979,208.26762,31.22201,3.8393383
Grid_Cell_137,2015,0.27063012,955,501.5263,0.007420965,0.07523268,5085.6426,535.88196,0.002175202,53.50911,206.6656,29.935083,3.9921224
Grid_Cell_137,2016,0.2707246,792,269.12488,0.007768765,0.07706745,4971.105,156.37247,0.000441,67.20496,174.9246,30.269281,3.853882
Grid_Cell_137,2017,0.27063012,952,181.60144,0.007709164,0.077686295,5214.4673,141.11388,0.000242,76.34172,101.57921,30.024836,4.136147
Grid_Cell_137,2018,0.27063012,1402,182.13054,0.007907446,0.07944446,5117.4517,189.79164,0.000972,81.276146,84.73491,29.967463,4.0682683
Grid_Cell_137,2019,0.27063012,1634,271.37006,0.008495423,0.068719536,4976.758,317.64203,0.001904623,73.18609,109.52489,29.469507,4.1466923
Grid_Cell_137,2020,0.2707246,2854,575.0298,0.008572875,0.07226049,4997.0854,639.24695,0.002202934,54.463898,226.67331,28.728235,4.3868856
Grid_Cell_137,2021,0.27063012,3528,512.5851,0.00806242,0.07827523,5030.3145,509.3237,0.001959658,55.23214,218.88763,28.956568,4.4117904
Grid_Cell_137,2022,0.27063012,3730,570.4178,0.008511191,0.08079704,4793.493,744.768,0.004443103,51.676434,223.07233,27.865381,4.378113
Grid_Cell_137,2023,0.27063012,3549,565.3,0.008387709,0.08375634,4942.365,512.61334,0.001527692,51.05767,218.7889,29.216913,4.2586184
Grid_Cell_137,2024,0.2707249,4400,578.24365,0.008682358,0.07639218,4890.413,764.20087,0.006657615,55.475872,215.62769,28.634394,4.3904963
Grid_Cell_137,2025,0.27063012,5521,526.97485,0.007925347,0.07916142,4940.917,563.595,0.002492051,56.339302,226.68076,28.90014,4.26219
Grid_Cell_138,2000,0.26237258,142,416.15134,0.008057551,0.24992608,4436.498,370.35782,0.00054,56.10726,219.06541,27.97613,3.3232107
Grid_Cell_138,2001,0.26230136,108,409.14407,0.009605598,0.08814815,4138.169,467.23608,0.000662,57.791935,212.88928,28.100183,3.307561
Grid_Cell_138,2002,0.26230136,139,392.5971,0.00929281,0.2136009,4449.8633,403.83142,0.000555,64.22445,218.5008,29.196741,3.2683372
Grid_Cell_138,2003,0.26230136,183,466.91537,0.009678637,0.19557992,4304.8906,515.8793,0.000987,60.374306,224.52164,28.886316,3.36552
Grid_Cell_138,2004,0.26237705,202,420.62036,0.008997738,0.1750132,4409.5537,444.77716,0.000735,58.689293,221.63031,29.11056,3.503356
Grid_Cell_138,2005,0.26230136,114,458.98642,0.009658212,0.23898737,4281.095,490.7628,0.000936,59.251736,223.1083,29.279871,3.392632
Grid_Cell_138,2006,0.26230136,108,470.21332,0.008285455,0.13452475,4417.5654,516.3437,0.000886,58.129253,224.29329,29.648493,3.2014184
Grid_Cell_138,2007,0.26230136,184,461.47812,0.008477749,0.12661874,4504.782,497.40588,0.000885,58.305405,227.11664,29.784784,3.4224727
Grid_Cell_138,2008,0.26237705,177,426.794,0.00938966,0.08733152,4254.407,524.4928,0.001130424,59.610836,231.01465,29.102198,3.382887
Grid_Cell_138,2009,0.26230136,163,414.83496,0.008992721,0.10129958,4479.8525,392.50656,0.000487,55.54701,220.55617,30.336725,3.3816392
Grid_Cell_138,2010,0.26230136,329,471.06888,0.009140239,0.10594582,4437.381,566.0874,0.002870325,57.3317,221.81992,30.411005,3.3271947
Grid_Cell_138,2011,0.26230136,283,474.46222,0.008953902,0.21907249,5060.934,439.18954,0.001012459,62.219925,217.8846,30.242945,4.1881247
Grid_Cell_138,2012,0.26237705,691,543.0675,0.009181295,0.22986051,4998.5605,664.36914,0.003007439,54.153008,223.00876,30.368006,4.252739
Grid_Cell_138,2013,0.26230136,739,468.33298,0.008801937,0.076402575,5059.2124,491.04794,0.002299192,59.775894,225.87956,30.971094,4.1092
Grid_Cell_138,2014,0.26230136,959,437.9671,0.008957014,0.07713708,5142.3735,442.51273,0.002392616,61.964417,216.89766,30.877405,4.1736875
Grid_Cell_138,2015,0.26230136,955,496.65012,0.007890602,0.064178,5263.623,535.5256,0.001841462,56.96939,216.62248,29.746393,4.255787
Grid_Cell_138,2016,0.26237705,792,249.58829,0.008222853,0.0626705,5103.2188,142.65408,0.000379,71.36975,186.1687,30.042444,4.062967
Grid_Cell_138,2017,0.26230136,952,160.12671,0.008174133,0.06415606,5341.0117,102.069725,0.00013,80.68701,111.155136,29.89599,4.3307705
Grid_Cell_138,2018,0.26230136,1402,168.94049,0.00838834,0.06229309,5237.151,178.72057,0.000752,85.18055,87.51255,29.97503,4.2429943
Grid_Cell_138,2019,0.26230136,1634,255.17976,0.00923158,0.058446757,4988.618,312.67188,0.002340216,78.097786,117.99209,29.196222,4.342377
Grid_Cell_138,2020,0.26237705,2854,549.9162,0.009711359,0.061102416,4897.945,639.4689,0.002217586,60.537018,235.30179,28.343103,4.59638
Grid_Cell_138,2021,0.26230136,3528,492.96802,0.009326888,0.06295163,4885.3853,509.06125,0.001545116,62.32861,227.99973,28.446344,4.54453
Grid_Cell_138,2022,0.26230136,3730,567.9856,0.009611616,0.06685603,4705.8574,761.85144,0.004536291,57.131783,233.08508,27.471827,4.589859
Grid_Cell_138,2023,0.26230136,3549,539.6997,0.009584576,0.06783797,4789.621,505.99622,0.001218432,58.877903,225.9037,28.618402,4.400296
Grid_Cell_138,2024,0.26237735,4400,566.07544,0.00978242,0.068508096,4798.2827,764.19763,0.003715925,61.740517,226.72354,28.100458,4.584435
Grid_Cell_138,2025,0.26230136,5521,512.2261,0.00921634,0.066752724,4734.5547,573.1099,0.001894937,63.14316,233.62657,28.344355,4.378919
Grid_Cell_139,2000,0.26237258,142,390.13174,0.009713809,0.26765946,4109.485,379.09894,0.000596,58.363853,228.09296,27.675837,3.6109457
Grid_Cell_139,2001,0.26230136,108,392.64493,0.01107666,0.1671035,4039.3892,468.15192,0.000718,62.172123,227.42395,27.602869,3.6110883
Grid_Cell_139,2002,0.26230136,139,369.90417,0.011286875,0.2813053,4331.111,405.0486,0.000592,70.35204,230.61853,28.76156,3.6062481
Grid_Cell_139,2003,0.26230136,183,441.0829,0.012273366,0.26819685,4051.5896,515.21405,0.001076462,67.99107,236.2798,28.549768,3.792335
Grid_Cell_139,2004,0.26237705,202,390.058,0.011628421,0.3012186,4229.108,434.0465,0.000729,68.20693,231.09848,28.49441,3.9171197
Grid_Cell_139,2005,0.26230136,114,448.93268,0.011768209,0.29477692,4193.234,495.03098,0.001039914,67.95449,231.5984,28.524683,3.8724952
Grid_Cell_139,2006,0.26230136,108,457.6907,0.010225695,0.22837885,4506.8804,528.9678,0.000997,67.629326,233.12059,28.54165,3.6942265
Grid_Cell_139,2007,0.26230136,184,437.40167,0.010640044,0.24112335,4541.4766,488.70325,0.000956,63.36721,234.25623,29.128778,4.0305204
Grid_Cell_139,2008,0.26237705,177,405.9305,0.011340254,0.17481698,4353.5996,518.0951,0.001043132,64.28511,237.2792,28.581629,4.026876
Grid_Cell_139,2009,0.26230136,163,402.49487,0.01117953,0.3358994,4458.784,403.31952,0.000514,60.165016,228.19199,29.593042,3.9649956
Grid_Cell_139,2010,0.26230136,329,427.81165,0.01223929,0.18260078,4328.525,559.50696,0.004145959,66.21153,232.86127,29.234095,4.2245235
Grid_Cell_139,2011,0.26230136,283,417.4339,0.013596796,0.3165153,4504.96,443.4545,0.001318325,74.384705,233.52861,28.127161,5.2558646
Grid_Cell_139,2012,0.26237705,691,469.46844,0.01388696,0.2586549,4195.0796,663.8877,0.004343473,69.50735,243.12115,28.028833,4.946762
Grid_Cell_139,2013,0.26230136,739,406.98788,0.013993962,0.0239741,4238.7163,491.84494,0.002860418,75.36703,237.81529,28.507654,4.7477612
Grid_Cell_139,2014,0.26230136,959,385.0687,0.013881137,0.022066738,4267.0103,445.12524,0.003203548,76.97283,234.15555,28.364191,4.7951603
Grid_Cell_139,2015,0.26230136,955,442.06906,0.012725657,0.035721608,4141.4507,535.8776,0.001615253,76.49422,238.75522,26.445246,5.002773
Grid_Cell_139,2016,0.26237705,792,297.23373,0.012889017,0.030603277,4000.9983,284.26776,0.001398354,84.828186,228.07474,26.46493,4.7255692
Grid_Cell_139,2017,0.26230136,952,252.30687,0.012836561,0.026248204,4180.852,182.40445,0.000487,89.45086,194.76036,26.66305,4.9138184
Grid_Cell_139,2018,0.26230136,1402,200.52185,0.013430408,0.029947856,4117.2915,185.66388,0.000889,94.77071,168.30376,27.443567,4.7002206
Grid_Cell_139,2019,0.26230136,1634,251.44728,0.013238115,0.020557292,3952.2788,287.4204,0.002613476,90.24186,176.69218,26.678034,4.724946
Grid_Cell_139,2020,0.26237705,2854,479.54724,0.013540201,0.014455251,4000.9934,640.2433,0.0019218,73.99968,246.84842,26.881464,5.0622954
Grid_Cell_139,2021,0.26230136,3528,435.80466,0.013363892,0.018631179,3914.9238,515.49915,0.001692069,77.045944,240.651,26.591455,4.8939476
Grid_Cell_139,2022,0.26230136,3730,525.81915,0.013109447,0.037091322,3884.2585,783.0745,0.003534456,69.386795,246.29523,25.965754,5.065921
Grid_Cell_139,2023,0.26230136,3549,467.5665,0.013479353,0.012435699,3760.6355,511.56577,0.00082,74.95684,241.27423,26.485437,4.6865635
Grid_Cell_139,2024,0.26237735,4400,500.57574,0.013354143,0.030735502,3946.8005,764.48193,0.003066034,77.62738,244.63425,26.253077,5.0382605
Grid_Cell_139,2025,0.26230136,5521,451.66202,0.0132825,0.011225944,3709.2825,571.81146,0.001308504,78.28443,243.27501,26.40246,4.673411
Grid_Cell_14,2000,0.18075454,142,853.4922,0.007394838,0.26021913,4251.2803,930.01465,0.001871729,48.72256,249.01555,28.570368,2.4927702
Grid_Cell_14,2001,0.18071835,108,776.9122,0.010197362,0.24504761,3671.373,1130.881,0.003678178,56.281445,253.66,26.9826,2.3865678
Grid_Cell_14,2002,0.18071835,139,761.3134,0.009909848,0.26324666,3946.289,919.9203,0.002151353,57.071735,235.56123,27.68847,2.3044674
Grid_Cell_14,2003,0.18071835,183,721.6593,0.010921287,0.28980458,3643.6462,959.2473,0.002309445,60.72906,258.77542,26.920465,2.299527
Grid_Cell_14,2004,0.18075655,202,769.9149,0.01062208,0.26639995,3690.2417,1010.3162,0.003278699,58.30669,250.68494,27.18667,2.264285
Grid_Cell_14,2005,0.18071835,114,798.2814,0.010717243,0.2926926,3886.6628,1046.9888,0.003870873,59.472206,254.27306,26.977198,2.316913
Grid_Cell_14,2006,0.18071835,108,913.68506,0.009275739,0.27880037,4304.53,1271.0616,0.00471788,55.373627,259.68338,27.010218,2.4397402
Grid_Cell_14,2007,0.18071835,184,889.9303,0.009779574,0.29814753,4084.2927,1112.9746,0.003394216,52.8999,262.14438,26.375422,2.5071988
Grid_Cell_14,2008,0.18075655,177,751.9412,0.009806795,0.21679243,3911.808,1058.6683,0.004143473,63.060646,246.21738,25.829767,2.3986654
Grid_Cell_14,2009,0.18071835,163,847.5002,0.010331002,0.27622768,4053.5457,953.4531,0.002231442,57.556946,241.97736,26.930292,2.468797
Grid_Cell_14,2010,0.18071808,329,862.8734,0.009917297,0.19671981,4158.485,1014.3046,0.006710469,56.420708,254.32417,26.989038,2.4349003
Grid_Cell_14,2011,0.18071835,283,908.83716,0.008984967,0.26695985,4197.0977,979.3245,0.004305606,56.077526,254.51318,27.006678,2.3553507
Grid_Cell_14,2012,0.18075655,691,892.7757,0.009519881,0.2939719,3987.8806,1250.3346,0.014372489,53.9307,264.88858,27.331385,2.3376775
Grid_Cell_14,2013,0.18071835,739,884.10815,0.00900552,0.07528613,4143.6206,1009.1045,0.007487237,53.91456,252.44025,27.988428,2.2430696
Grid_Cell_14,2014,0.18071835,959,931.2474,0.009174948,0.07497375,4143.3154,1063.4739,0.006969997,51.63726,245.88393,27.994257,2.2910504
Grid_Cell_14,2015,0.18071835,955,880.08246,0.008749284,0.07844595,4292.1226,993.1788,0.007023051,57.422417,248.58273,26.973108,2.3261292
Grid_Cell_14,2016,0.18075655,792,558.1198,0.009145435,0.07956817,4300.6772,456.6473,0.002379054,73.42499,180.98651,27.302942,2.269661
Grid_Cell_14,2017,0.18071835,952,479.39307,0.00863251,0.079433665,4356.2593,482.6142,0.002144076,80.15693,131.73004,27.51687,2.4059758
Grid_Cell_14,2018,0.18071835,1402,647.468,0.00897074,0.08025827,4289.1104,714.7213,0.006744777,75.7511,164.45856,28.47146,2.4501176
Grid_Cell_14,2019,0.18071835,1634,744.59796,0.009775448,0.07781338,4025.8315,1066.5518,0.009776928,68.69062,217.63803,27.739435,2.544295
Grid_Cell_14,2020,0.18075655,2854,827.73035,0.009751608,0.079042286,4199.8955,1108.6487,0.012572763,62.765827,264.15875,26.918543,2.8284156
Grid_Cell_14,2021,0.18071835,3528,792.69604,0.009258711,0.08177819,4151.8296,953.4294,0.007263401,60.31812,243.16365,27.252985,2.7750094
Grid_Cell_14,2022,0.18071835,3730,820.64624,0.009247126,0.083004996,4034.4973,1254.8748,0.013048318,57.659935,259.55585,26.406305,2.8501332
Grid_Cell_14,2023,0.18071835,3549,872.0913,0.009170487,0.08196607,4094.718,1055.0865,0.008462469,52.264767,255.90518,27.791773,2.7062552
Grid_Cell_14,2024,0.18075393,4400,890.7253,0.009435196,0.08385933,4181.9,1180.1763,0.013912049,63.908005,251.5464,27.19137,2.774541
Grid_Cell_14,2025,0.18071577,5521,763.85223,0.008770111,0.08598575,4010.354,1021.666,0.008512687,59.48576,252.77005,27.635706,2.706923
Grid_Cell_140,2000,0.26820448,142,398.45908,0.010904845,0.31555817,3622.2654,389.07687,0.000994,51.16084,245.54869,27.474115,3.8492444
Grid_Cell_140,2001,0.26813698,108,418.53036,0.012158581,0.30538923,3540.1128,471.34656,0.001199569,52.38528,246.73389,27.213495,3.8311224
Grid_Cell_140,2002,0.26813698,139,399.45728,0.012749169,0.31827515,3784.814,406.44614,0.000922,59.394173,246.90128,28.408442,3.8527207
Grid_Cell_140,2003,0.26813698,183,464.92386,0.014171287,0.30094522,3460.9856,515.44727,0.001767459,57.394135,253.73332,28.288324,4.143705
Grid_Cell_140,2004,0.26821038,202,404.15875,0.013559043,0.37657177,3574.422,420.7902,0.001132589,56.806973,248.11006,28.0198,4.250521
Grid_Cell_140,2005,0.26813698,114,455.4084,0.013886308,0.3652918,3566.8843,500.499,0.001769705,61.912933,250.08934,27.566462,4.361947
Grid_Cell_140,2006,0.26813698,108,483.66794,0.012801815,0.41460836,3792.7976,544.2066,0.00187689,65.65933,254.3024,26.956049,4.2632337
Grid_Cell_140,2007,0.26813698,184,462.48682,0.013467791,0.36639196,3901.318,478.64844,0.001477747,60.353004,252.26245,28.060053,4.7510686
Grid_Cell_140,2008,0.26821038,177,423.98938,0.01382977,0.3311888,3737.9775,510.03342,0.001523552,54.725754,256.078,27.729303,4.7849703
Grid_Cell_140,2009,0.26813698,163,424.66077,0.014012615,0.33032718,3710.788,416.74176,0.00088,51.96526,248.96071,28.468317,4.6608515
Grid_Cell_140,2010,0.26813698,329,471.45337,0.014158263,0.29782546,3781.6416,556.73785,0.002565123,53.732098,254.30238,28.531122,4.755243
Grid_Cell_140,2011,0.26813698,283,476.01636,0.013671416,0.3759232,4200.5645,512.35846,0.002168116,57.98456,255.03505,28.008814,5.4815493
Grid_Cell_140,2012,0.26821038,691,524.4475,0.013956005,0.38429427,3869.0625,652.9837,0.005787537,53.337975,265.02533,27.889002,5.1097403
Grid_Cell_140,2013,0.26813698,739,452.84576,0.014077759,0.001376691,3928.1543,503.81674,0.003308291,60.776844,254.74153,28.35946,4.9096794
Grid_Cell_140,2014,0.26813698,959,451.50598,0.013977763,0.003220769,3931.3464,488.49158,0.003760305,61.26536,250.26044,28.212152,4.9314957
Grid_Cell_140,2015,0.26813698,955,491.29654,0.013148808,0.008775351,3829.2563,547.7037,0.002560757,61.6743,257.90955,26.434198,5.346232
Grid_Cell_140,2016,0.26821038,792,287.26886,0.013377658,0.019296663,3750.851,233.97385,0.001602763,73.96156,236.90837,26.548182,5.0859175
Grid_Cell_140,2017,0.26813698,952,228.18184,0.01329452,0.016864585,3948.66,161.83044,0.000635,78.794556,200.83737,26.81933,5.2620716
Grid_Cell_140,2018,0.26813698,1402,196.99782,0.013850093,0.008049958,3874.878,197.11836,0.001862774,82.845215,180.51518,27.573511,4.9970355
Grid_Cell_140,2019,0.26813698,1634,224.35225,0.013610861,0.003208868,3655.7026,231.63516,0.001964911,79.76015,182.75624,26.715815,4.894912
Grid_Cell_140,2020,0.26821038,2854,546.19617,0.013874716,-0.007576494,3705.5059,659.9522,0.003504966,59.142128,266.0903,26.89538,5.2084703
Grid_Cell_140,2021,0.26813698,3528,504.30908,0.013808604,0.020275675,3654.4236,525.1025,0.002018408,62.89897,256.70493,26.659784,5.0304203
Grid_Cell_140,2022,0.26813698,3730,617.7995,0.01353405,0.017701933,3620.208,810.5681,0.005656791,54.085735,265.93906,26.018335,5.192188
Grid_Cell_140,2023,0.26813698,3549,511.8832,0.013981631,0.003085266,3472.9404,545.84814,0.00193626,62.24627,263.14395,26.513391,4.738276
Grid_Cell_140,2024,0.2682107,4400,559.9959,0.013799195,0.004977439,3627.9492,782.84424,0.006292657,61.73432,267.63397,26.299707,5.150113
Grid_Cell_140,2025,0.26813698,5521,506.05356,0.013771494,0.001919764,3455.8044,551.75757,0.002173596,66.80828,263.1869,26.44671,4.796688
Grid_Cell_141,2000,0.29152766,142,482.48148,0.005300653,0.30508187,4606.3403,427.3112,0.000577,51.995373,211.50012,28.80694,2.697929
Grid_Cell_141,2001,0.2914578,108,471.7387,0.008474553,0.1593817,4016.929,600.2813,0.001128158,60.34727,208.90234,27.749262,2.7639308
Grid_Cell_141,2002,0.2914578,139,477.96677,0.008033978,0.26979238,4181.473,479.67877,0.000579,60.228943,218.51088,28.589869,2.6187825
Grid_Cell_141,2003,0.2914578,183,518.13544,0.008870901,0.31219348,3771.1926,667.02856,0.001685866,52.14217,229.793,28.464441,2.555075
Grid_Cell_141,2004,0.2915355,202,476.8962,0.00802699,0.1278553,4104.8975,476.2464,0.000653,58.431526,219.53166,29.15011,2.6259654
Grid_Cell_141,2005,0.2914578,114,512.78766,0.008489195,0.33901754,4087.0352,588.9888,0.001023236,55.915546,219.01326,29.153955,2.7920158
Grid_Cell_141,2006,0.2914578,108,508.98422,0.007774222,0.11863777,4295.5317,595.41376,0.001093647,53.125225,226.31337,29.313227,2.7925143
Grid_Cell_141,2007,0.2914578,184,504.70184,0.00743576,0.23471743,4482.207,545.1473,0.00100137,57.12099,227.3805,28.897943,2.9317193
Grid_Cell_141,2008,0.2915355,177,453.55438,0.007682092,0.19100033,4260.9995,576.3613,0.001346021,57.49821,224.0229,28.349787,2.9656396
Grid_Cell_141,2009,0.2914578,163,504.5203,0.007316824,0.23414361,4372.9297,496.7028,0.000811,48.90741,216.83408,29.965448,2.8342764
Grid_Cell_141,2010,0.2914578,329,547.8558,0.007456184,0.19864473,4403.0474,657.7319,0.003473661,50.313618,217.36147,29.683985,2.8470578
Grid_Cell_141,2011,0.2914578,283,419.9082,0.006672415,0.34392986,5518.8984,332.37,0.001015192,63.96258,193.52664,29.841608,4.0124054
Grid_Cell_141,2012,0.2915355,691,500.67706,0.007250407,0.17460041,5460.662,578.8062,0.001976038,54.758698,182.43259,29.944086,4.179583
Grid_Cell_141,2013,0.2914578,739,454.25412,0.006813708,0.09185603,5441.3003,462.23676,0.002451223,56.41706,197.02348,30.684473,4.0145764
Grid_Cell_141,2014,0.2914578,959,440.7416,0.006947944,0.08537581,5671.8047,414.51047,0.001409955,57.993935,183.4775,30.801386,4.195434
Grid_Cell_141,2015,0.2914578,955,382.196,0.006600866,0.08245538,5715.2583,365.84567,0.000801,62.400654,166.77583,29.314417,4.329211
Grid_Cell_141,2016,0.2915355,792,270.94403,0.007108861,0.08694011,5492.707,212.55565,0.001564392,68.716774,142.4876,30.13891,4.161396
Grid_Cell_141,2017,0.2914578,952,180.78171,0.006628654,0.08234842,5592.137,150.06384,0.000605,76.35972,93.8963,29.623621,4.2298117
Grid_Cell_141,2018,0.2914578,1402,170.31857,0.006920963,0.09088075,5269.712,166.85677,0.001810531,83.74585,78.76117,29.780481,3.917104
Grid_Cell_141,2019,0.2914578,1634,176.7642,0.007364002,0.083639205,5184.716,180.12779,0.000632,82.01462,73.26281,29.408564,4.0107336
Grid_Cell_141,2020,0.2915355,2854,504.7448,0.007526222,0.0892869,5211.6025,509.46365,0.001826988,59.43876,203.26263,28.714685,4.251059
Grid_Cell_141,2021,0.2914578,3528,486.68668,0.006812091,0.08897201,5196.407,501.5585,0.002217545,59.686832,197.6457,28.9078,4.133468
Grid_Cell_141,2022,0.2914578,3730,501.41003,0.0072194,0.087685004,4987.8145,594.5573,0.003617863,55.051617,205.22308,27.763727,4.194311
Grid_Cell_141,2023,0.2914578,3549,522.2296,0.007269281,0.08951018,5101.382,502.40738,0.002369986,54.78914,209.52672,29.188288,4.0399194
Grid_Cell_141,2024,0.29153287,4400,595.30396,0.007684907,0.09031657,5027.8354,732.53046,0.006150347,55.218426,211.57541,28.522272,4.208552
Grid_Cell_141,2025,0.29145548,5521,468.80634,0.006839213,0.09193223,4969.4976,482.68253,0.003285618,57.39463,215.14233,29.092585,4.0100484
Grid_Cell_142,2000,0.2873634,142,477.6654,0.005513383,0.18692404,4693.25,419.66153,0.000558,53.953125,209.4106,28.364588,2.7109456
Grid_Cell_142,2001,0.28729478,108,459.1081,0.008450183,0.15601054,4064.4033,575.8538,0.00103474,61.396458,204.99605,27.550623,2.7967048
Grid_Cell_142,2002,0.28729478,139,475.54434,0.007915954,0.21028928,4246.6113,472.12524,0.000578,61.027126,215.85385,28.47561,2.648611
Grid_Cell_142,2003,0.28729478,183,509.42203,0.008762164,0.13219564,3840.2712,635.1955,0.001577034,52.50861,226.29526,28.414972,2.5942187
Grid_Cell_142,2004,0.28737023,202,466.94748,0.007921536,0.19269206,4174.746,459.19238,0.000642,60.13992,216.58182,29.078974,2.6559858
Grid_Cell_142,2005,0.28729478,114,498.4161,0.008448,0.118212596,4133.0254,568.63293,0.000951,57.405064,215.15433,29.128626,2.8193102
Grid_Cell_142,2006,0.28729478,108,503.31854,0.007710373,0.14445442,4318.541,587.6399,0.001111757,53.755844,223.74428,29.394312,2.8039527
Grid_Cell_142,2007,0.28729478,184,500.09348,0.00741464,0.2387303,4521.61,537.4663,0.00104201,58.005405,225.83379,28.982203,2.9467194
Grid_Cell_142,2008,0.2873702,177,445.87717,0.007697338,0.17437054,4288.3843,571.3595,0.001399481,58.943966,222.72763,28.404932,2.977149
Grid_Cell_142,2009,0.28729478,163,497.87936,0.007305619,0.099967346,4421.289,481.97702,0.000764,50.447903,214.49815,30.057947,2.852701
Grid_Cell_142,2010,0.28729478,329,543.9138,0.007451061,0.14844409,4435.826,662.7193,0.003954911,51.592438,214.54582,29.790003,2.8605509
Grid_Cell_142,2011,0.28729478,283,391.0398,0.006686097,0.09415189,5562.337,299.78964,0.001184579,66.60747,190.55962,29.901392,4.051652
Grid_Cell_142,2012,0.28737023,691,481.16412,0.007270721,0.17035751,5517.8804,557.1467,0.002101202,56.76191,178.26605,29.984125,4.2173567
Grid_Cell_142,2013,0.28729478,739,440.3772,0.006777516,0.09097027,5518.91,448.5834,0.002314339,58.06494,193.19559,30.759058,4.0628643
Grid_Cell_142,2014,0.28729478,959,427.314,0.006904119,0.0910887,5733.5503,399.5568,0.00142338,59.896202,179.55208,30.890253,4.227489
Grid_Cell_142,2015,0.28729478,955,379.59103,0.006586914,0.09148878,5795.609,365.91806,0.000793,64.2601,163.31998,29.301142,4.3666773
Grid_Cell_142,2016,0.2873702,792,261.1709,0.007080705,0.09531773,5574.7505,195.42303,0.000755,69.90859,137.56702,30.157038,4.2211294
Grid_Cell_142,2017,0.28729478,952,178.44893,0.006610003,0.08724302,5671.083,154.79857,0.000572,77.28686,89.22547,29.66833,4.2856336
Grid_Cell_142,2018,0.28729478,1402,161.93777,0.006892541,0.094483465,5334.5693,156.09781,0.000894,85.23018,76.346466,29.837366,3.9648778
Grid_Cell_142,2019,0.28729478,1634,174.49837,0.007334838,0.08764751,5245.195,175.57993,0.000412,82.68425,71.54554,29.44378,4.0640554
Grid_Cell_142,2020,0.2873702,2854,505.90155,0.007509169,0.0877031,5256.0674,509.09317,0.001874064,60.122868,201.74232,28.702112,4.283846
Grid_Cell_142,2021,0.28729478,3528,487.48157,0.006812522,0.09047436,5251.5186,501.2442,0.002125579,60.090183,195.56047,28.981134,4.185386
Grid_Cell_142,2022,0.28729478,3730,498.52213,0.00722803,0.08990742,5018.3975,594.35645,0.003993576,55.69147,203.4472,27.855097,4.2253385
Grid_Cell_142,2023,0.28729478,3549,525.37885,0.007250285,0.08704186,5139.83,511.09378,0.002624041,55.07081,209.354,29.2922,4.060159
Grid_Cell_142,2024,0.28737012,4400,596.4984,0.007671884,0.091246575,5061.482,732.5379,0.006335348,55.292103,211.82437,28.622766,4.2557354
Grid_Cell_142,2025,0.2872945,5521,470.21756,0.006832346,0.09184386,5011.2925,482.67944,0.003301843,58.349113,214.04025,29.176538,4.04167
Grid_Cell_143,2000,0.2753051,142,469.3348,0.005564681,0.1697739,4773.9697,408.6029,0.000511,57.275253,208.27034,28.276636,2.7271397
Grid_Cell_143,2001,0.27523643,108,452.37,0.008400595,0.16316658,4150.1235,557.37286,0.000961,64.94188,202.40627,27.532831,2.8239307
Grid_Cell_143,2002,0.27523643,139,468.29324,0.00780907,0.14174183,4347.5693,462.55753,0.000576,64.615036,213.72691,28.501886,2.671625
Grid_Cell_143,2003,0.27523643,183,500.79718,0.008660243,0.11828502,3936.896,607.2656,0.001452538,56.443546,223.43721,28.492884,2.5941844
Grid_Cell_143,2004,0.27531064,202,453.5436,0.007838862,0.16181445,4233.7793,441.24658,0.000631,62.652344,214.73463,29.122309,2.6447837
Grid_Cell_143,2005,0.27523643,114,486.33527,0.008411835,0.12219003,4188.202,553.34125,0.000907,60.38758,213.08572,29.171167,2.8275979
Grid_Cell_143,2006,0.27523643,108,498.78577,0.007647965,0.12881038,4385.4033,574.10095,0.001067257,56.444363,221.94589,29.472773,2.8071718
Grid_Cell_143,2007,0.27523643,184,494.41052,0.007384338,0.18931322,4592.1353,523.89075,0.001010555,61.248497,224.20563,29.070887,2.9667535
Grid_Cell_143,2008,0.27531064,177,439.60013,0.007703735,0.097343676,4344.83,559.6886,0.001370646,61.86833,221.9053,28.484308,2.9907079
Grid_Cell_143,2009,0.27523643,163,487.50922,0.007309139,0.12594107,4507.6562,461.4797,0.000701,53.402485,212.48927,30.13006,2.870201
Grid_Cell_143,2010,0.27523643,329,536.4294,0.007455109,0.16073345,4508.7534,659.4145,0.004350216,54.26197,212.07988,29.867823,2.87514
Grid_Cell_143,2011,0.27523643,283,391.03656,0.006694011,0.24321747,5649.4067,299.83286,0.000666,69.08885,191.29027,29.977594,4.084666
Grid_Cell_143,2012,0.27531064,691,481.34723,0.007269242,0.17590696,5621.192,557.25446,0.002004515,59.005157,179.5468,30.028131,4.2688594
Grid_Cell_143,2013,0.27523643,739,439.57043,0.006745318,0.092362344,5630.8325,448.5931,0.002374729,60.189663,194.3843,30.807306,4.1087203
Grid_Cell_143,2014,0.27523643,959,423.8612,0.006875082,0.09334287,5825.591,399.50604,0.002595493,62.50807,180.98051,30.936792,4.2584476
Grid_Cell_143,2015,0.27523643,955,380.22284,0.006580578,0.09403391,5874.225,365.89426,0.000847,67.59942,164.46242,29.450373,4.385958
Grid_Cell_143,2016,0.27531064,792,257.93866,0.007052283,0.09519825,5666.1753,192.39651,0.001026786,72.626015,138.99136,30.234735,4.2557945
Grid_Cell_143,2017,0.27523643,952,174.78447,0.0065984,0.087411754,5752.874,145.03535,0.000332,80.593315,87.72294,29.757227,4.3142295
Grid_Cell_143,2018,0.27523643,1402,145.73021,0.006874778,0.09287475,5409.0786,142.11719,0.000776,89.11547,71.607254,29.895868,3.9763505
Grid_Cell_143,2019,0.27523643,1634,159.46368,0.007310841,0.08994301,5339.479,158.19624,0.000238,86.555466,67.75855,29.481195,4.092617
Grid_Cell_143,2020,0.27531064,2854,505.642,0.007501461,0.090395145,5331.4126,508.92624,0.001761301,63.13517,201.51256,28.703669,4.301981
Grid_Cell_143,2021,0.27523643,3528,486.22876,0.006806046,0.09087504,5351.823,501.01846,0.002004798,62.7843,195.91136,29.013666,4.236379
Grid_Cell_143,2022,0.27523643,3730,498.47464,0.007228146,0.09007697,5118.87,594.37366,0.004050058,58.527584,204.08444,27.854914,4.2731466
Grid_Cell_143,2023,0.27523643,3549,520.1776,0.007223942,0.09207846,5235.186,501.3274,0.002615003,58.19665,209.07326,29.292048,4.084029
Grid_Cell_143,2024,0.2753116,4400,592.59485,0.007642954,0.09279089,5162.5693,732.5375,0.007642948,57.96747,211.05858,28.636896,4.29412
Grid_Cell_143,2025,0.2752363,5521,469.29874,0.006815247,0.09588205,5118.004,482.67444,0.003087752,61.175278,214.46886,29.185053,4.0762453
Grid_Cell_144,2000,0.27363616,142,457.14383,0.005257,0.24778786,4771.9644,393.90802,0.000445,56.983303,208.33064,28.864069,2.7395756
Grid_Cell_144,2001,0.27356932,108,445.36188,0.008271235,0.15783004,4157.4463,545.8428,0.000907,65.85839,202.48717,27.847315,2.8228006
Grid_Cell_144,2002,0.27356932,139,455.54385,0.007701375,0.26012537,4369.0825,449.631,0.000573,65.487015,213.67694,28.740747,2.674844
Grid_Cell_144,2003,0.27356932,183,490.07166,0.008559058,0.12869106,3970.7478,581.202,0.001277151,57.38034,222.61342,28.63653,2.5983968
Grid_Cell_144,2004,0.27364126,202,436.90967,0.007766557,0.121261396,4245.9053,420.52094,0.000597,63.573387,213.98763,29.226587,2.6378849
Grid_Cell_144,2005,0.27356932,114,473.6744,0.00839427,0.11054209,4188.886,541.7475,0.000872,60.83561,213.11766,29.236658,2.8282828
Grid_Cell_144,2006,0.27356932,108,486.16922,0.007600465,0.11192827,4419.9844,552.1673,0.000981,56.84749,221.71445,29.515497,2.815528
Grid_Cell_144,2007,0.27356932,184,481.9441,0.007375578,0.22145158,4646.21,501.77234,0.0009,62.398525,223.21492,29.122492,2.9943564
Grid_Cell_144,2008,0.27364123,177,428.82104,0.007720835,0.1295023,4364.2974,539.10724,0.001256042,62.299416,222.05751,28.532953,3.0048814
Grid_Cell_144,2009,0.27356932,163,470.5435,0.007338043,0.11459731,4564.1997,431.55182,0.000605,54.96151,211.14217,30.159876,2.8912284
Grid_Cell_144,2010,0.27356932,329,520.0296,0.007456126,0.13786083,4549.6763,650.0628,0.004746315,55.091457,210.31143,29.913752,2.9029825
Grid_Cell_144,2011,0.27356932,283,387.1939,0.006706977,0.15108025,5698.8643,299.76804,0.000687,69.53653,194.05989,30.03625,4.122063
Grid_Cell_144,2012,0.27364126,691,481.83408,0.007257938,0.18637352,5716.183,557.27606,0.002239361,60.168858,183.63011,30.081873,4.3327937
Grid_Cell_144,2013,0.27356932,739,434.96207,0.006712365,0.094342016,5705.652,448.53912,0.002872671,59.878067,198.07927,30.856318,4.1612887
Grid_Cell_144,2014,0.27356932,959,421.2487,0.006858886,0.12012133,5874.762,399.4488,0.002560815,62.221886,186.3993,30.963587,4.2895436
Grid_Cell_144,2015,0.27356932,955,379.4755,0.006576499,0.101325,5860.639,365.91696,0.000896,67.82484,171.11717,29.54873,4.376848
Grid_Cell_144,2016,0.27364123,792,259.3496,0.007027628,0.09966976,5687.0034,194.74773,0.001418347,73.073074,146.45761,30.311152,4.258561
Grid_Cell_144,2017,0.27356932,952,161.1808,0.006594804,0.09219336,5757.6265,123.255,0.000314,82.55064,92.44204,29.872309,4.301969
Grid_Cell_144,2018,0.27356932,1402,151.47581,0.00686462,0.1002636,5404.5645,152.46684,0.000816,89.188995,74.6897,30.052576,3.9616246
Grid_Cell_144,2019,0.27356932,1634,172.36969,0.007302999,0.09608949,5349.485,171.3906,0.000325,86.31153,73.50468,29.550196,4.0934734
Grid_Cell_144,2020,0.27364123,2854,504.61987,0.007492458,0.09810137,5378.311,508.94992,0.001856359,64.024124,205.16232,28.741755,4.3214483
Grid_Cell_144,2021,0.27356932,3528,481.81268,0.006825711,0.10326671,5384.2554,502.4711,0.002512925,63.216778,200.26758,29.089106,4.28066
Grid_Cell_144,2022,0.27356932,3730,496.9378,0.007239256,0.11309935,5157.1895,594.30237,0.003778141,59.12817,208.72354,27.939203,4.3060236
Grid_Cell_144,2023,0.27356932,3549,513.85425,0.007208268,0.111418135,5283.972,493.7285,0.002652545,59.125206,211.43642,29.399744,4.123036
Grid_Cell_144,2024,0.2736408,4400,589.157,0.007633867,0.10662519,5198.9517,732.5409,0.008119815,58.407284,213.29578,28.740015,4.330889
Grid_Cell_144,2025,0.2735685,5521,465.01764,0.006818566,0.122948356,5152.7134,482.70007,0.003229545,61.85986,216.8608,29.28631,4.106745
Grid_Cell_145,2000,0.28944856,142,461.36298,0.004967708,0.1823389,4709.9756,378.2747,0.000568,53.646473,212.65024,29.543024,2.765985
Grid_Cell_145,2001,0.2893811,108,455.8584,0.008172817,0.19678411,4144.3247,539.0831,0.001303925,60.60155,204.79767,28.25323,2.8379376
Grid_Cell_145,2002,0.28938082,139,458.13367,0.007623152,0.27624914,4378.6616,435.16333,0.000829,61.214672,217.13226,29.103296,2.692036
Grid_Cell_145,2003,0.28938082,183,512.64905,0.008487842,0.1077073,3976.2297,555.11566,0.001654788,54.83845,223.96367,28.973658,2.595075
Grid_Cell_145,2004,0.28945342,202,437.2112,0.007737824,0.13394886,4226.3203,398.33588,0.000843,61.232243,214.4706,29.516352,2.6273656
Grid_Cell_145,2005,0.28938055,114,482.98724,0.008429897,0.10063751,4234.2305,530.8092,0.001247058,59.78495,211.57082,29.359491,2.822187
Grid_Cell_145,2006,0.2893808,108,502.03766,0.007611698,0.10599942,4561.84,526.216,0.001298229,56.764935,221.70879,29.450556,2.8185418
Grid_Cell_145,2007,0.28938055,184,488.68976,0.007428804,0.11251614,4754.7407,475.58124,0.00115613,61.15637,223.39143,29.009058,3.0088427
Grid_Cell_145,2008,0.2894538,177,460.57462,0.007801385,0.12166315,4431.4756,514.1144,0.001646438,59.3903,225.1565,28.485773,3.0109265
Grid_Cell_145,2009,0.28938082,163,467.55948,0.007435612,0.109813996,4664.0073,396.85464,0.000786,54.828186,213.70871,30.07467,2.9064682
Grid_Cell_145,2010,0.28938082,329,505.2282,0.007508969,0.14948933,4658.698,573.1765,0.006150298,55.233406,203.5366,29.868402,2.9308934
Grid_Cell_145,2011,0.2893811,283,362.55264,0.006747898,0.18866518,5846.208,263.89368,0.000765,70.47504,182.40324,30.16839,4.170899
Grid_Cell_145,2012,0.28945383,691,456.67203,0.007273098,0.17860942,5869.6367,549.8767,0.004289498,61.25673,173.99216,30.224695,4.392254
Grid_Cell_145,2013,0.2893811,739,447.62076,0.006712831,0.114766814,5826.131,451.3266,0.003029767,57.634094,197.4156,30.970331,4.2151246
Grid_Cell_145,2014,0.28938082,959,416.3077,0.006873499,0.12855814,6000.7964,376.69644,0.003402774,62.000565,180.9348,31.094843,4.320811
Grid_Cell_145,2015,0.28938094,955,329.56763,0.006569387,0.12084271,5988.775,299.78748,0.000791,70.925995,151.38655,29.673212,4.38791
Grid_Cell_145,2016,0.28945354,792,215.85083,0.007006648,0.121626616,5798.2183,173.86374,0.001840837,74.736435,123.87873,30.387476,4.264094
Grid_Cell_145,2017,0.2893811,952,130.94081,0.006596702,0.105076,5859.216,113.13216,0.000429,83.39352,90.22487,29.998041,4.3017635
Grid_Cell_145,2018,0.2893811,1402,133.45277,0.006848237,0.1166823,5465.134,139.43773,0.000833,89.13289,84.30181,30.197168,3.9544327
Grid_Cell_145,2019,0.28938082,1634,172.8816,0.007308776,0.11917536,5397.3613,178.09848,0.000467,84.99994,87.96857,29.611872,4.092343
Grid_Cell_145,2020,0.2894538,2854,491.33017,0.007476475,0.122875094,5442.888,481.3182,0.002581035,64.062454,208.80896,28.77511,4.334802
Grid_Cell_145,2021,0.28938138,3528,472.81302,0.006839974,0.122727275,5466.567,479.6388,0.00298449,62.414684,200.6073,29.10824,4.3075438
Grid_Cell_145,2022,0.28938112,3730,474.25888,0.007250338,0.1228628,5211.6406,543.10175,0.005369815,59.90013,209.70549,27.984217,4.3054414
Grid_Cell_145,2023,0.28938138,3549,524.7633,0.007198227,0.12,5345.8545,495.18323,0.003812469,57.39316,217.21626,29.437952,4.158584
Grid_Cell_145,2024,0.28945348,4400,528.9635,0.007621259,0.1277425,5281.273,611.1943,0.010032466,62.352764,211.47339,28.79046,4.3251214
Grid_Cell_145,2025,0.28938013,5521,438.9421,0.006821079,0.13982958,5194.7393,427.24005,0.002992471,60.948994,217.46663,29.310053,4.132497
Grid_Cell_146,2000,0.30110866,142,451.18463,0.00480258,0.1879387,4600.285,365.2067,0.000502,51.24809,210.29314,29.881586,2.7773619
Grid_Cell_146,2001,0.3010411,108,450.9487,0.008068108,0.20077129,4088.5188,532.8601,0.001230452,57.52608,201.94427,28.45553,2.8250265
Grid_Cell_146,2002,0.3010411,139,444.77948,0.007512591,0.21802992,4344.8604,421.59097,0.000793,58.545605,214.21638,29.294153,2.6876864
Grid_Cell_146,2003,0.3010411,183,496.7774,0.008403599,0.09409147,3927.224,532.83746,0.001530007,52.36111,219.86554,29.150263,2.5997667
Grid_Cell_146,2004,0.30111337,202,420.32202,0.007691984,0.14227025,4169.6436,379.4369,0.000821,59.18404,209.5789,29.649805,2.6306443
Grid_Cell_146,2005,0.3010411,114,470.4981,0.008443884,0.106978044,4185.838,521.221,0.001257897,57.43892,206.8907,29.391596,2.8245842
Grid_Cell_146,2006,0.3010411,108,485.23608,0.007604849,0.103386424,4570.9106,504.0911,0.001267329,55.49039,217.72559,29.368616,2.8300486
Grid_Cell_146,2007,0.3010411,184,470.53714,0.007447931,0.23458996,4762.085,453.60864,0.001061586,59.98265,218.55905,28.91842,3.0331576
Grid_Cell_146,2008,0.30111337,177,444.8217,0.007852871,0.124192916,4413.1606,492.74677,0.00152099,58.14412,219.02258,28.428644,3.0226068
Grid_Cell_146,2009,0.3010411,163,444.3373,0.007506434,0.10229164,4668.238,368.00674,0.000725,54.37369,207.73741,29.992975,2.9308174
Grid_Cell_146,2010,0.3010411,329,473.18893,0.007555393,0.12119907,4682.3022,537.4242,0.005416695,55.087116,195.68692,29.81341,2.9795234
Grid_Cell_146,2011,0.3010411,283,345.1182,0.006803511,0.2738733,5851.4556,249.41734,0.000928,68.867325,173.93729,30.241785,4.24494
Grid_Cell_146,2012,0.30111337,691,444.69202,0.007294601,0.19710118,5863.5366,546.8211,0.004354549,59.5276,169.1791,30.32873,4.438429
Grid_Cell_146,2013,0.3010411,739,449.1727,0.006703057,0.11853031,5833.9106,452.64206,0.002999199,55.5519,197.10239,31.045649,4.2771106
Grid_Cell_146,2014,0.3010411,959,410.25754,0.006905065,0.15242667,5985.62,367.96033,0.003183428,59.503548,180.18114,31.146936,4.3506393
Grid_Cell_146,2015,0.3010411,955,317.27075,0.006577493,0.13153516,6024.2925,284.9105,0.000763,68.5108,147.1889,29.814692,4.4689374
Grid_Cell_146,2016,0.30111337,792,223.34923,0.007016863,0.13589698,5823.1714,186.48784,0.001570898,71.4173,121.62113,30.41244,4.329565
Grid_Cell_146,2017,0.3010411,952,119.62564,0.006610708,0.1257485,5900.032,100.69164,0.000704,80.779854,89.062,30.125635,4.385702
Grid_Cell_146,2018,0.3010411,1402,112.32473,0.006840456,0.12847567,5499.915,114.21756,0.000466,87.670746,79.57252,30.339655,4.0286107
Grid_Cell_146,2019,0.3010411,1634,156.81552,0.007316488,0.12779611,5401.6084,166.2984,0.000552,83.19426,83.93594,29.72317,4.1300826
Grid_Cell_146,2020,0.30111337,2854,487.47107,0.007489651,0.13118654,5396.6475,476.55118,0.001941735,61.565533,207.74983,28.820704,4.3395834
Grid_Cell_146,2021,0.3010411,3528,466.9119,0.006881543,0.13293503,5411.491,474.38458,0.003391349,60.058483,199.68536,29.123316,4.3237424
Grid_Cell_146,2022,0.3010411,3730,466.76367,0.007276222,0.1309973,5175.7974,531.58356,0.005201548,58.337685,207.97774,28.031092,4.3239
Grid_Cell_146,2023,0.3010411,3549,524.20386,0.007217621,0.12646869,5273.3687,495.06442,0.003663096,54.86675,215.69043,29.48672,4.14307
Grid_Cell_146,2024,0.30111358,4400,509.89075,0.007624125,0.13230617,5256.0513,583.9711,0.008030372,61.206707,208.57033,28.857782,4.335216
Grid_Cell_146,2025,0.3010411,5521,427.50912,0.006832699,0.1300196,5160.017,414.7818,0.00341969,58.886635,214.00218,29.351374,4.1543293
Grid_Cell_147,2000,0.30756742,142,446.20267,0.00476533,0.16264157,4558.4834,355.90427,0.000461,50.046425,206.86165,29.886652,2.777635
Grid_Cell_147,2001,0.30750108,108,446.22806,0.007960848,0.21061958,4057.4824,525.4978,0.001161647,55.817745,196.78996,28.46078,2.7852664
Grid_Cell_147,2002,0.30750108,139,434.9774,0.007373036,0.30367595,4314.9893,409.73148,0.000728,56.880764,208.85005,29.320429,2.664433
Grid_Cell_147,2003,0.30750108,183,485.71494,0.008309904,0.27664608,3917.7905,521.0644,0.001439521,50.936634,213.86092,29.172998,2.6204517
Grid_Cell_147,2004,0.30757213,202,410.9334,0.007631721,0.12693293,4148.511,369.62714,0.000784,57.754025,204.1099,29.633997,2.6542783
Grid_Cell_147,2005,0.30750108,114,462.49316,0.008427233,0.21745846,4162.533,513.0097,0.001231962,55.826023,201.43115,29.376978,2.8440704
Grid_Cell_147,2006,0.30750108,108,474.52036,0.007571592,0.0996575,4566.9395,490.38373,0.001254952,54.994343,212.55112,29.35766,2.8568978
Grid_Cell_147,2007,0.30750108,184,461.6444,0.007421664,0.27987897,4762.518,442.68228,0.000987,59.324696,213.2447,28.95254,3.0762055
Grid_Cell_147,2008,0.30757213,177,434.79865,0.007871833,0.11021008,4390.6055,477.99442,0.001416004,57.4887,212.12425,28.443903,3.0455234
Grid_Cell_147,2009,0.30750108,163,432.1171,0.007534735,0.25908372,4650.5894,355.6937,0.000699,54.086433,201.6457,29.997187,2.9654408
Grid_Cell_147,2010,0.30750108,329,462.01633,0.007565818,0.24342012,4680.7466,526.9104,0.003792682,54.981632,190.5671,29.837183,3.026818
Grid_Cell_147,2011,0.30750108,283,343.87292,0.006855737,0.20924409,5822.4727,249.37955,0.001154586,67.6906,170.26,30.303736,4.2929535
Grid_Cell_147,2012,0.30757213,691,442.15878,0.007322668,0.17600456,5799.0903,546.8265,0.005129037,58.082,166.55504,30.416925,4.444884
Grid_Cell_147,2013,0.30750108,739,447.044,0.006695184,0.11024636,5777.638,452.54053,0.004060346,54.40748,194.16595,31.12057,4.2949533
Grid_Cell_147,2014,0.30750108,959,406.35443,0.006939907,0.10403717,5925.017,367.8815,0.004549555,58.6375,176.49878,31.135157,4.3536534
Grid_Cell_147,2015,0.30750108,955,316.8938,0.006599143,0.111392625,6010.694,284.94827,0.000795,66.9891,143.12115,29.869654,4.5358896
Grid_Cell_147,2016,0.30757213,792,203.17934,0.007027887,0.11218112,5831.471,164.44171,0.001620994,71.479164,114.89045,30.387201,4.4086294
Grid_Cell_147,2017,0.30750108,952,113.070045,0.006646479,0.11346113,5912.2256,100.14084,0.000472,80.01548,84.65928,30.086145,4.45238
Grid_Cell_147,2018,0.30750108,1402,97.14641,0.006864374,0.11253812,5536.6196,96.2226,0.000237,87.147835,76.62236,30.227015,4.0992274
Grid_Cell_147,2019,0.30750108,1634,166.6716,0.007348115,0.1201618,5399.268,178.47972,0.000629,80.92526,83.982445,29.688623,4.186213
Grid_Cell_147,2020,0.30757213,2854,485.81137,0.007500925,0.11413385,5384.655,476.40686,0.002831571,60.1442,204.44939,28.853205,4.369536
Grid_Cell_147,2021,0.30750108,3528,464.24536,0.00692467,0.11383903,5380.0386,474.28632,0.004057719,58.509018,196.07208,29.117975,4.3508315
Grid_Cell_147,2022,0.30750108,3730,466.05844,0.007330352,0.11161121,5151.3945,531.3719,0.005660052,57.63316,204.6722,28.01272,4.3501673
Grid_Cell_147,2023,0.30750108,3549,525.2244,0.007228028,0.11132911,5260.2583,495.39597,0.003488911,53.745388,212.96892,29.483759,4.1728992
Grid_Cell_147,2024,0.30757236,4400,512.1142,0.007635095,0.14950232,5263.842,583.9599,0.00676016,59.999676,205.5517,28.859095,4.383007
Grid_Cell_147,2025,0.3075,5521,429.3057,0.006837786,0.12304276,5175.2344,414.66507,0.003651389,57.113354,211.2656,29.335718,4.2039595
Grid_Cell_148,2000,0.3098674,142,407.53632,0.004737882,0.26270735,4619.759,349.46564,0.001491336,54.34068,96.85747,29.94195,2.79646
Grid_Cell_148,2001,0.30979478,108,420.52402,0.007870201,0.12105822,4059.6091,516.8891,0.003816873,58.49683,98.73304,28.516352,2.7615678
Grid_Cell_148,2002,0.30979478,139,405.6705,0.007248481,0.2255654,4250.153,399.14963,0.002243791,59.80674,108.34243,29.36535,2.6508715
Grid_Cell_148,2003,0.30979478,183,457.5075,0.008194154,0.11336426,3949.0303,518.1732,0.004653555,54.176147,120.630455,29.136347,2.6363761
Grid_Cell_148,2004,0.30987376,202,380.66187,0.007536434,0.13678707,4191.9146,367.56674,0.00256415,60.84814,105.63121,29.570917,2.6759312
Grid_Cell_148,2005,0.30979478,114,445.8547,0.008403034,0.19070125,4148.9,503.91827,0.003916175,57.914387,109.65404,29.400995,2.874447
Grid_Cell_148,2006,0.30979478,108,441.51877,0.007552766,0.113620125,4480.9673,483.1715,0.00414251,58.963615,115.2623,29.442469,2.890939
Grid_Cell_148,2007,0.30979478,184,440.5693,0.007406232,0.19480357,4681.181,441.83447,0.00306038,62.147697,119.14756,29.065271,3.1202126
Grid_Cell_148,2008,0.30987376,177,394.4201,0.007925631,0.32935074,4318.167,466.21906,0.004408761,62.32063,117.19007,28.548517,3.075749
Grid_Cell_148,2009,0.30979478,163,399.2419,0.00756868,0.2708969,4609.7314,359.8938,0.002356589,57.622665,95.38434,30.071772,3.0042078
Grid_Cell_148,2010,0.30979478,329,419.2105,0.007586653,0.12618235,4638.1255,513.24194,0.01209727,59.69859,96.955666,29.95672,3.0530167
Grid_Cell_148,2011,0.30979478,283,304.32227,0.006897104,0.11261394,5667.1035,249.41196,0.003898736,72.02156,69.87964,30.426447,4.270899
Grid_Cell_148,2012,0.30987376,691,435.25385,0.007353631,0.25387135,5605.9453,546.8803,0.013341393,59.165543,79.58335,30.571619,4.4090915
Grid_Cell_148,2013,0.30979478,739,427.75848,0.006716859,0.119876586,5574.7334,452.6593,0.010309812,57.655056,104.68585,31.240046,4.24807
Grid_Cell_148,2014,0.30979478,959,380.42255,0.006986804,0.11910427,5723.1055,368.0856,0.009331596,61.64835,79.296684,31.253626,4.313448
Grid_Cell_148,2015,0.30979478,955,294.0259,0.006635332,0.1273625,5801.191,282.83258,0.00319663,70.36372,49.93816,30.008112,4.478698
Grid_Cell_148,2016,0.30987376,792,161.23257,0.007053038,0.12068419,5610.4395,142.44083,0.00253334,76.88621,32.046726,30.485773,4.3695927
Grid_Cell_148,2017,0.30979478,952,120.84604,0.006706239,0.13118492,5675.7993,105.138,0.001117072,81.981064,23.873287,30.08993,4.3894005
Grid_Cell_148,2018,0.30979478,1402,103.13609,0.006941343,0.12935337,5384.3438,83.88899,0.000479,88.90663,21.848663,29.973108,4.039501
Grid_Cell_148,2019,0.30979478,1634,169.42885,0.007396105,0.13255112,5264.413,166.33403,0.002522185,81.94522,28.791765,29.633387,4.1619663
Grid_Cell_148,2020,0.30987376,2854,374.26352,0.007511447,0.13060991,5319.4165,477.34927,0.000466,68.457664,94.920296,29.014795,4.3899593
Grid_Cell_148,2021,0.30979505,3528,363.45978,0.006939656,0.12681863,5321.0405,470.32703,0.000455,66.09752,92.80945,29.211786,4.3880916
Grid_Cell_148,2022,0.3097948,3730,349.4616,0.007362503,0.12847002,5093.577,530.3005,0.000543,67.27012,95.04118,28.019587,4.38438
Grid_Cell_148,2023,0.30979505,3549,402.67252,0.007241192,0.13204159,5260.569,494.99857,0.000375,62.8891,97.83733,29.47204,4.207625
Grid_Cell_148,2024,0.30987477,4400,380.4554,0.00762645,0.13195503,5226.0044,582.705,0.000692,70.46016,95.06944,28.89895,4.4162555
Grid_Cell_148,2025,0.30979452,5521,322.7725,0.006839443,0.13811134,5118.871,416.5985,0.000353,65.46567,90.42424,29.316065,4.232991
Grid_Cell_149,2000,0.30715817,142,406.45673,0.00480385,0.15546563,4758.6787,344.26926,0.001431404,57.836384,99.27595,29.878504,2.8327427
Grid_Cell_149,2001,0.3070789,108,416.11115,0.00782644,0.16834454,4156.2944,507.44016,0.003671479,60.691917,98.888336,28.594416,2.7622526
Grid_Cell_149,2002,0.3070789,139,402.4208,0.00715193,0.14934841,4354.8643,389.0279,0.002000229,62.55287,109.075165,29.426691,2.6535769
Grid_Cell_149,2003,0.3070789,183,451.3159,0.008061321,0.25641748,4103.0337,517.75195,0.004585089,55.77209,120.76958,29.054651,2.6623695
Grid_Cell_149,2004,0.30716556,202,379.4631,0.00741669,0.15020394,4366.876,367.70242,0.002567978,63.157616,109.96107,29.47024,2.7126799
Grid_Cell_149,2005,0.3070789,114,439.82935,0.008377972,0.25106436,4197.772,494.14432,0.003782925,57.856403,113.930855,29.50799,2.9218445
Grid_Cell_149,2006,0.3070789,108,439.31882,0.007548198,0.13293567,4512.4,477.603,0.004113199,59.12411,118.47139,29.788874,2.9511445
Grid_Cell_149,2007,0.3070789,184,442.82,0.007408982,0.2418322,4671.9014,444.05713,0.002810319,62.227386,122.15524,29.509699,3.1827126
Grid_Cell_149,2008,0.30716556,177,393.2601,0.007967574,0.29745024,4362.6553,456.1185,0.004058969,63.719383,120.6262,28.904627,3.1295397
Grid_Cell_149,2009,0.3070789,163,403.08347,0.007603074,0.2608386,4641.4434,368.74442,0.002404853,58.53415,101.61359,30.40835,3.0746188
Grid_Cell_149,2010,0.3070789,329,441.14206,0.00759764,0.24341886,4635.6484,553.6944,0.014792935,59.35905,105.97927,30.465174,3.1091125
Grid_Cell_149,2011,0.3070789,283,341.99158,0.006944816,0.17205293,5687.433,282.8995,0.003502774,70.83538,82.42942,30.9714,4.2895975
Grid_Cell_149,2012,0.30716556,691,421.11218,0.007388426,0.19018868,5684.3423,496.36887,0.01147722,61.090866,76.42492,31.173395,4.4365163
Grid_Cell_149,2013,0.3070789,739,406.6628,0.0067593,0.089252844,5681.806,434.50238,0.009571856,60.69287,96.25763,31.924402,4.2783437
Grid_Cell_149,2014,0.3070789,959,357.05673,0.007046089,0.086732924,5776.42,342.50797,0.006977651,64.82911,79.06352,31.83941,4.3302627
Grid_Cell_149,2015,0.3070789,955,256.50455,0.006696743,0.08980456,5839.865,244.40291,0.004374312,74.38061,50.19036,30.769861,4.464999
Grid_Cell_149,2016,0.30716556,792,145.59383,0.007101456,0.088349104,5634.177,125.18758,0.001638491,79.49277,29.812119,31.247889,4.3580146
Grid_Cell_149,2017,0.3070789,952,112.60456,0.006801297,0.09012423,5650.7876,97.612564,0.000751,84.5045,23.01165,30.849024,4.353065
Grid_Cell_149,2018,0.3070789,1402,111.56333,0.007075727,0.09428258,5342.097,96.93,0.000978,89.748924,22.846537,30.311762,3.978919
Grid_Cell_149,2019,0.3070789,1634,180.53233,0.007466201,0.08419077,5271.1797,182.34181,0.00298814,82.66487,28.514502,29.768366,4.137925
Grid_Cell_149,2020,0.30716556,2854,368.2945,0.007537523,0.08924013,5362.2656,501.58936,0.000353,70.5121,96.77923,29.046259,4.4003077
Grid_Cell_149,2021,0.3070789,3528,326.2052,0.006981276,0.102208525,5351.1494,392.58432,0.000543,70.73549,91.381645,29.305536,4.4053516
Grid_Cell_149,2022,0.3070789,3730,339.56668,0.007426503,0.11491413,5122.1787,506.02966,0.000476,69.49238,96.32232,28.156427,4.3810234
Grid_Cell_149,2023,0.3070789,3549,393.23438,0.007284131,0.116990075,5290.804,470.59814,0.000423,64.82153,100.4745,29.597681,4.2228646
Grid_Cell_149,2024,0.3071667,4400,385.34875,0.007679544,0.11550044,5241.066,559.0042,0.000456,71.901436,97.92329,29.035395,4.40639
Grid_Cell_149,2025,0.30707875,5521,333.8572,0.006889385,0.11211785,5083.166,453.42548,0.000372,65.57228,95.39621,29.42602,4.2161875
Grid_Cell_15,2000,0.18533067,142,808.2913,0.007115952,0.29972935,4045.7354,902.48236,0.006110198,52.633835,106.955826,28.074457,2.5126882
Grid_Cell_15,2001,0.18528081,108,748.4379,0.009913605,0.31819254,3575.6475,1099.3622,0.012005585,60.41165,116.09247,26.538782,2.408006
Grid_Cell_15,2002,0.18528081,139,717.13495,0.009559704,0.28978267,3822.4314,886.72,0.007081199,60.667755,99.9376,27.223505,2.3121386
Grid_Cell_15,2003,0.18528081,183,686.12946,0.010567448,0.2784728,3535.3164,953.937,0.008244787,63.05561,120.65003,26.425745,2.3219242
Grid_Cell_15,2004,0.18533415,202,736.88403,0.010285375,0.24455915,3559.8086,984.44446,0.010403651,60.572704,112.89186,26.67071,2.2919831
Grid_Cell_15,2005,0.18528081,114,742.54144,0.010660342,0.28871733,3590.6003,1024.5732,0.01255888,62.60955,120.45351,26.38534,2.2942417
Grid_Cell_15,2006,0.18528081,108,849.43585,0.009252643,0.2498107,3955.5303,1229.1167,0.01706273,57.505154,123.82826,26.491083,2.3674116
Grid_Cell_15,2007,0.18528081,184,829.09174,0.009806784,0.29306364,3804.5293,1076.6423,0.011418518,57.178734,121.06339,25.915369,2.4274728
Grid_Cell_15,2008,0.18533415,177,697.5965,0.009831645,0.2217941,3649.7178,1011.29535,0.013643467,68.26902,107.22112,25.368952,2.3203526
Grid_Cell_15,2009,0.18528081,163,805.7507,0.010336366,0.3101402,3791.0164,937.9109,0.007031829,60.477013,107.94402,26.443567,2.38866
Grid_Cell_15,2010,0.18528081,329,815.02185,0.009998835,0.13892718,3910.5076,1011.35846,0.01757814,59.94668,116.31048,26.603876,2.3172631
Grid_Cell_15,2011,0.18528081,283,863.1272,0.009130549,0.2994031,3939.045,978.1041,0.01672007,60.359886,115.9262,26.779291,2.1704876
Grid_Cell_15,2012,0.18533415,691,855.35474,0.009607015,0.30023688,3796.3672,1244.1124,0.03490903,58.205364,126.65398,27.126764,2.1475136
Grid_Cell_15,2013,0.18528081,739,836.8322,0.009144362,0.06742181,3963.5579,1003.6732,0.023687828,59.124256,111.96383,27.798334,2.0576587
Grid_Cell_15,2014,0.18528081,959,888.88007,0.009294486,0.062324904,3953.005,1059.2197,0.021163901,56.104797,108.37571,27.812708,2.1067011
Grid_Cell_15,2015,0.18528081,955,828.7944,0.008781578,0.06541767,3939.7073,998.42004,0.023562778,63.200386,110.6437,26.301233,1.9994512
Grid_Cell_15,2016,0.18533415,792,756.3798,0.009135766,0.0664257,3857.0872,1050.0443,0.022765797,63.99586,103.853485,26.507532,1.9275843
Grid_Cell_15,2017,0.18528081,952,693.2417,0.008607195,0.06549473,3971.0024,818.84735,0.015572511,69.500595,85.29886,26.604944,2.1945033
Grid_Cell_15,2018,0.18528081,1402,634.8687,0.00879808,0.06335385,4080.8313,758.8005,0.019234473,78.43185,73.69091,27.37768,2.4003575
Grid_Cell_15,2019,0.18528081,1634,753.0446,0.009520071,0.061144125,3843.9783,1223.3807,0.04329128,70.25185,110.51055,27.007929,2.4015553
Grid_Cell_15,2020,0.18533415,2854,616.85706,0.009457291,0.062927894,3952.181,1108.654,0.001156274,80.285194,83.68267,26.430658,2.5370903
Grid_Cell_15,2021,0.18528081,3528,610.29913,0.009000286,0.06452345,3958.2676,956.9232,0.000713,76.520424,78.31462,26.753534,2.4981601
Grid_Cell_15,2022,0.18528081,3730,627.1351,0.008960208,0.074295774,3832.2551,1253.5507,0.001225555,74.58244,88.49539,25.877985,2.4902358
Grid_Cell_15,2023,0.18528081,3549,643.9672,0.008967925,0.07010317,3960.519,1058.899,0.000883,70.52505,80.292435,27.15896,2.4267004
Grid_Cell_15,2024,0.18533455,4400,686.0459,0.009051872,0.07068849,4066.1104,1193.7725,0.001394576,81.16128,82.018326,26.70907,2.5057583
Grid_Cell_15,2025,0.18528084,5521,571.0331,0.008533532,0.07349539,3915.9177,999.4469,0.000785,76.12381,79.18543,27.04928,2.456429
Grid_Cell_150,2000,0.30045485,142,426.2715,0.005001507,0.21962725,4819.086,332.55234,0.000257,56.39,200.8119,29.521662,2.9684448
Grid_Cell_150,2001,0.30036658,108,417.1069,0.007731361,0.119582534,4286.338,480.465,0.000649,60.17654,186.94621,28.614527,2.8292732
Grid_Cell_150,2002,0.30036658,139,403.02777,0.007002358,0.14423162,4565.794,371.33423,0.000333,63.010918,194.89583,29.480524,2.7321043
Grid_Cell_150,2003,0.30036658,183,450.9681,0.007971729,0.23355839,4316.711,508.7329,0.000846,55.737324,200.90163,29.001001,2.757027
Grid_Cell_150,2004,0.30046093,202,389.85446,0.007306085,0.14190824,4561.405,370.8474,0.000511,63.147884,200.08356,29.361383,2.8405144
Grid_Cell_150,2005,0.30036658,114,441.88138,0.0083889,0.22110303,4358.183,474.62976,0.000714,58.75177,201.00174,29.488459,3.0222898
Grid_Cell_150,2006,0.30036658,108,442.27048,0.007532585,0.14763743,4597.558,467.79443,0.000787,59.370876,205.02446,29.83587,3.0203567
Grid_Cell_150,2007,0.30036658,184,446.1043,0.007467297,0.2354695,4731.583,444.76453,0.000506,62.457508,208.63895,29.540094,3.2459316
Grid_Cell_150,2008,0.30046093,177,408.1083,0.0081259,0.30535105,4420.4697,442.87723,0.000706,63.337578,208.54796,28.993067,3.1767733
Grid_Cell_150,2009,0.30036658,163,420.57083,0.007711053,0.28652307,4680.722,374.7697,0.000449,57.686497,200.1309,30.422113,3.1820846
Grid_Cell_150,2010,0.30036658,329,451.46906,0.007810695,0.20444193,4679.5767,545.00366,0.005390086,59.26343,199.43196,30.462091,3.2158592
Grid_Cell_150,2011,0.30036658,283,383.22382,0.00741796,0.14726312,5626.997,289.6495,0.000313,69.68912,185.10585,30.824,4.322714
Grid_Cell_150,2012,0.30046093,691,441.12485,0.007825322,0.11719392,5703.6143,485.8698,0.001619498,63.32864,170.21007,31.069971,4.4843307
Grid_Cell_150,2013,0.30036658,739,410.80463,0.007212807,0.08224256,5670.1587,430.8336,0.00126111,63.27819,185.74803,31.77978,4.3044395
Grid_Cell_150,2014,0.30036658,959,370.38934,0.007455215,0.07971864,5711.413,336.98053,0.002518264,65.24514,177.25012,31.690302,4.339715
Grid_Cell_150,2015,0.30036658,955,291.72333,0.006891568,0.07822982,5934.8564,244.36404,0.000816,73.22792,144.39948,30.648981,4.508047
Grid_Cell_150,2016,0.30046093,792,183.25609,0.00726507,0.082217015,5763.348,139.40355,0.000828,77.85312,104.19439,31.125086,4.4055557
Grid_Cell_150,2017,0.30036658,952,119.115875,0.007014209,0.07643699,5740.5337,108.405,0.000193,85.164665,71.90961,30.666773,4.379709
Grid_Cell_150,2018,0.30036658,1402,136.05666,0.007307685,0.078920506,5341.8774,138.04669,0.000329,89.419266,69.27079,30.183283,3.971248
Grid_Cell_150,2019,0.30036658,1634,181.2462,0.007721636,0.07714354,5271.856,197.35704,0.000582,84.24418,74.857056,29.679834,4.0866237
Grid_Cell_150,2020,0.30046093,2854,462.48892,0.007784641,0.07860777,5319.6245,501.92322,0.003115325,66.228714,189.57146,28.898493,4.3332653
Grid_Cell_150,2021,0.30036658,3528,404.65637,0.00721992,0.082437925,5294.099,392.87592,0.002712366,67.224205,189.04869,29.187067,4.3226805
Grid_Cell_150,2022,0.30036658,3730,431.23166,0.007683181,0.081206195,5047.0435,505.09766,0.003657223,65.834274,193.16478,28.131647,4.279311
Grid_Cell_150,2023,0.30036658,3549,502.28632,0.007540436,0.08584361,5172.5103,472.67065,0.002305113,60.466846,203.78653,29.563318,4.1142344
Grid_Cell_150,2024,0.30046043,4400,499.78137,0.00796704,0.079376265,5140.4277,558.9827,0.003154795,65.634346,197.17978,28.937616,4.2959094
Grid_Cell_150,2025,0.30036643,5521,434.13956,0.007138649,0.075630784,5012.7056,451.1623,0.002169936,60.630375,204.2645,29.290033,4.1687703
Grid_Cell_151,2000,0.28901753,142,420.04837,0.005613567,0.28715825,4860.43,324.12692,0.000259,60.125664,200.72273,28.98443,3.046887
Grid_Cell_151,2001,0.28892466,108,410.4174,0.007751578,0.16951837,4419.587,460.43533,0.000591,62.600693,183.88228,28.578363,2.9358144
Grid_Cell_151,2002,0.28892466,139,393.2894,0.007032597,0.10559322,4704.239,364.62204,0.000331,66.46874,190.75926,29.485163,2.853748
Grid_Cell_151,2003,0.28892466,183,448.40204,0.008141774,0.30574474,4458.878,497.65967,0.00078,59.964157,197.05667,28.923883,2.8982255
Grid_Cell_151,2004,0.28902322,202,388.562,0.007467418,0.101321585,4682.0786,374.9316,0.000497,66.62054,196.44379,29.243525,3.0068738
Grid_Cell_151,2005,0.28892466,114,436.72763,0.008485253,0.19489641,4484.1973,461.41382,0.000659,63.043797,197.99152,29.410273,3.100235
Grid_Cell_151,2006,0.28892466,108,439.63632,0.007539445,0.09646593,4675.2266,462.9053,0.000703,63.712746,201.69797,29.728266,3.0440896
Grid_Cell_151,2007,0.28892466,184,438.45358,0.007541743,0.27798766,4805.6567,441.3906,0.000503,66.6092,206.12411,29.435572,3.271959
Grid_Cell_151,2008,0.28902322,177,408.10724,0.008263021,0.35908148,4473.9604,443.53854,0.000664,66.96916,208.26678,28.924494,3.1985288
Grid_Cell_151,2009,0.28892466,163,411.91138,0.007818088,0.27939084,4748.188,364.43735,0.000388,61.489025,199.91876,30.300013,3.2159886
Grid_Cell_151,2010,0.28892466,329,454.57407,0.007940413,0.14509259,4745.2754,543.604,0.001947596,62.884056,199.77327,30.3659,3.2384617
Grid_Cell_151,2011,0.28892466,283,383.0899,0.007613902,0.10788794,5628.692,289.6387,0.000292,73.21248,186.55421,30.7232,4.3214808
Grid_Cell_151,2012,0.28902322,691,443.35434,0.007991421,0.25124198,5683.62,485.7406,0.001140659,66.07894,171.37808,30.992182,4.496557
Grid_Cell_151,2013,0.28892466,739,412.00992,0.007406605,0.09203208,5702.892,430.7029,0.00094,67.129364,187.4989,31.671076,4.320056
Grid_Cell_151,2014,0.28892466,959,377.75494,0.007618157,0.09064484,5765.6626,337.04642,0.000758,68.88243,178.3017,31.599634,4.3733106
Grid_Cell_151,2015,0.28892466,955,289.14862,0.007017222,0.09033262,5978.3384,244.296,0.001380226,76.71005,145.14874,30.434443,4.5609922
Grid_Cell_151,2016,0.28902322,792,206.49341,0.007404212,0.09221922,5798.6343,171.11296,0.001190707,79.71602,110.444435,30.892206,4.437967
Grid_Cell_151,2017,0.28892466,952,141.19217,0.007183664,0.09274864,5789.7056,123.894356,0.000192,86.72881,77.644745,30.449976,4.431866
Grid_Cell_151,2018,0.28892466,1402,157.94069,0.007446233,0.08468933,5371.375,164.04768,0.000585,91.24275,73.32952,29.995173,3.9974122
Grid_Cell_151,2019,0.28892466,1634,193.07652,0.007883578,0.082908556,5294.3447,213.39073,0.000849,86.818245,80.6499,29.563654,4.0880623
Grid_Cell_151,2020,0.28902322,2854,462.68066,0.007955953,0.09208058,5329.9233,502.35837,0.002359286,69.96448,191.57214,28.828363,4.3212776
Grid_Cell_151,2021,0.28892466,3528,404.20062,0.007372385,0.09490544,5334.3564,393.13947,0.002352812,70.953735,192.22964,29.045343,4.3351464
Grid_Cell_151,2022,0.28892466,3730,431.54163,0.007836544,0.09650374,5099.0703,507.33325,0.003738661,68.89153,196.87354,27.97088,4.2953043
Grid_Cell_151,2023,0.28892466,3549,504.35132,0.00770775,0.09847467,5237.1943,474.6708,0.002277757,63.766315,206.2156,29.351679,4.1624537
Grid_Cell_151,2024,0.2890227,4400,499.56754,0.008111702,0.0964621,5187.8022,558.9848,0.003097661,69.297775,199.9716,28.763086,4.302253
Grid_Cell_151,2025,0.28892466,5521,431.4524,0.007293638,0.09749616,5070.9746,450.3542,0.001908028,64.15834,207.3683,29.067286,4.1772857
Grid_Cell_152,2000,0.27506804,142,412.194,0.006311049,0.12910676,5177.984,316.65396,0.000299,74.59665,202.20212,28.46081,3.1507816
Grid_Cell_152,2001,0.27497014,108,391.88675,0.007802276,0.10518211,4530.9116,439.6626,0.000557,66.19533,185.10286,28.600428,3.0687253
Grid_Cell_152,2002,0.27497092,139,383.31775,0.007096159,0.30026448,4717.3643,360.04285,0.000366,67.78862,193.17822,29.55105,3.009159
Grid_Cell_152,2003,0.27497014,183,434.87393,0.008361661,0.18345447,4388.378,485.01505,0.000776,58.503693,200.15654,28.902094,3.1118214
Grid_Cell_152,2004,0.27507296,202,385.962,0.007677585,0.24317893,4670.812,379.5392,0.000525,66.30694,201.1015,29.179468,3.2338204
Grid_Cell_152,2005,0.27497014,114,414.96777,0.008634554,0.13802409,4371.558,447.78098,0.000677,59.35209,205.48268,29.386621,3.2074952
Grid_Cell_152,2006,0.2749704,108,432.80966,0.007624301,0.109825514,4572.404,457.7796,0.000704,61.946777,209.8863,29.67248,3.0930965
Grid_Cell_152,2007,0.2749704,184,431.25323,0.007717154,0.23299882,4916.2573,437.4875,0.000579,71.07669,211.91321,29.4537,3.3309317
Grid_Cell_152,2008,0.27507293,177,401.4123,0.008515572,0.11896094,4397.9033,445.50848,0.000703,65.6416,214.94489,28.936396,3.2588432
Grid_Cell_152,2009,0.27497074,163,396.9901,0.008047454,0.2534057,4662.273,352.29922,0.000371,60.5832,206.57614,30.253077,3.2765367
Grid_Cell_152,2010,0.2749704,329,448.26468,0.008195233,0.18646583,4651.1567,533.938,0.001678247,61.81951,206.17801,30.226831,3.2498317
Grid_Cell_152,2011,0.27497095,283,353.6761,0.00790935,0.3088134,5484.997,264.4747,0.000722,72.83125,192.5495,30.414698,4.281892
Grid_Cell_152,2012,0.27507296,691,416.88367,0.008248654,0.22775845,5496.548,429.65,0.000658,65.74973,172.63365,30.697199,4.461482
Grid_Cell_152,2013,0.2749704,739,322.28134,0.007715605,0.090753146,5547.2363,303.10202,0.00083,71.33827,170.43086,31.318933,4.285604
Grid_Cell_152,2014,0.27497014,959,312.8275,0.007887181,0.089738056,5629.6753,281.22012,0.000318,71.343025,153.43152,31.294306,4.3751945
Grid_Cell_152,2015,0.27497068,955,251.78062,0.007243801,0.084397495,5849.8184,220.79843,0.000451,77.76754,126.93394,29.857172,4.569828
Grid_Cell_152,2016,0.27507377,792,201.6467,0.007634902,0.0866225,5626.0415,178.4358,0.000683,78.38348,105.30195,30.356379,4.431307
Grid_Cell_152,2017,0.27497095,952,139.4782,0.007436763,0.08647505,5669.795,122.29164,0.000194,85.648834,79.38296,29.98623,4.4597087
Grid_Cell_152,2018,0.27497038,1402,159.22806,0.007621117,0.08142486,5323.818,169.344,0.000816,89.60452,76.4574,29.925226,4.0638504
Grid_Cell_152,2019,0.27497095,1634,210.56065,0.008145218,0.07999632,5166.435,232.12117,0.000635,83.61041,87.54554,29.476435,4.1233706
Grid_Cell_152,2020,0.27507362,2854,409.17392,0.008251597,0.08588219,5207.8403,454.11948,0.001106052,72.61926,184.50682,28.822504,4.350171
Grid_Cell_152,2021,0.27497095,3528,373.71762,0.007696245,0.0922557,5217.844,347.81076,0.001147377,71.77817,187.0702,28.947962,4.355112
Grid_Cell_152,2022,0.27497095,3730,395.31412,0.008154157,0.08860608,5008.0835,477.52524,0.001991832,69.38489,190.16489,27.917688,4.3497906
Grid_Cell_152,2023,0.27497095,3549,421.0217,0.008057494,0.08903093,5157.7534,359.82144,0.001086688,67.91938,195.63692,29.217829,4.220262
Grid_Cell_152,2024,0.27507296,4400,486.90582,0.008404779,0.09237135,5077.605,597.9126,0.003326952,68.65458,193.65904,28.679193,4.357039
Grid_Cell_152,2025,0.2749692,5521,403.2762,0.007614776,0.09217105,5046.41,419.10132,0.001657735,67.79903,213.10454,28.933344,4.2190056
Grid_Cell_153,2000,0.26903808,142,387.33148,0.00713795,0.09341939,5136.6357,315.03464,0.000366,78.68484,212.44118,27.955439,3.3042152
Grid_Cell_153,2001,0.2689589,108,385.00067,0.007961674,0.09865383,4715.7715,425.27808,0.000557,67.88773,200.93358,28.595728,3.2298212
Grid_Cell_153,2002,0.2689589,139,374.93262,0.007492009,0.24108535,4925.225,358.05026,0.000412,71.21379,203.27994,29.662653,3.24457
Grid_Cell_153,2003,0.2689589,183,422.144,0.010130804,0.14417177,4361.221,475.34906,0.000817,67.84411,210.6289,28.71493,3.49052
Grid_Cell_153,2004,0.2690437,202,372.31256,0.009460067,0.15767503,4655.65,382.33954,0.000584,75.112206,213.30928,28.833246,3.618281
Grid_Cell_153,2005,0.2689589,114,404.6516,0.009621849,0.08344996,4362.3877,436.71097,0.000742,64.5476,217.8484,29.246332,3.4308512
Grid_Cell_153,2006,0.2689589,108,423.64154,0.007951164,0.12904088,4614.5435,454.88086,0.000742,65.16168,220.0798,29.557123,3.2307677
Grid_Cell_153,2007,0.2689589,184,414.53375,0.008159592,0.12148246,4994.879,433.3133,0.000724,74.65248,221.17769,29.461664,3.492096
Grid_Cell_153,2008,0.2690437,177,391.25787,0.008990224,0.08847053,4507.888,446.19025,0.000776,68.68481,224.99106,28.934809,3.4464798
Grid_Cell_153,2009,0.2689589,163,376.81894,0.008548485,0.11057783,4754.3247,342.8784,0.000394,64.41985,215.7605,30.16836,3.433934
Grid_Cell_153,2010,0.2689589,329,434.87158,0.008641472,0.10057563,4677.1216,532.45184,0.00277039,65.01219,217.37605,30.177881,3.3506536
Grid_Cell_153,2011,0.2689589,283,338.53125,0.008303272,0.09248524,5516.7734,263.01672,0.000524,76.8224,204.8033,30.328608,4.3535013
Grid_Cell_153,2012,0.2690437,691,408.56238,0.008601596,0.22418593,5500.662,426.18622,0.001453422,68.89097,191.15155,30.538904,4.51319
Grid_Cell_153,2013,0.2689589,739,308.9844,0.008143071,0.07801284,5555.5894,295.70508,0.000643,75.782005,187.49426,31.12951,4.3384805
Grid_Cell_153,2014,0.2689589,959,303.98557,0.00829667,0.07590564,5663.377,277.93582,0.001051062,75.6916,175.23393,31.133387,4.457489
Grid_Cell_153,2015,0.2689589,955,251.30432,0.007648431,0.07656745,5880.9326,217.77013,0.0016955,81.48203,151.98853,29.638666,4.675684
Grid_Cell_153,2016,0.2690437,792,204.91016,0.008002644,0.07542088,5647.869,173.2875,0.000558,82.25635,127.21751,30.074091,4.4841757
Grid_Cell_153,2017,0.2689589,952,137.99104,0.00788675,0.07456777,5729.3257,107.5896,0.000148,90.13748,93.683495,29.799341,4.5506334
Grid_Cell_153,2018,0.2689589,1402,167.21465,0.008020367,0.07394162,5435.571,186.92964,0.001287671,92.73666,86.95281,29.928461,4.211008
Grid_Cell_153,2019,0.2689589,1634,227.6484,0.008553444,0.0732932,5232.098,254.28816,0.000872,86.25462,106.91696,29.39422,4.264535
Grid_Cell_153,2020,0.2690437,2854,392.84802,0.008692622,0.07199179,5244.4995,446.52087,0.00114473,77.24136,202.75984,28.720057,4.4747953
Grid_Cell_153,2021,0.2689589,3528,364.86484,0.00828433,0.077059396,5237.089,344.65067,0.001314675,76.48783,206.13101,28.823053,4.4455233
Grid_Cell_153,2022,0.2689589,3730,390.466,0.00871565,0.07666851,5030.2773,480.10968,0.001659945,73.51879,209.1676,27.818476,4.4689
Grid_Cell_153,2023,0.2689589,3549,389.51706,0.008657483,0.07690393,5191.983,332.30304,0.000815,74.85089,208.7405,29.050348,4.3276253
Grid_Cell_153,2024,0.269044,4400,480.00568,0.008931269,0.07575075,5107.1597,604.5083,0.003140817,72.43961,210.18898,28.529139,4.4912443
Grid_Cell_153,2025,0.2689589,5521,380.92892,0.008221825,0.07623493,4993.9683,417.52805,0.00184349,72.010284,225.01602,28.715021,4.2756925
Grid_Cell_154,2000,0.26820448,142,374.84424,0.008814752,0.22637117,4822.8145,320.50897,0.000403,79.76067,217.93857,27.606806,3.5349634
Grid_Cell_154,2001,0.26813698,108,373.1358,0.009685735,0.26888683,4603.807,419.5519,0.000569,74.265976,210.32333,27.954859,3.5416706
Grid_Cell_154,2002,0.26813698,139,357.38803,0.009691629,0.35385948,4759.316,358.29214,0.000443,76.694756,214.14253,29.122705,3.571933
Grid_Cell_154,2003,0.26813698,183,415.9707,0.011854397,0.23561059,4214.4536,472.4136,0.000874,72.24425,222.42401,28.545252,3.891034
Grid_Cell_154,2004,0.26821038,202,361.83612,0.011196642,0.11281084,4501.2803,381.2388,0.000604,78.81124,222.14346,28.505426,4.011894
Grid_Cell_154,2005,0.26813698,114,404.90973,0.011314691,0.1124246,4277.4546,435.76166,0.000822,71.50438,223.86336,28.651697,3.7886252
Grid_Cell_154,2006,0.26813698,108,418.3301,0.009691873,0.12459088,4576.3135,458.29474,0.000764,72.61473,224.7537,28.67721,3.5648088
Grid_Cell_154,2007,0.26813698,184,401.43225,0.010114297,0.07785124,4915.2075,428.55478,0.000822,79.25298,225.84401,29.060083,3.9130893
Grid_Cell_154,2008,0.26821038,177,381.9177,0.010800333,0.10391782,4504.841,444.9021,0.000766,71.72559,229.50627,28.566462,3.9060767
Grid_Cell_154,2009,0.26813698,163,368.86258,0.01056429,0.20213343,4648.778,342.87085,0.000401,68.354805,220.03528,29.612574,3.8335915
Grid_Cell_154,2010,0.26813698,329,420.55728,0.011013534,0.1097167,4569.918,530.17737,0.00299211,70.88633,222.93832,29.504725,3.8463042
Grid_Cell_154,2011,0.26813698,283,322.41443,0.011197789,0.40271798,5168.03,262.78992,0.000532,83.97297,212.99379,29.072474,4.7947
Grid_Cell_154,2012,0.26821038,691,387.28958,0.011455335,0.17174296,4932.4727,426.2993,0.001982251,77.7744,206.13316,29.062464,4.7051296
Grid_Cell_154,2013,0.26813698,739,300.2828,0.01134104,0.084179536,4974.7095,295.83035,0.000878,84.97215,205.30077,29.580988,4.4815288
Grid_Cell_154,2014,0.26813698,959,297.27118,0.011317184,0.08243451,5074.492,277.81705,0.001203928,85.22828,196.35796,29.518183,4.6125574
Grid_Cell_154,2015,0.26813698,955,256.39978,0.010133705,0.07933245,5165.29,217.87164,0.000522,88.65455,177.58383,27.94668,4.805033
Grid_Cell_154,2016,0.26821038,792,275.47736,0.010386435,0.06435145,4944.5283,268.23047,0.000815,84.55432,167.57343,28.166681,4.5276184
Grid_Cell_154,2017,0.26813698,952,185.55531,0.010337668,0.07195043,5085.3213,125.00243,0.000238,93.75559,136.36494,28.158289,4.6620374
Grid_Cell_154,2018,0.26813698,1402,190.58801,0.010666342,0.08018476,4894.2505,217.69128,0.001308699,97.10622,115.840195,28.585932,4.393063
Grid_Cell_154,2019,0.26813698,1634,249.87804,0.010675139,0.06413406,4748.8433,275.49396,0.001253092,90.35041,143.87865,28.060297,4.4168296
Grid_Cell_154,2020,0.26821038,2854,381.93536,0.010758356,0.076246336,4817.3613,447.06372,0.001203545,82.51188,220.11005,27.878168,4.6639004
Grid_Cell_154,2021,0.26813698,3528,360.7479,0.010521043,0.07615538,4732.532,350.42545,0.001268897,82.415855,219.66705,27.769617,4.5583997
Grid_Cell_154,2022,0.26813698,3730,393.19516,0.010659283,0.08569469,4625.925,494.25226,0.001832805,79.7481,222.11574,26.921717,4.6443796
Grid_Cell_154,2023,0.26813698,3549,377.9254,0.010781706,0.08089404,4633.645,336.60468,0.000617,81.44185,218.32233,27.832575,4.412317
Grid_Cell_154,2024,0.2682107,4400,474.11288,0.010874081,0.08122248,4692.5566,604.49316,0.001686125,79.13879,221.62004,27.43014,4.6526794
Grid_Cell_154,2025,0.26813698,5521,369.2333,0.010450054,0.064398624,4452.4526,416.96396,0.001081782,80.338776,230.1724,27.562433,4.335782
Grid_Cell_155,2000,0.26820448,142,367.16333,0.010503137,0.23430331,4411.9414,332.0524,0.000427,81.09255,222.26578,27.272425,3.8297703
Grid_Cell_155,2001,0.26813698,108,367.88806,0.011422338,0.18261448,4377.9863,422.07156,0.000597,79.48492,217.9671,27.328485,3.8739307
Grid_Cell_155,2002,0.26813698,139,351.78714,0.011811197,0.1868125,4554.0347,360.60446,0.000438,82.95384,221.06769,28.5534,3.882755
Grid_Cell_155,2003,0.26813698,183,411.71658,0.013219321,0.15572076,4047.299,473.8381,0.000899,74.56934,228.50986,28.41125,4.120212
Grid_Cell_155,2004,0.26821038,202,349.51358,0.012575699,0.22762284,4305.7715,377.174,0.000592,81.8766,226.201,28.218561,4.2243943
Grid_Cell_155,2005,0.26813698,114,403.5878,0.01288452,0.17595075,4139.312,442.61533,0.000919,77.385796,227.574,27.987543,4.163865
Grid_Cell_155,2006,0.26813698,108,413.5716,0.011618016,0.22123526,4407.998,467.89163,0.000802,81.066414,229.09018,27.619837,3.9861102
Grid_Cell_155,2007,0.26813698,184,387.86853,0.012218708,0.23530138,4695.4243,421.90417,0.000828,82.871086,229.71199,28.467798,4.4695616
Grid_Cell_155,2008,0.26821038,177,375.57065,0.012698181,0.22631924,4391.34,441.31766,0.000684,74.62512,232.31328,28.067255,4.505735
Grid_Cell_155,2009,0.26813698,163,364.8979,0.012711489,0.23013836,4413.6143,350.61877,0.000405,72.02441,223.57072,28.916285,4.3735228
Grid_Cell_155,2010,0.26813698,329,401.59357,0.013307366,0.13572139,4353.365,523.9555,0.001972726,76.14463,227.966,28.737726,4.547263
Grid_Cell_155,2011,0.26813698,283,305.9995,0.013684915,0.26530612,4660.5903,266.9652,0.000857,89.60465,220.09406,27.87652,5.4315495
Grid_Cell_155,2012,0.26821038,691,364.6436,0.013957757,0.22803594,4314.0864,429.99896,0.00197457,85.58488,219.59682,27.744287,5.010936
Grid_Cell_155,2013,0.26813698,739,291.9539,0.014109403,0.04456161,4349.376,296.74295,0.001213277,94.572266,219.44221,28.209864,4.758446
Grid_Cell_155,2014,0.26813698,959,288.14087,0.013937338,0.04650981,4410.448,284.0065,0.001778051,94.83071,211.85603,28.08111,4.860742
Grid_Cell_155,2015,0.26813698,955,266.5874,0.011677325,0.0600194,4725.6816,221.75533,0.000452,96.62324,194.59088,27.032068,4.9177732
Grid_Cell_155,2016,0.26821038,792,243.25096,0.01184799,0.062202327,4534.0234,201.57191,0.000532,94.70927,171.37607,27.122797,4.621095
Grid_Cell_155,2017,0.26813698,952,178.774,0.011796496,0.037585784,4682.108,126.46476,0.000252,100.54182,132.17883,27.28509,4.767654
Grid_Cell_155,2018,0.26813698,1402,177.142,0.012253744,0.046260573,4516.2627,192.61368,0.000861,102.78268,111.77155,27.897211,4.511693
Grid_Cell_155,2019,0.26813698,1634,207.87901,0.012484714,0.033320945,4266.362,228.3876,0.001024353,100.28668,129.14308,27.06164,4.552891
Grid_Cell_155,2020,0.26821038,2854,361.65775,0.013069917,0.0133435,4220.689,445.67435,0.001360738,89.98814,228.1766,27.011866,4.8645835
Grid_Cell_155,2021,0.26813698,3528,356.58124,0.012903491,0.023225183,4127.962,363.2839,0.00155036,90.58111,226.69887,26.76217,4.698057
Grid_Cell_155,2022,0.26813698,3730,396.5723,0.012727273,0.03142345,4090.1619,516.8178,0.001357997,86.30581,230.42508,26.072138,4.8661604
Grid_Cell_155,2023,0.26813698,3549,363.35513,0.013097782,0.015425614,3993.5146,337.17493,0.000602,91.51989,224.48526,26.65536,4.50968
Grid_Cell_155,2024,0.2682107,4400,448.98782,0.012967226,0.029720651,4132.2915,604.8187,0.001699366,87.43711,229.12965,26.39242,4.85552
Grid_Cell_155,2025,0.26813698,5521,351.59467,0.012815102,0.014887282,3825.7383,417.9643,0.000934,86.50499,234.16148,26.568445,4.4740877
Grid_Cell_156,2000,0.2838239,142,445.00565,0.005045579,0.13004889,4845.6616,389.9787,0.000481,53.875908,211.28964,28.972712,2.9048986
Grid_Cell_156,2001,0.2837548,108,427.89072,0.008049437,0.1256616,4306.0757,516.4053,0.000867,63.601955,205.0838,28.032495,3.057287
Grid_Cell_156,2002,0.2837548,139,442.18747,0.007514481,0.16968535,4500.3384,437.16995,0.000557,63.17846,214.90314,28.989466,2.874707
Grid_Cell_156,2003,0.2837548,183,489.9745,0.008365692,0.086244114,4063.3396,588.79224,0.00140613,54.626186,224.9606,29.166407,2.818294
Grid_Cell_156,2004,0.2838293,202,417.6014,0.007523657,0.13076161,4330.6357,401.21805,0.000616,61.370926,216.35767,29.737726,2.8548589
Grid_Cell_156,2005,0.2837548,114,457.6796,0.008133492,0.0925679,4355.5557,502.65253,0.000796,58.221153,212.78453,29.502466,3.0730088
Grid_Cell_156,2006,0.2837548,108,454.13425,0.00745639,0.11628286,4672.1255,525.9427,0.001028486,56.967052,218.98523,29.305323,3.0363498
Grid_Cell_156,2007,0.28375506,184,456.9367,0.007169784,0.10078424,4880.864,490.71527,0.001016175,60.5986,225.4422,28.840906,3.2287056
Grid_Cell_156,2008,0.2838295,177,418.504,0.007490657,0.14018488,4634.899,522.06946,0.001320803,61.056618,224.50478,28.408716,3.2635221
Grid_Cell_156,2009,0.2837548,163,448.13568,0.00708004,0.098094225,4767.3687,409.4777,0.000583,52.339695,212.61227,29.939661,3.109105
Grid_Cell_156,2010,0.2837548,329,512.8098,0.007276684,0.12455004,4744.855,648.864,0.005153048,53.201176,213.72377,29.676233,3.120448
Grid_Cell_156,2011,0.28375506,283,383.5921,0.006535751,0.08784731,5873.439,299.83282,0.000664,66.09843,197.57619,30.070765,4.3254194
Grid_Cell_156,2012,0.2838295,691,482.36182,0.007166155,0.09664055,5846.08,557.2006,0.002051233,56.90263,189.24957,30.125513,4.471728
Grid_Cell_156,2013,0.2837548,739,433.3723,0.006648688,0.12517105,5836.8647,448.3987,0.002210507,57.258694,203.30821,30.909845,4.307282
Grid_Cell_156,2014,0.2837548,959,421.19794,0.006788873,0.12551384,6011.1284,399.4823,0.002627164,59.29761,192.7449,31.00854,4.44766
Grid_Cell_156,2015,0.2837548,955,380.59656,0.006401359,0.13365565,5976.584,365.95367,0.000806,64.53667,177.70386,29.444727,4.5293827
Grid_Cell_156,2016,0.28382978,792,231.0889,0.006881193,0.12876831,5798.304,155.07031,0.000949,71.80115,146.97258,30.22375,4.389777
Grid_Cell_156,2017,0.28375506,952,147.53177,0.006450945,0.120159775,5818.961,111.4668,0.000236,80.01653,89.94214,29.691309,4.402962
Grid_Cell_156,2018,0.2837548,1402,147.07373,0.00673823,0.12562698,5363.829,149.30891,0.000875,86.35307,73.69618,29.766932,3.9870355
Grid_Cell_156,2019,0.28375506,1634,156.41592,0.007159142,0.12183868,5342.0083,151.26047,0.000241,84.08224,70.80554,29.438044,4.12659
Grid_Cell_156,2020,0.28382978,2854,496.0444,0.007336311,0.12679346,5315.4067,508.58044,0.001847244,61.11488,211.83272,28.713923,4.3109975
Grid_Cell_156,2021,0.28375506,3528,479.35242,0.006654731,0.12606521,5361.343,501.11136,0.002501918,61.181377,208.1864,28.943079,4.281379
Grid_Cell_156,2022,0.28375506,3730,494.4754,0.007064208,0.1296441,5115.937,594.11774,0.003804089,55.87152,215.3262,27.785578,4.303558
Grid_Cell_156,2023,0.28375506,3549,507.59344,0.007105836,0.12968516,5228.054,496.98038,0.002567151,55.79376,216.77083,29.217127,4.1221113
Grid_Cell_156,2024,0.2838277,4400,585.64923,0.007494447,0.12391978,5171.8335,732.5483,0.006915076,56.11521,220.3377,28.563227,4.3369894
Grid_Cell_156,2025,0.28375342,5521,459.0938,0.006687144,0.13097389,5127.3833,482.67566,0.003597589,60.335407,220.99417,29.067316,4.09483
Grid_Cell_157,2000,0.28675184,142,432.38586,0.004855935,0.14142634,4791.851,371.60547,0.000415,53.389133,208.44588,29.325495,2.9059577
Grid_Cell_157,2001,0.2866863,108,419.84256,0.007945197,0.12784655,4279.0737,503.71634,0.000808,63.088192,200.97821,28.242914,3.0444787
Grid_Cell_157,2002,0.2866863,139,432.37677,0.007410502,0.15440018,4495.071,425.6939,0.000549,62.929066,211.56047,29.158228,2.8684742
Grid_Cell_157,2003,0.2866863,183,478.76837,0.008285106,0.10724793,4066.0476,560.7522,0.001234414,54.122807,221.04083,29.261713,2.822986
Grid_Cell_157,2004,0.28675634,202,403.5136,0.007461997,0.1157331,4328.451,381.17847,0.000589,61.440353,212.52849,29.797205,2.8481307
Grid_Cell_157,2005,0.2866863,114,445.85037,0.008116349,0.09524311,4350.64,489.56726,0.000745,57.856724,208.64868,29.565363,3.0762966
Grid_Cell_157,2006,0.2866863,108,439.14276,0.00741414,0.08643949,4676.462,498.29904,0.000901,56.386646,214.81049,29.37005,3.0473773
Grid_Cell_157,2007,0.2866863,184,445.09128,0.007152239,0.1675073,4909.6416,463.62888,0.000885,60.49346,220.79247,28.915186,3.2487056
Grid_Cell_157,2008,0.2867568,177,411.8338,0.007503694,0.11898382,4631.2065,503.67667,0.001187592,60.15942,220.96753,28.481684,3.2794032
Grid_Cell_157,2009,0.2866863,163,432.3536,0.007091917,0.10281753,4804.1655,379.8317,0.00051,52.92472,208.35776,30.003504,3.1299956
Grid_Cell_157,2010,0.2866863,329,500.0863,0.007275698,0.108126685,4768.6074,637.99054,0.004840945,53.210598,208.25278,29.752466,3.1460645
Grid_Cell_157,2011,0.2866863,283,382.2043,0.006542933,0.12873831,5903.4365,299.83286,0.00078,65.316055,196.83908,30.138208,4.3680906
Grid_Cell_157,2012,0.2867568,691,482.32733,0.0071539,0.13482615,5908.5625,557.233,0.002174051,56.336956,188.63205,30.200891,4.5363116
Grid_Cell_157,2013,0.2866863,739,434.93292,0.006611934,0.12996279,5902.263,448.49484,0.002080233,55.981583,202.113,30.97613,4.366597
Grid_Cell_157,2014,0.2866863,959,418.83273,0.006757928,0.13416235,6044.6387,399.53412,0.002606887,58.103966,191.81633,31.064966,4.484578
Grid_Cell_157,2015,0.2866863,955,378.83505,0.006393732,0.12699006,5955.068,365.98392,0.000865,63.904705,177.72043,29.572626,4.5164375
Grid_Cell_157,2016,0.2867568,792,232.55585,0.006857706,0.13211176,5810.8896,157.57983,0.001680584,71.11518,147.60417,30.373865,4.3894696
Grid_Cell_157,2017,0.2866863,952,135.93256,0.006447763,0.12613823,5808.143,96.092995,0.000169,80.923744,88.70479,29.811914,4.38125
Grid_Cell_157,2018,0.2866863,1402,146.05313,0.006728997,0.13096222,5359.498,158.4533,0.001334288,86.6403,75.27655,29.842402,3.9687135
Grid_Cell_157,2019,0.2866863,1634,161.68309,0.007151752,0.13418719,5346.8613,156.21336,0.000368,83.387665,76.04602,29.472803,4.130254
Grid_Cell_157,2020,0.2867568,2854,497.84955,0.007327479,0.13844335,5335.73,508.90036,0.001871134,60.658092,210.5134,28.752802,4.343648
Grid_Cell_157,2021,0.2866863,3528,479.26062,0.006673769,0.15108852,5390.321,501.4764,0.002322411,60.519516,206.6373,28.98498,4.3367558
Grid_Cell_157,2022,0.2866863,3730,495.5964,0.007071917,0.15154663,5146.2285,594.10046,0.003720593,55.464,213.954,27.818354,4.342736
Grid_Cell_157,2023,0.2866863,3549,505.96375,0.007089477,0.1587706,5241.4287,497.38214,0.002630997,54.97559,216.01402,29.264826,4.1577277
Grid_Cell_157,2024,0.28675538,4400,584.52625,0.007477806,0.15525682,5194.1533,732.53754,0.008205068,54.854412,219.42957,28.611383,4.3739824
Grid_Cell_157,2025,0.28668493,5521,460.68884,0.006672756,0.16079423,5161.211,482.95706,0.003297905,59.41534,219.62476,29.126581,4.152216
Grid_Cell_158,2000,0.29570916,142,424.31277,0.004664701,0.11366294,4756.6445,352.53412,0.000352,53.705162,203.47417,29.669794,2.9215367
Grid_Cell_158,2001,0.29564464,108,408.68185,0.007838444,0.22974013,4247.7974,495.87662,0.000764,61.87269,194.65862,28.444849,3.0468075
Grid_Cell_158,2002,0.29564464,139,425.30057,0.007304272,0.1513999,4501.736,412.90234,0.000531,62.841522,207.0216,29.324244,2.8766935
Grid_Cell_158,2003,0.29564464,183,470.14243,0.008198883,0.11548354,4114.5186,532.06305,0.001083065,55.271667,214.30772,29.350397,2.8193557
Grid_Cell_158,2004,0.2957142,202,389.26102,0.007416574,0.12096096,4356.7417,359.0462,0.000566,62.494144,205.40938,29.842554,2.8365185
Grid_Cell_158,2005,0.29564464,114,437.55814,0.008113418,0.08776905,4407.7104,477.05328,0.000708,59.7901,200.14287,29.607874,3.0769129
Grid_Cell_158,2006,0.29564464,108,429.13333,0.007388711,0.09086671,4748.6826,464.90112,0.000759,59.288044,205.3334,29.41015,3.064843
Grid_Cell_158,2007,0.29564494,184,428.17523,0.007143606,0.16293539,4977.0664,430.7699,0.000742,62.945213,210.53426,28.970179,3.2748015
Grid_Cell_158,2008,0.2957142,177,405.42535,0.007527792,0.134626,4671.726,481.95798,0.001022889,61.73588,212.33696,28.539698,3.2981532
Grid_Cell_158,2009,0.29564464,163,414.49368,0.007128047,0.10100504,4886.7563,345.735,0.000454,55.57101,200.8352,30.04867,3.1583173
Grid_Cell_158,2010,0.29564464,329,464.81784,0.007288428,0.12485913,4856.5913,559.0976,0.004551894,56.743362,194.22452,29.833155,3.186955
Grid_Cell_158,2011,0.29564494,283,355.38574,0.006568378,0.21044706,6007.626,263.96927,0.000483,68.59681,179.41978,30.220514,4.420111
Grid_Cell_158,2012,0.2957142,691,454.8712,0.007162364,0.14208943,6025.171,549.8982,0.0028518,59.54211,173.05663,30.290796,4.5972743
Grid_Cell_158,2013,0.29564464,739,437.7949,0.006597492,0.12363683,6000.761,451.5318,0.002652164,56.601574,196.76714,31.047174,4.4311175
Grid_Cell_158,2014,0.29564464,959,415.61218,0.006759051,0.13010153,6142.4497,376.69644,0.002342764,59.771152,182.83131,31.126795,4.523037
Grid_Cell_158,2015,0.29564464,955,335.79382,0.006386376,0.13293226,6082.876,299.7983,0.00044,68.22997,153.94148,29.726618,4.5716085
Grid_Cell_158,2016,0.29571447,792,209.14404,0.006845175,0.13586815,5925.997,156.30244,0.001706503,74.03328,121.02061,30.527246,4.443841
Grid_Cell_158,2017,0.29564494,952,114.163,0.00644839,0.120445065,5902.1714,84.8556,0.000118,83.69773,76.313354,29.968897,4.429298
Grid_Cell_158,2018,0.29564464,1402,138.87544,0.006717004,0.12757908,5437.7896,153.39673,0.00084,88.591705,69.86508,29.962488,4.008782
Grid_Cell_158,2019,0.29564494,1634,160.7813,0.007144036,0.12754963,5411.863,159.45876,0.000407,84.76465,74.18264,29.559626,4.162651
Grid_Cell_158,2020,0.29571447,2854,487.80603,0.007299381,0.13524309,5429.0063,481.85132,0.001584177,63.216022,198.3384,28.82107,4.3905396
Grid_Cell_158,2021,0.29564494,3528,469.10104,0.006682793,0.13601772,5470.162,479.0329,0.001921976,61.982277,190.5761,29.04278,4.3778863
Grid_Cell_158,2022,0.29564494,3730,468.32428,0.007066807,0.13581435,5235.673,542.99805,0.003330343,59.1163,198.43709,27.873621,4.380989
Grid_Cell_158,2023,0.29564494,3549,516.3306,0.007064189,0.13638468,5331.4976,498.2774,0.002209233,56.205738,206.97664,29.326624,4.204543
Grid_Cell_158,2024,0.295714,4400,517.58997,0.007456174,0.1414272,5285.7593,611.18274,0.005501333,61.11758,203.06563,28.668299,4.3986535
Grid_Cell_158,2025,0.29564384,5521,430.09906,0.006659343,0.1419401,5217.016,426.90768,0.002220802,60.922,206.61304,29.16781,4.2065554
Grid_Cell_159,2000,0.29819787,142,412.86307,0.004535098,0.15045416,4708.014,336.3384,0.000315,53.646896,201.17354,29.752832,2.92304
Grid_Cell_159,2001,0.29813012,108,407.118,0.007705834,0.20180282,4246.431,489.80157,0.00073,60.29993,191.54149,28.456568,3.026054
Grid_Cell_159,2002,0.29813012,139,412.47345,0.007153995,0.20961587,4508.4175,400.41754,0.000511,61.51299,204.11052,29.325586,2.8680632
Grid_Cell_159,2003,0.29813012,183,456.3422,0.008069465,0.08457115,4121.109,507.51468,0.001018541,54.890438,210.51091,29.298304,2.8331914
Grid_Cell_159,2004,0.29820302,202,373.05356,0.007323828,0.20259441,4352.3916,339.8855,0.000563,62.37064,201.05977,29.748743,2.8486087
Grid_Cell_159,2005,0.29813012,114,425.5172,0.00806976,0.092870645,4393.0264,466.2576,0.000717,59.381294,195.9864,29.519373,3.0885224
Grid_Cell_159,2006,0.29813012,108,411.72806,0.007333112,0.09251779,4757.207,436.57272,0.000711,59.66415,201.15096,29.331598,3.0862129
Grid_Cell_159,2007,0.29813012,184,408.68015,0.007102701,0.10048956,4995.0977,403.15753,0.000675,63.730606,204.61539,28.922113,3.31124
Grid_Cell_159,2008,0.29820302,177,395.0297,0.00752505,0.13216664,4650.419,463.255,0.000937,61.638447,206.34103,28.484522,3.32066
Grid_Cell_159,2009,0.29813012,163,393.2706,0.007134112,0.15062688,4900.5503,317.5902,0.000419,56.52964,195.62743,29.990076,3.1944134
Grid_Cell_159,2010,0.29813012,329,436.48944,0.007292307,0.13789564,4873.4077,521.5676,0.004282438,58.13499,187.21046,29.766321,3.2410302
Grid_Cell_159,2011,0.29813012,283,338.34335,0.006612361,0.09459047,6037.849,249.37416,0.000588,69.09452,172.23679,30.170649,4.4990153
Grid_Cell_159,2012,0.29820302,691,441.5718,0.007159249,0.10404716,6067.7544,546.9073,0.003034003,60.343544,168.7546,30.264582,4.6626434
Grid_Cell_159,2013,0.29813012,739,439.58014,0.006560526,0.108495586,6037.262,452.62152,0.001756377,55.933273,197.16878,31.00091,4.513994
Grid_Cell_159,2014,0.29813012,959,408.21634,0.006766801,0.115332596,6164.164,367.91605,0.002648165,59.45615,183.28366,31.079493,4.57742
Grid_Cell_159,2015,0.29813012,955,324.1514,0.006390544,0.1134506,6235.5063,284.94504,0.000488,68.04857,151.03877,29.757471,4.742773
Grid_Cell_159,2016,0.29820302,792,225.96753,0.006858523,0.12512963,6043.8696,180.32388,0.001189122,71.79084,120.50947,30.454279,4.594217
Grid_Cell_159,2017,0.29813012,952,113.79147,0.006450955,0.12280505,6064.2817,80.9676,9.54e-05,82.53997,77.28867,29.987848,4.5984073
Grid_Cell_159,2018,0.29813012,1402,122.38493,0.006707158,0.12380047,5558.641,128.89908,0.000411,88.13326,65.76852,29.951685,4.1549807
Grid_Cell_159,2019,0.29813012,1634,147.97466,0.007147074,0.124941915,5475.818,151.63849,0.000336,84.26861,68.363976,29.58468,4.248028
Grid_Cell_159,2020,0.298203,2854,481.57855,0.007297793,0.12669323,5436.4556,476.21515,0.001578962,62.630795,197.19081,28.862543,4.405533
Grid_Cell_159,2021,0.29813012,3528,463.8609,0.00670232,0.13123311,5466.3467,473.97528,0.002054925,60.883392,189.38042,29.071253,4.406208
Grid_Cell_159,2022,0.29813012,3730,460.41217,0.007082825,0.123784795,5254.0073,531.6926,0.003751332,58.937645,196.92856,27.924128,4.4097567
Grid_Cell_159,2023,0.29813012,3549,512.79254,0.007060994,0.13138579,5343.7505,492.79752,0.00236,55.864063,205.00201,29.367395,4.2277966
Grid_Cell_159,2024,0.29820287,4400,497.16748,0.00744272,0.13779299,5316.1777,583.96014,0.005139,61.967937,199.15802,28.734308,4.4275374
Grid_Cell_159,2025,0.29813012,5521,420.1488,0.006666051,0.1337693,5247.8667,414.6898,0.002370052,61.03043,203.20183,29.208857,4.2434025
Grid_Cell_16,2000,0.18613793,142,880.42334,0.007906157,0.3072388,4155.9478,886.2758,0.012136088,33.823093,333.83005,29.290735,2.5600402
Grid_Cell_16,2001,0.18606876,108,873.56134,0.010284817,0.3206971,3597.094,1089.2124,0.02558796,39.338726,336.81155,27.68252,2.3818417
Grid_Cell_16,2002,0.18606876,139,836.5797,0.00987694,0.30479568,3907.8584,881.7887,0.012339884,44.527065,329.0404,28.685328,2.3759058
Grid_Cell_16,2003,0.18606876,183,810.134,0.010575671,0.31158313,3674.0464,892.9807,0.013860689,46.32696,338.21573,28.1159,2.3089447
Grid_Cell_16,2004,0.18614015,202,868.52423,0.010287472,0.34482446,3787.8635,953.95,0.017962292,42.306355,333.83597,28.699976,2.3624408
Grid_Cell_16,2005,0.18606876,114,840.4683,0.010647794,0.29881263,3689.772,1035.1638,0.027951164,45.573864,339.687,28.465754,2.2129405
Grid_Cell_16,2006,0.18606876,108,918.0191,0.009640944,0.19370347,3757.9287,1166.1202,0.034522947,40.026398,347.10602,29.32998,2.2620006
Grid_Cell_16,2007,0.18606876,184,925.769,0.010112335,0.1913734,3705.9707,1115.1064,0.029569719,40.81196,349.70898,28.716608,2.384014
Grid_Cell_16,2008,0.18614015,177,796.26605,0.009803195,0.25074363,3669.335,998.77893,0.027899405,50.32651,332.03494,28.12411,2.302149
Grid_Cell_16,2009,0.18606876,163,839.21014,0.010358338,0.2662202,3776.9473,860.8324,0.010903069,47.279896,316.84,29.309412,2.3384202
Grid_Cell_16,2010,0.18606876,329,922.6698,0.009919818,0.28644994,3869.5735,1056.6741,0.033498846,43.384842,324.55292,29.482294,2.373222
Grid_Cell_16,2011,0.18606876,283,858.95734,0.008916666,0.17390339,4191.9194,832.6174,0.018264754,48.882893,303.1168,29.562525,2.7128508
Grid_Cell_16,2012,0.18614015,691,926.62305,0.009472077,0.33062035,4028.9272,1227.2867,0.057972416,43.560856,308.20392,29.660883,2.8002117
Grid_Cell_16,2013,0.18606876,739,901.5566,0.00887191,0.07714104,4082.8699,967.3204,0.03933541,43.035458,322.9309,30.616358,2.6005697
Grid_Cell_16,2014,0.18606876,959,853.2541,0.00899375,0.086573884,4227.092,899.19934,0.02534921,47.770496,287.778,30.457697,2.7317698
Grid_Cell_16,2015,0.18606876,955,806.0247,0.008881064,0.07727525,4451.273,873.30743,0.023523737,52.174217,276.5946,29.412043,3.0056155
Grid_Cell_16,2016,0.18614015,792,340.53973,0.009239277,0.08420161,4547.3945,255.1185,0.008996103,78.82398,202.4717,29.865747,2.8912456
Grid_Cell_16,2017,0.18606876,952,184.94513,0.008675212,0.081894115,4937.2495,204.73991,0.007419654,89.58296,149.04456,29.79693,3.3552225
Grid_Cell_16,2018,0.18606876,1402,318.0658,0.009192768,0.074372135,5044.735,358.78357,0.012972421,87.83522,157.44356,29.590326,3.6161108
Grid_Cell_16,2019,0.18606876,1634,495.71738,0.009719821,0.07925832,4787.568,588.35486,0.014189021,75.82931,184.50208,29.113214,3.5594664
Grid_Cell_16,2020,0.18614015,2854,936.2021,0.009803278,0.07469449,4633.7656,1095.0908,0.057695873,47.70399,331.4311,28.338037,3.6439552
Grid_Cell_16,2021,0.18606876,3528,819.77814,0.009413971,0.077214904,4493.4985,884.0923,0.03821517,51.21728,305.41406,28.573175,3.4526806
Grid_Cell_16,2022,0.18606876,3730,849.1463,0.009404893,0.07474819,4352.408,1145.7731,0.06046011,47.27,308.0581,27.826624,3.5639002
Grid_Cell_16,2023,0.18606876,3549,924.9497,0.009130702,0.086263925,4412.073,1027.148,0.04475175,40.162506,324.53003,29.330652,3.3995428
Grid_Cell_16,2024,0.18613993,4400,886.216,0.009708363,0.07538359,4435.834,959.30365,0.034315992,54.99,305.30914,28.629816,3.4331398
Grid_Cell_16,2025,0.18606849,5521,864.09863,0.008868798,0.079332724,4320.018,1068.42,0.048348617,46.084263,313.02823,29.211176,3.352853
Grid_Cell_160,2000,0.2919203,142,364.1487,0.006015562,0.2649136,4972.9976,279.91943,0.000215,63.002087,204.36424,28.658655,3.1991248
Grid_Cell_160,2001,0.2918356,108,377.46118,0.00753541,0.1447729,4606.023,425.70035,0.000593,63.50976,192.11916,28.517267,3.093828
Grid_Cell_160,2002,0.2918356,139,358.4421,0.006730282,0.12679105,4927.611,331.7987,0.000331,67.34096,196.7958,29.533503,3.0208714
Grid_Cell_160,2003,0.2918356,183,420.87067,0.007878897,0.2627749,4719.384,466.20468,0.000774,60.29681,201.55386,29.100794,3.1809995
Grid_Cell_160,2004,0.29192594,202,329.53107,0.007182649,0.14946696,4973.7065,321.24933,0.00047,69.58154,201.05373,29.345942,3.2889094
Grid_Cell_160,2005,0.2918356,114,396.08505,0.008214586,0.21324918,4758.029,417.01285,0.000629,64.33742,203.28093,29.752283,3.3630774
Grid_Cell_160,2006,0.2918356,108,384.05954,0.007369804,0.12030737,4843.701,404.88336,0.000639,66.10499,205.38782,30.18661,3.2970347
Grid_Cell_160,2007,0.2918356,184,382.78824,0.007375006,0.084778726,5010.596,382.68503,0.000492,69.08306,207.5982,29.958307,3.5576782
Grid_Cell_160,2008,0.29192594,177,368.33502,0.008087361,0.098419584,4713.703,391.08517,0.000578,68.395096,208.26518,29.391047,3.4886246
Grid_Cell_160,2009,0.2918356,163,363.6559,0.007584848,0.1292446,5005.004,323.24185,0.000351,63.351143,199.49138,30.814417,3.48116
Grid_Cell_160,2010,0.2918356,329,422.7605,0.007752691,0.2548957,4899.5635,518.1387,0.001735003,63.91137,203.03577,30.784601,3.4576743
Grid_Cell_160,2011,0.2918356,283,366.38446,0.007427351,0.17721519,5936.5503,289.7683,0.000886,73.14759,196.60902,31.018549,4.6039467
Grid_Cell_160,2012,0.29192594,691,439.03317,0.007863118,0.2170662,5960.5127,485.89133,0.001711807,65.029884,188.22661,31.267176,4.7726846
Grid_Cell_160,2013,0.2918356,739,400.5835,0.007286198,0.1072482,5980.7544,430.6824,0.001585281,66.531944,201.24826,31.940088,4.568549
Grid_Cell_160,2014,0.2918356,959,367.4906,0.007511534,0.10881594,6058.258,337.23972,0.001473329,68.65778,196.46054,31.842615,4.648927
Grid_Cell_160,2015,0.2918356,955,290.97165,0.006830195,0.113651685,6215.655,244.24524,0.000794,75.16407,170.5103,30.661432,4.828629
Grid_Cell_160,2016,0.29192594,792,195.03146,0.007246825,0.11707589,6039.2505,144.65633,0.000622,78.96336,135.22963,31.114496,4.709859
Grid_Cell_160,2017,0.2918356,952,125.021324,0.006978236,0.10991165,5984.0156,94.4298,0.000176,87.08653,92.67073,30.664148,4.6276884
Grid_Cell_160,2018,0.2918356,1402,118.45373,0.007257151,0.109108135,5488.2354,111.273476,0.000227,93.20356,74.13682,30.206903,4.096453
Grid_Cell_160,2019,0.2918356,1634,164.70601,0.007659643,0.10213104,5403.292,174.34872,0.00031,88.22847,73.838806,29.681757,4.1679597
Grid_Cell_160,2020,0.29192594,2854,455.53226,0.007776393,0.10317772,5423.431,502.54147,0.001099754,69.06353,211.10287,28.928919,4.415096
Grid_Cell_160,2021,0.2918356,3528,399.16998,0.007207327,0.107970096,5409.1616,393.1621,0.001580637,70.7886,211.19847,29.23446,4.4095984
Grid_Cell_160,2022,0.2918356,3730,431.3375,0.007670455,0.11451409,5169.801,509.5246,0.002832387,67.032265,214.85127,28.266138,4.4054756
Grid_Cell_160,2023,0.2918356,3549,493.1441,0.007592603,0.11097989,5313.77,472.95792,0.001035401,63.785233,219.09306,29.62414,4.2583785
Grid_Cell_160,2024,0.2919261,4400,492.50473,0.007980924,0.108686164,5242.645,559.00055,0.002466124,67.99273,215.74922,29.034876,4.408054
Grid_Cell_160,2025,0.2918356,5521,426.95667,0.00717567,0.09319242,5097.089,457.77188,0.001382412,63.934883,220.33673,29.358576,4.24552
Grid_Cell_161,2000,0.2706955,142,341.50034,0.007153499,0.27819243,5138.198,269.69153,0.00023,80.35821,211.40497,28.103724,3.3328795
Grid_Cell_161,2001,0.27062026,108,356.56967,0.007589581,0.2801485,4776.181,398.8397,0.000553,68.21541,201.84329,28.594904,3.2359855
Grid_Cell_161,2002,0.27062026,139,343.6288,0.006840611,0.22737731,4997.243,321.39072,0.000351,70.86643,203.31357,29.627008,3.1874468
Grid_Cell_161,2003,0.27062026,183,401.8443,0.008223356,0.2634383,4665.1772,448.71732,0.000764,62.028557,208.30602,29.101221,3.4257941
Grid_Cell_161,2004,0.27070054,202,318.33084,0.007513049,0.16475211,4986.1987,322.1874,0.000499,72.48272,209.7209,29.295221,3.550453
Grid_Cell_161,2005,0.27062026,114,368.22534,0.008497472,0.26160714,4644.942,401.55588,0.00066,63.41859,215.24487,29.570002,3.4805088
Grid_Cell_161,2006,0.27062026,108,373.08456,0.007603653,0.088421844,4848.704,403.78177,0.000699,66.97395,218.87135,29.690973,3.374432
Grid_Cell_161,2007,0.27062026,184,367.72437,0.007765075,0.20729895,5226.8345,378.3823,0.000604,76.51506,219.62613,29.445093,3.6653836
Grid_Cell_161,2008,0.27070054,177,354.70712,0.008519284,0.29393098,4717.089,386.3763,0.000613,69.5677,220.90237,29.053156,3.6145809
Grid_Cell_161,2009,0.27062026,163,344.5518,0.008018471,0.32019675,4995.1724,311.48172,0.00035,65.39546,211.69432,30.318079,3.589242
Grid_Cell_161,2010,0.27062026,329,409.55533,0.008177516,0.22851826,4878.883,504.55225,0.001520479,65.45908,215.2637,30.224451,3.5165782
Grid_Cell_161,2011,0.27062026,283,330.24658,0.007877443,0.09593154,5825.7617,264.51794,0.000533,75.56389,207.52838,30.595942,4.6042547
Grid_Cell_161,2012,0.27070054,691,406.63986,0.008257149,0.11623192,5786.004,429.65,0.001674133,67.14583,197.54517,30.825708,4.753593
Grid_Cell_161,2013,0.27062026,739,306.75308,0.007743369,0.09001026,5829.6953,303.0977,0.000987,73.538826,195.94061,31.424036,4.5474534
Grid_Cell_161,2014,0.27062026,959,304.48236,0.007920448,0.080891974,5924.577,281.29895,0.000741,73.07952,187.26624,31.388117,4.6615644
Grid_Cell_161,2015,0.27062026,955,257.18817,0.007183112,0.07908957,6079.7534,220.76495,0.000353,79.18526,167.80046,29.940332,4.809143
Grid_Cell_161,2016,0.27070054,792,200.46948,0.007602136,0.081591055,5878.2183,167.70949,0.000655,80.741425,146.31752,30.451197,4.650467
Grid_Cell_161,2017,0.27062026,952,141.08092,0.007367794,0.07698956,5883.9033,104.474884,0.000187,87.809166,112.81044,30.106226,4.6273117
Grid_Cell_161,2018,0.27062026,1402,134.40532,0.007557401,0.07663775,5476.1157,125.772484,0.000289,93.25026,90.12881,30.104975,4.14457
Grid_Cell_161,2019,0.27062026,1634,163.34737,0.008014645,0.07439902,5310.3203,167.77908,0.000296,88.682304,86.67519,29.556635,4.2033362
Grid_Cell_161,2020,0.27070054,2854,395.73773,0.008173302,0.074666515,5341.189,454.41138,0.001048077,75.3061,213.91682,28.836603,4.448873
Grid_Cell_161,2021,0.27062026,3528,364.83353,0.007662916,0.07591711,5330.2617,352.7809,0.001037702,74.414406,215.75992,28.931849,4.430215
Grid_Cell_161,2022,0.27062026,3730,391.35376,0.008103362,0.07942734,5148.4414,484.23853,0.001392072,70.87281,219.1255,27.973963,4.4832153
Grid_Cell_161,2023,0.27062026,3549,400.0967,0.008039909,0.07776374,5319.506,359.30414,0.000615,71.691154,217.4165,29.251093,4.35444
Grid_Cell_161,2024,0.27070028,4400,482.08383,0.008388094,0.07698117,5194.2314,597.9281,0.002055032,70.12505,219.81775,28.706812,4.475611
Grid_Cell_161,2025,0.27061987,5521,383.32742,0.007591431,0.076534756,5125.1265,422.65094,0.001237722,70.357445,228.2858,28.965601,4.2962775
Grid_Cell_162,2000,0.26903808,142,325.50287,0.008372357,0.09652161,4913.526,267.0206,0.00026,82.87907,216.23297,27.602869,3.5080416
Grid_Cell_162,2001,0.2689726,108,350.5087,0.007761999,0.14697555,4916.6377,379.99582,0.000517,69.046585,206.1379,28.673944,3.4044101
Grid_Cell_162,2002,0.2689726,139,336.48032,0.007425611,0.24259815,5139.2974,315.5533,0.000351,72.77281,203.8254,29.78338,3.4612138
Grid_Cell_162,2003,0.2689726,183,386.78265,0.011141705,0.26597545,4491.7188,435.25513,0.000749,73.61541,209.68588,28.690454,3.9319928
Grid_Cell_162,2004,0.2690437,202,308.96698,0.01046986,0.19494198,4769.6396,323.16214,0.000524,81.926704,213.05614,28.641108,4.0561566
Grid_Cell_162,2005,0.2689726,114,361.43323,0.010077582,0.11207872,4534.9326,388.80972,0.000684,68.65635,218.03662,29.269526,3.765269
Grid_Cell_162,2006,0.2689726,108,369.78302,0.008375996,0.10312534,4860.789,404.514,0.000708,68.82614,220.97388,29.398035,3.5948088
Grid_Cell_162,2007,0.2689726,184,353.45758,0.009593304,0.19864567,5117.7773,374.02774,0.000748,81.23305,222.79051,29.021967,3.9910686
Grid_Cell_162,2008,0.2690437,177,344.87473,0.01024619,0.08950061,4703.8,380.86075,0.000625,73.782234,224.81963,28.635828,3.9795055
Grid_Cell_162,2009,0.2689726,163,331.25482,0.009935348,0.11560272,4873.8857,301.95935,0.000352,70.44247,215.21826,29.70437,3.898386
Grid_Cell_162,2010,0.2689726,329,401.6616,0.009644636,0.10237049,4812.2173,499.5778,0.001679531,68.75852,218.94809,29.915094,3.7511673
Grid_Cell_162,2011,0.2689726,283,323.73526,0.008473206,0.08745619,5870.8833,262.97354,0.000806,77.857605,210.38684,30.390833,4.7454877
Grid_Cell_162,2012,0.2690437,691,401.95255,0.008789594,0.24451216,5725.19,426.24115,0.001497503,70.15107,201.43582,30.498316,4.8396926
Grid_Cell_162,2013,0.2689726,739,299.13803,0.008361359,0.08178716,5763.178,295.85736,0.000825,76.72192,199.72644,31.064295,4.6181383
Grid_Cell_162,2014,0.2689726,959,300.52844,0.008504218,0.07819611,5864.368,277.8354,0.000505,76.565414,191.46582,31.02926,4.7540984
Grid_Cell_162,2015,0.2689726,955,245.73587,0.009907088,0.08080613,5363.5327,217.49149,0.000349,90.28548,175.93306,28.021082,4.9865746
Grid_Cell_162,2016,0.2690437,792,280.15173,0.010283932,0.08276761,5151.184,300.57748,0.001248579,85.881226,176.19945,28.365992,4.7408013
Grid_Cell_162,2017,0.2689726,952,172.28104,0.010159417,0.07792169,5276.9194,113.093285,0.000261,96.06389,154.26152,28.296717,4.848373
Grid_Cell_162,2018,0.2689726,1402,159.73024,0.01047336,0.08250705,5003.1924,149.1264,0.000556,99.964264,121.69805,28.694605,4.4529257
Grid_Cell_162,2019,0.2689726,1634,178.7946,0.010539263,0.07209347,4833.101,174.76668,0.00038,96.0474,117.5201,28.073847,4.460802
Grid_Cell_162,2020,0.2690437,2854,374.7719,0.010768742,0.07694891,4780.0747,446.82462,0.001230249,83.79631,225.32492,27.735834,4.6604853
Grid_Cell_162,2021,0.2689726,3528,352.09277,0.010470755,0.07737445,4662.428,347.5105,0.000847,84.66832,224.00609,27.514399,4.525489
Grid_Cell_162,2022,0.2689726,3730,378.235,0.010629622,0.080658175,4593.9707,484.46533,0.001380476,80.84044,226.23537,26.767298,4.6873593
Grid_Cell_162,2023,0.2689726,3549,366.26572,0.010766178,0.08006692,4637.524,337.2678,0.000578,84.44186,222.83125,27.605951,4.470981
Grid_Cell_162,2024,0.269044,4400,469.3428,0.010883282,0.07553508,4649.6353,604.4835,0.001716008,80.21854,227.26523,27.26565,4.6936994
Grid_Cell_162,2025,0.2689726,5521,363.29968,0.010391891,0.07652321,4391.9116,417.09302,0.000981,81.00719,232.79285,27.369013,4.2934914
Grid_Cell_163,2000,0.20744227,142,360.92078,0.00955315,0.31841373,4866.264,273.16833,0.000258,95.16495,185.86058,27.395502,3.6901395
Grid_Cell_163,2001,0.20738356,108,362.87366,0.009477393,0.35991734,5014.93,372.8743,0.00045,87.66313,158.36229,28.014734,3.6988964
Grid_Cell_163,2002,0.20738356,139,337.53226,0.009732125,0.26971093,5177.308,314.49384,0.000301,90.35829,152.3457,29.226099,3.7951865
Grid_Cell_163,2003,0.20738356,183,382.58792,0.013730233,0.3220383,4273.5654,432.21814,0.000642,92.812645,167.28691,28.326288,4.4234653
Grid_Cell_163,2004,0.20744535,202,319.0223,0.013091885,0.30276087,4500.795,325.1256,0.000468,99.91363,172.24666,28.05871,4.537441
Grid_Cell_163,2005,0.20738356,114,381.37653,0.012750088,0.2667084,4435.072,388.37772,0.000645,92.701744,176.25217,28.19372,4.1864676
Grid_Cell_163,2006,0.20738356,108,384.96997,0.011059928,0.2407669,4800.62,407.9851,0.000598,94.704796,175.36537,27.917505,3.9729252
Grid_Cell_163,2007,0.20738356,184,367.40146,0.012121081,0.35101897,4947.3945,370.00583,0.000723,98.67455,182.27403,28.357264,4.4678493
Grid_Cell_163,2008,0.20744535,177,360.926,0.012557574,0.28027865,4627.0835,378.35553,0.000504,89.2099,183.99962,28.021448,4.48678
Grid_Cell_163,2009,0.20738356,163,341.51807,0.012531349,0.2318622,4679.744,300.57156,0.000306,87.52845,174.6744,28.86709,4.344242
Grid_Cell_163,2010,0.20738356,329,394.45367,0.013181195,0.27568832,4541.857,497.08728,0.00130101,90.53492,180.4809,28.728998,4.3668523
Grid_Cell_163,2011,0.20738356,283,333.83542,0.013500001,0.20744942,4873.649,262.89252,0.000284,101.558716,188.5213,28.104395,5.201892
Grid_Cell_163,2012,0.20744535,691,385.11072,0.01377025,0.26896933,4593.962,426.46194,0.00124376,98.123215,178.14333,28.003595,4.9421515
Grid_Cell_163,2013,0.20738356,739,311.76862,0.013927221,0.02850201,4614.688,295.92218,0.000765,106.95311,176.05653,28.45724,4.650604
Grid_Cell_163,2014,0.20738356,959,299.84915,0.013711082,0.02520608,4724.502,277.8732,0.000883,107.512856,163.29239,28.348627,4.8052287
Grid_Cell_163,2015,0.20738356,955,253.05716,0.012521725,0.046650358,4547.368,219.57156,0.000323,115.84808,145.09592,26.226221,5.0886292
Grid_Cell_163,2016,0.20744535,792,289.77838,0.012770012,0.03961656,4347.0693,312.1741,0.001240861,109.64289,147.14224,26.383936,4.7396746
Grid_Cell_163,2017,0.20738356,952,186.37288,0.01270075,0.036413226,4524.486,125.36424,0.000376,118.602135,123.98974,26.569391,4.9528937
Grid_Cell_163,2018,0.20738356,1402,159.45377,0.013189357,0.032344144,4397.1,157.41432,0.000553,121.51345,91.37719,27.254328,4.6331315
Grid_Cell_163,2019,0.20738356,1634,178.06236,0.013088698,0.022451818,4192.2896,187.2774,0.000946,118.971,96.48327,26.491144,4.6026855
Grid_Cell_163,2020,0.20744535,2854,388.45258,0.013541875,0.01763202,4178.9414,446.7697,0.001149399,103.92964,198.68782,26.637934,4.800615
Grid_Cell_163,2021,0.20738356,3528,379.32498,0.013367694,0.03523671,4026.1165,356.20776,0.001076072,105.40974,201.79083,26.3052,4.6158657
Grid_Cell_163,2022,0.20738356,3730,399.754,0.013178715,0.024166413,4051.033,493.60748,0.001312788,101.80795,200.66818,25.721674,4.8439345
Grid_Cell_163,2023,0.20738356,3549,386.61832,0.013574011,0.00178302,3950.4885,336.14352,0.000541,106.10274,204.60419,26.212732,4.5387893
Grid_Cell_163,2024,0.20744577,4400,473.42792,0.013402127,0.008281834,4088.6062,604.4959,0.001557477,102.06757,201.20996,26.00268,4.8668113
Grid_Cell_163,2025,0.20738356,5521,386.99115,0.013287124,-0.006035188,3733.1414,416.99948,0.000857,100.05299,214.95251,26.140406,4.339613
Grid_Cell_164,2000,0.20744227,142,355.28912,0.01072586,0.34100896,4584.243,287.19415,0.000288,96.04504,187.25894,27.160944,3.9326403
Grid_Cell_164,2001,0.20738356,108,358.98022,0.011185981,0.2796956,4726.9272,376.677,0.000484,93.16984,168.02489,27.328241,4.0119786
Grid_Cell_164,2002,0.20738356,139,338.87683,0.011680512,0.22532757,4914.758,317.9736,0.000301,96.979034,164.19064,28.55932,4.04683
Grid_Cell_164,2003,0.20738356,183,389.41565,0.013984667,0.31873682,4247.3975,435.4074,0.000653,91.98334,176.12799,28.294886,4.4968557
Grid_Cell_164,2004,0.20744535,202,321.9616,0.013343914,0.2826779,4480.7705,326.80148,0.000469,99.48718,179.00963,27.98617,4.597311
Grid_Cell_164,2005,0.20738356,114,376.96365,0.0137814,0.15753272,4253.0986,397.1268,0.000749,98.03266,184.90842,27.553553,4.4482827
Grid_Cell_164,2006,0.20738356,108,381.06363,0.012697229,0.2248046,4439.3794,415.18225,0.00064,102.93658,190.47368,26.906702,4.28635
Grid_Cell_164,2007,0.20738356,184,361.24222,0.013425209,0.24108835,4708.885,365.14584,0.000721,101.168915,196.4263,27.918756,4.8670278
Grid_Cell_164,2008,0.20744535,177,360.34763,0.013732392,0.20435487,4458.4175,376.76688,0.000476,91.28172,196.634,27.627558,4.913693
Grid_Cell_164,2009,0.20738356,163,342.2665,0.013887125,0.29537043,4422.308,305.41428,0.000317,89.43126,187.5248,28.353754,4.7362967
Grid_Cell_164,2010,0.20738356,329,395.0196,0.014052315,0.17326228,4464.2017,492.86124,0.001338764,91.62022,189.69472,28.368372,4.8106537
Grid_Cell_164,2011,0.20738356,283,333.4337,0.013498292,0.31689015,4945.826,266.9328,0.000306,101.67146,194.48456,27.787134,5.533022
Grid_Cell_164,2012,0.20744535,691,380.14337,0.013785171,0.31880757,4587.7827,430.31024,0.001272094,98.22515,185.4037,27.653772,5.1069055
Grid_Cell_164,2013,0.20738356,739,315.20087,0.013934817,0.039783236,4625.322,296.59393,0.000539,106.739655,184.90756,28.13067,4.8479667
Grid_Cell_164,2014,0.20738356,959,302.41412,0.013777917,0.03981245,4682.2773,284.05838,0.001229808,107.52877,171.60368,27.989527,4.944167
Grid_Cell_164,2015,0.20738356,955,259.40756,0.012598914,0.047774706,4506.576,224.1918,0.000356,114.7035,154.19312,26.141901,5.0311975
Grid_Cell_164,2016,0.20744535,792,250.33362,0.012618024,0.048478577,4282.7974,230.10078,0.000711,111.97486,140.80771,25.974054,4.7099614
Grid_Cell_164,2017,0.20738356,952,166.74065,0.012656637,0.03875535,4475.4966,118.68228,0.000322,119.30133,109.70877,26.320704,4.88625
Grid_Cell_164,2018,0.20738356,1402,155.35193,0.013164216,0.041631643,4324.421,162.86832,0.000646,121.38052,87.224,26.9714,4.5759053
Grid_Cell_164,2019,0.20738356,1634,150.77617,0.013108749,0.026039459,4189.6914,142.98984,0.000341,120.3251,87.69209,26.411005,4.606521
Grid_Cell_164,2020,0.20744535,2854,387.21396,0.01354143,0.03438845,4275.7144,445.6657,0.001306691,103.18758,201.80193,26.765284,4.8788595
Grid_Cell_164,2021,0.20738356,3528,384.74872,0.013396642,0.037756298,4135.799,365.36508,0.000949,104.12513,204.75153,26.46789,4.698126
Grid_Cell_164,2022,0.20738356,3730,420.59366,0.013177739,0.049440827,4135.892,521.48773,0.001256562,99.52906,206.04941,25.819422,4.890887
Grid_Cell_164,2023,0.20738356,3549,386.04807,0.0136316,0.033557553,4005.9062,337.10257,0.000538,105.28261,206.04344,26.327784,4.5415635
Grid_Cell_164,2024,0.20744577,4400,469.06302,0.013402042,0.039814543,4176.6704,604.82056,0.001581704,101.4582,202.3673,26.104517,4.902441
Grid_Cell_164,2025,0.20738356,5521,384.66858,0.013309833,0.037299763,3828.5273,417.75235,0.000869,99.49053,215.23257,26.2828,4.4577622
Grid_Cell_165,2000,0.3032601,142,231.5844,0.009610229,0.3179611,4488.0864,227.0786,0.00023,81.85888,229.64864,27.230463,3.7469895
Grid_Cell_165,2001,0.3032159,108,287.26285,0.007553824,0.26447818,5020.289,336.69217,0.000596,64.39328,227.09085,28.731989,3.6047184
Grid_Cell_165,2002,0.3032159,139,274.60062,0.007140022,0.26088333,5216.792,277.9434,0.000379,67.69797,224.93886,29.810938,3.598029
Grid_Cell_165,2003,0.3032159,183,337.5249,0.010824726,0.3122265,4478.26,400.64005,0.000826,67.91137,229.91937,28.777765,3.9383283
Grid_Cell_165,2004,0.303265,202,229.24919,0.010158309,0.23986341,4766.7114,281.17123,0.000621,78.00127,230.95644,28.720728,4.0630555
Grid_Cell_165,2005,0.3032159,114,298.75653,0.010126106,0.2894017,4616.734,353.1006,0.000769,66.06465,234.90063,29.220484,3.9479403
Grid_Cell_165,2006,0.3032159,108,297.59583,0.009393705,0.23864762,4861.0522,365.68152,0.000826,68.15538,236.33052,29.030329,4.036384
Grid_Cell_165,2007,0.3032159,184,269.18195,0.01210565,0.29913947,4738.2065,333.77615,0.000864,83.314255,236.9271,28.400568,4.61011
Grid_Cell_165,2008,0.303265,177,274.88055,0.012463567,0.22595379,4463.3457,341.82632,0.000666,75.16678,238.06512,28.080835,4.6216846
Grid_Cell_165,2009,0.3032159,163,261.87024,0.012437872,0.22045833,4510.1807,272.97974,0.000401,72.49045,230.46089,28.935633,4.4659543
Grid_Cell_165,2010,0.3032159,329,346.91638,0.01140063,0.18583177,4663.7515,477.20667,0.002041949,67.370186,235.63742,29.58993,4.2402425
Grid_Cell_165,2011,0.3032159,283,273.47638,0.008631755,0.22374298,6040.7715,262.89792,0.000992,73.87464,227.19884,30.343134,5.091344
Grid_Cell_165,2012,0.303265,691,366.5144,0.008968317,0.2203682,5765.536,426.31653,0.002335543,65.60335,227.03531,30.381128,5.1068034
Grid_Cell_165,2013,0.3032159,739,256.40784,0.008564191,0.061083365,5791.846,295.84225,0.001223596,72.26553,228.84955,30.939783,4.838857
Grid_Cell_165,2014,0.3032159,959,260.79202,0.0087199,0.07802867,5874.985,277.84082,0.000814,72.00114,226.52708,30.873377,4.976838
Grid_Cell_165,2015,0.3032159,955,218.46045,0.010046935,0.07718731,5296.511,218.19456,0.000471,83.80258,219.60228,28.042871,5.1183896
Grid_Cell_165,2016,0.303265,792,211.4963,0.010480114,0.07502965,5139.6484,222.13385,0.000804,82.27956,215.78706,28.466211,4.885952
Grid_Cell_165,2017,0.3032159,952,109.76308,0.010317198,0.061700393,5296.574,83.21292,0.000212,92.042786,204.40973,28.413202,5.0221405
Grid_Cell_165,2018,0.3032159,1402,134.2455,0.010646528,0.05728223,4974.729,123.91273,0.000351,93.43323,195.02318,28.810816,4.577892
Grid_Cell_165,2019,0.3032159,1634,135.97153,0.011186533,0.0632194,4628.792,131.87015,0.000389,92.58317,191.88155,27.743128,4.6210074
Grid_Cell_165,2020,0.303265,2854,313.7086,0.011968914,0.06953804,4394.272,446.4789,0.001573815,82.18242,240.86653,27.189966,4.807685
Grid_Cell_165,2021,0.3032159,3528,307.32895,0.011745309,0.07642345,4205.1333,358.83972,0.001199206,82.76724,238.17613,26.826502,4.597612
Grid_Cell_165,2022,0.3032159,3730,333.61584,0.011731071,0.06933795,4258.721,498.65326,0.002418048,79.04087,241.46652,26.194056,4.903832
Grid_Cell_165,2023,0.3032159,3549,300.84583,0.012010932,0.05560105,4224.017,336.5096,0.000693,84.32304,237.09929,26.841364,4.618961
Grid_Cell_165,2024,0.30326486,4400,405.45633,0.012006206,0.020004706,4256.613,604.47906,0.002109834,79.514565,243.78297,26.559381,4.8539176
Grid_Cell_165,2025,0.30321574,5521,308.7685,0.011645016,0.016946021,3994.7107,416.9574,0.00112519,80.282,241.73117,26.720972,4.390177
Grid_Cell_166,2000,0.28578615,142,227.25964,0.01027616,0.35982692,4452.5835,233.44829,0.000269,86.39526,231.87372,27.1318,3.8841949
Grid_Cell_166,2001,0.28572604,108,274.9627,0.009246725,0.41684434,4935.781,328.33405,0.000606,75.303085,230.23636,28.02212,3.883554
Grid_Cell_166,2002,0.28572604,139,261.30905,0.009409903,0.41829595,5100.387,276.4001,0.000389,79.30489,228.51973,29.183374,3.9014878
Grid_Cell_166,2003,0.28572604,183,324.10483,0.01334988,0.35488853,4138.0225,397.54044,0.000847,79.94386,234.62852,28.29391,4.3658285
Grid_Cell_166,2004,0.2857929,202,217.8971,0.012723886,0.33278325,4355.7046,284.80518,0.000657,88.82232,234.80771,28.039698,4.482352
Grid_Cell_166,2005,0.28572604,114,291.55508,0.012625475,0.32395622,4340.505,352.7615,0.000844,82.24152,237.66425,28.127497,4.3192077
Grid_Cell_166,2006,0.28572604,108,288.7301,0.011475862,0.30847973,4638.5796,368.89993,0.000846,84.47255,238.88872,27.71322,4.3421373
Grid_Cell_166,2007,0.28572604,184,253.39775,0.013252681,0.36165252,4580.65,330.31152,0.000955,90.456215,239.27885,27.981226,4.97124
Grid_Cell_166,2008,0.2857929,177,264.50104,0.013552915,0.30863574,4339.2246,338.9269,0.000645,81.35632,240.07906,27.680475,4.9902296
Grid_Cell_166,2009,0.28572604,163,249.8887,0.013659444,0.32858512,4330.71,270.82727,0.000408,79.78322,233.0542,28.411432,4.804379
Grid_Cell_166,2010,0.28572604,329,313.47528,0.01393678,0.24767505,4322.885,474.70538,0.001940579,80.52048,239.69395,28.51031,4.8392153
Grid_Cell_166,2011,0.285726,283,249.10512,0.013514368,0.40545994,4756.998,263.00592,0.000451,89.52933,233.27713,27.949793,5.5278506
Grid_Cell_166,2012,0.2857929,691,325.70392,0.013767206,0.31658328,4435.6973,426.42316,0.002217988,84.968285,238.18643,27.823969,5.193415
Grid_Cell_166,2013,0.28572604,739,238.26491,0.013935869,0.025127022,4432.5986,295.82065,0.000887,93.67596,236.50037,28.274988,4.8621106
Grid_Cell_166,2014,0.28572604,959,238.95659,0.013748722,0.014437455,4524.257,277.88617,0.000818,93.49436,233.33965,28.157953,4.9974546
Grid_Cell_166,2015,0.285726,955,208.5061,0.012574643,0.040841583,4309.4023,220.91292,0.000493,99.61822,227.25536,26.115656,5.1918483
Grid_Cell_166,2016,0.2857929,792,225.92339,0.012810593,0.039630555,4143.317,261.69925,0.001332312,95.995674,226.20006,26.247461,4.8778577
Grid_Cell_166,2017,0.285726,952,116.04544,0.012741034,0.036342878,4353.349,103.42404,0.00038,104.57627,218.23822,26.503046,5.0991607
Grid_Cell_166,2018,0.285726,1402,131.72693,0.013240076,0.026721975,4170.494,126.40644,0.000377,104.44571,209.45044,27.142023,4.7033024
Grid_Cell_166,2019,0.285726,1634,132.7812,0.013080081,0.017376913,4020.525,119.05596,0.00038,104.134514,203.2625,26.430079,4.697343
Grid_Cell_166,2020,0.2857929,2854,290.12228,0.013444866,-0.005441055,4053.873,446.56613,0.001758709,91.79055,243.2431,26.634485,4.9468923
Grid_Cell_166,2021,0.285726,3528,285.98813,0.013350677,0.019361591,3832.2134,356.93787,0.001127404,92.65333,240.92969,26.253107,4.6921325
Grid_Cell_166,2022,0.285726,3730,316.3337,0.013169475,-0.0037219,3928.5417,502.25616,0.002591411,89.610916,243.82468,25.648737,5.036092
Grid_Cell_166,2023,0.285726,3549,285.91696,0.013596511,-0.003912128,3803.848,336.07547,0.000724,94.816124,239.84717,26.113092,4.688721
Grid_Cell_166,2024,0.28579327,4400,371.55243,0.013419006,-0.002408671,3915.6853,604.4923,0.00223819,90.37715,246.66296,25.919489,5.007189
Grid_Cell_166,2025,0.28572604,5521,283.47513,0.013274062,-0.007541046,3595.1692,416.95578,0.001197322,89.6438,244.13426,26.080927,4.4734597
Grid_Cell_17,2000,0.15865739,142,731.59,0.007571411,0.2376432,4285.014,894.8025,0.000521,52.165882,181.23328,28.344782,2.626354
Grid_Cell_17,2001,0.15860958,108,679.9141,0.009849098,0.29199773,3778.1287,1094.8597,0.000851,58.346096,187.43309,26.784754,2.456328
Grid_Cell_17,2002,0.15860958,139,688.0149,0.009507128,0.28786612,4050.2942,889.06464,0.00052,62.42305,172.77467,27.743067,2.4200494
Grid_Cell_17,2003,0.15860958,183,631.3033,0.010269924,0.25518999,3770.0762,893.9106,0.000522,66.462265,183.96375,27.164392,2.3222666
Grid_Cell_17,2004,0.15866065,202,696.8662,0.009996092,0.2787785,3866.9136,966.6796,0.000668,61.410576,181.59955,27.71496,2.3881922
Grid_Cell_17,2005,0.15860958,114,643.4882,0.010410555,0.30276325,3739.8706,1032.5631,0.000894,66.05135,185.03682,27.429682,2.2600636
Grid_Cell_17,2006,0.15860958,108,713.6788,0.009382828,0.29550397,3911.0474,1198.2676,0.00104,60.426495,189.10234,28.208063,2.3473773
Grid_Cell_17,2007,0.15860958,184,725.91284,0.009798558,0.22668727,3887.8733,1117.9652,0.000891,61.297775,192.27579,27.596369,2.4815137
Grid_Cell_17,2008,0.15866065,177,618.9848,0.009598127,0.2879763,3787.3882,1027.506,0.000857,69.958176,178.53049,26.965784,2.383399
Grid_Cell_17,2009,0.15860958,163,699.69464,0.010162978,0.28996497,3915.5952,876.39624,0.000533,64.78221,175.29903,28.126703,2.4155436
Grid_Cell_17,2010,0.15860958,329,729.91034,0.0099589,0.32163382,4010.136,1042.1266,0.001768346,65.03507,193.46524,28.243067,2.4519207
Grid_Cell_17,2011,0.15860958,283,729.07007,0.009120066,0.2254951,4203.4375,832.6606,0.001150445,66.05673,183.93185,28.235834,2.7326796
Grid_Cell_17,2012,0.15866065,691,730.3233,0.00968874,0.3044795,4017.805,1227.2114,0.003099973,63.972263,192.48445,28.3005,2.7686543
Grid_Cell_17,2013,0.15860958,739,732.4945,0.009094146,0.078417815,4179.831,967.3311,0.002848586,62.348217,183.1004,29.272028,2.5826929
Grid_Cell_17,2014,0.15860958,959,734.00806,0.009225831,0.077308364,4220.5845,899.127,0.001657325,64.864685,176.63469,29.094019,2.696119
Grid_Cell_17,2015,0.15860958,955,703.92584,0.009053465,0.07974978,4525.856,877.4471,0.001476442,68.97288,174.85571,27.846949,3.1768827
Grid_Cell_17,2016,0.15866065,792,613.7505,0.009422494,0.08074312,4374.2373,798.95294,0.002118306,72.24434,157.737,28.271662,3.0678165
Grid_Cell_17,2017,0.15860958,952,472.41953,0.008828003,0.082546845,4682.0444,448.96353,0.000638,82.3698,103.63137,28.32754,3.4734075
Grid_Cell_17,2018,0.15860958,1402,542.5179,0.009309127,0.08168093,4700.773,738.35925,0.00210676,82.82132,122.49736,28.230097,3.6015217
Grid_Cell_17,2019,0.15860958,1634,585.27747,0.009723947,0.079913154,4603.3594,808.65546,0.00186811,78.389435,149.99214,27.798883,3.6545007
Grid_Cell_17,2020,0.15866065,2854,751.3438,0.009789996,0.07810219,4947.537,1089.2942,0.004658337,66.89933,183.21788,27.241327,4.1239758
Grid_Cell_17,2021,0.15860958,3528,702.17694,0.009340344,0.080247566,4756.9917,887.2848,0.002345144,66.66164,165.51704,27.418543,3.8112423
Grid_Cell_17,2022,0.15860958,3730,705.2838,0.009312081,0.08108108,4603.1865,1152.9076,0.00313348,65.91086,175.64983,26.53222,3.824277
Grid_Cell_17,2023,0.15860958,3549,759.835,0.009122394,0.08308104,4592.5874,1026.5325,0.002573116,60.22917,174.16429,27.883936,3.558721
Grid_Cell_17,2024,0.15866014,4400,755.8348,0.009576017,0.08166065,4614.654,966.0784,0.00205118,73.17935,171.3742,27.284906,3.6788049
Grid_Cell_17,2025,0.15860958,5521,714.5025,0.008763763,0.08499387,4578.748,1070.5747,0.002859075,66.48555,174.8834,27.843866,3.6221223
Grid_Cell_18,2000,0.15450543,142,919.17474,0.007257605,0.287632,4386.6772,904.80304,0.003942689,47.57356,344.65326,27.75799,2.6366374
Grid_Cell_18,2001,0.15445918,108,870.33,0.009597687,0.2893323,3790.6821,1101.7847,0.007478147,54.124184,346.6746,26.155848,2.4774923
Grid_Cell_18,2002,0.15445918,139,852.25806,0.009310365,0.25890827,3941.9182,898.9488,0.003914291,52.833073,334.8597,27.053675,2.4245358
Grid_Cell_18,2003,0.15445918,183,806.4641,0.010167047,0.29110986,3624.3328,895.72504,0.004109216,59.332306,348.9025,26.445063,2.3180544
Grid_Cell_18,2004,0.15450765,202,878.12396,0.009902448,0.27154753,3748.1113,978.455,0.005659758,56.366825,344.62012,26.933283,2.397345
Grid_Cell_18,2005,0.15445918,114,821.9366,0.010335928,0.3308759,3727.814,1026.8943,0.008041915,59.408916,351.36856,26.407831,2.3275294
Grid_Cell_18,2006,0.15445918,108,927.7812,0.009263976,0.26350707,4053.2793,1234.8363,0.010266856,53.885017,360.94983,26.728449,2.4272404
Grid_Cell_18,2007,0.15445918,184,949.9405,0.009680105,0.29420775,4002.1018,1118.5496,0.007538089,55.534985,361.22308,26.192438,2.5542192
Grid_Cell_18,2008,0.15450765,177,793.1125,0.009556402,0.23346637,3816.0183,1057.9272,0.008185349,63.327213,345.61588,25.621851,2.4337406
Grid_Cell_18,2009,0.15445918,163,862.61694,0.01014479,0.29042158,3919.5652,895.1559,0.004018808,59.50926,333.97217,26.754328,2.4766736
Grid_Cell_18,2010,0.15445918,329,905.5356,0.009952218,0.24062194,4006.0962,1047.5914,0.013514421,58.349533,349.0515,26.675898,2.5055165
Grid_Cell_18,2011,0.15445918,283,895.19025,0.009135567,0.25643668,4145.0903,915.7882,0.009181237,59.87401,341.76,26.569544,2.7038438
Grid_Cell_18,2012,0.15450765,691,946.38586,0.009628631,0.2708765,3937.1436,1269.5374,0.0259141,53.764095,360.2474,26.732996,2.7135313
Grid_Cell_18,2013,0.15445918,739,962.6608,0.009106591,0.06447987,4016.973,1024.9352,0.013197674,52.22331,349.60986,27.655085,2.5302272
Grid_Cell_18,2014,0.15445918,959,979.79663,0.009240092,0.073360674,4114.524,1033.6863,0.011548277,54.253677,340.2029,27.503748,2.6199205
Grid_Cell_18,2015,0.15445918,955,915.4384,0.009032944,0.0768562,4359.9766,954.6217,0.010044589,61.029358,333.8764,26.657343,2.909417
Grid_Cell_18,2016,0.15450765,792,620.0868,0.00932645,0.07558566,4332.766,479.6197,0.009481479,74.27311,265.12006,27.192743,2.816826
Grid_Cell_18,2017,0.15445918,952,441.4408,0.008712208,0.08058538,4612.049,437.57602,0.002271041,86.25685,171.62193,27.45843,3.1377225
Grid_Cell_18,2018,0.15445918,1402,696.80023,0.009148764,0.08822309,4551.2065,925.40344,0.02059124,75.56761,237.41444,28.085382,3.2397752
Grid_Cell_18,2019,0.15445918,1634,819.9085,0.009696327,0.09046806,4261.826,1052.6858,0.020407706,66.583176,317.05457,27.278772,3.293028
Grid_Cell_18,2020,0.15450765,2854,937.0131,0.009720976,0.08097622,4356.1904,1111.8508,0.031566545,60.545147,361.41946,26.31695,3.5916328
Grid_Cell_18,2021,0.15445918,3528,863.2212,0.00922054,0.08228015,4287.3613,919.7248,0.015452582,61.504597,340.0118,26.723902,3.3498724
Grid_Cell_18,2022,0.15445918,3730,919.2394,0.009231263,0.07690536,4104.7827,1259.6904,0.028286662,57.33546,353.55438,25.876612,3.3408182
Grid_Cell_18,2023,0.15445918,3549,969.6142,0.009127353,0.082233034,4147.0713,1018.0458,0.015130566,51.779694,351.56046,27.235254,3.139406
Grid_Cell_18,2024,0.1545075,4400,972.7582,0.009504648,0.07903321,4213.7646,1092.7604,0.019822199,64.44154,343.95764,26.634363,3.2724435
Grid_Cell_18,2025,0.15445891,5521,915.3506,0.008735372,0.08568868,4111.2466,1149.6932,0.02477138,58.255085,356.77783,27.157404,3.153921
Grid_Cell_19,2000,0.159945,142,932.02405,0.00744864,0.21955076,4428.3677,912.5066,0.012351052,45.37642,330.43344,28.93664,2.6277888
Grid_Cell_19,2001,0.1598904,108,884.58276,0.010097095,0.20956431,3800.2292,1106.6005,0.02511605,51.630035,328.37973,27.277185,2.481328
Grid_Cell_19,2002,0.1598904,139,863.69635,0.009800889,0.24437468,3955.7908,906.3749,0.011802726,51.030334,323.7339,28.094934,2.4129605
Grid_Cell_19,2003,0.1598904,183,825.9679,0.010666886,0.22351041,3626.5662,897.7824,0.012929846,56.989132,333.19315,27.448114,2.292335
Grid_Cell_19,2004,0.15994535,202,892.6533,0.010373984,0.21403243,3752.045,986.1915,0.018220725,54.686836,330.55167,27.886438,2.3545513
Grid_Cell_19,2005,0.1598904,114,854.8356,0.010737181,0.23620169,3811.1614,1022.52783,0.02456951,57.044373,336.5704,27.2792,2.3752692
Grid_Cell_19,2006,0.1598904,108,987.7255,0.009539229,0.22593506,4211.941,1266.2687,0.035476193,50.577385,347.28677,27.359735,2.505973
Grid_Cell_19,2007,0.1598904,184,994.04663,0.009968496,0.20690857,4136.0386,1116.9521,0.023147086,51.73732,347.37262,26.923914,2.6047673
Grid_Cell_19,2008,0.15994535,177,828.6475,0.009927969,0.21209647,3938.3523,1084.26,0.02868361,60.190758,331.46964,26.377008,2.4722311
Grid_Cell_19,2009,0.1598904,163,883.4394,0.010528424,0.2618964,4071.3342,911.80725,0.013005867,57.650234,317.9099,27.500422,2.5297558
Grid_Cell_19,2010,0.1598904,329,914.32465,0.010116496,0.1554281,4195.067,1035.1099,0.03247367,56.926453,318.22955,27.427301,2.560585
Grid_Cell_19,2011,0.1598904,283,898.0566,0.009143453,0.2424604,4341.1123,932.7118,0.022017429,59.646755,307.60788,27.410822,2.6836042
Grid_Cell_19,2012,0.15994535,691,983.3006,0.009661008,0.24389479,4085.282,1278.059,0.05748319,50.4728,328.6189,27.628931,2.7082376
Grid_Cell_19,2013,0.1598904,739,986.7362,0.009115269,0.05962144,4173.4023,1036.1974,0.029552411,48.923832,329.1384,28.430262,2.5341313
Grid_Cell_19,2014,0.1598904,959,988.4183,0.009228746,0.062800094,4269.7007,1060.532,0.028189363,51.783295,308.14978,28.320704,2.6131053
Grid_Cell_19,2015,0.1598904,955,886.8098,0.008869509,0.0635444,4396.666,954.653,0.027081558,60.212017,295.39764,27.256708,2.6484237
Grid_Cell_19,2016,0.15994535,792,589.8615,0.009184639,0.08040807,4357.43,523.7895,0.01607748,72.63718,243.55276,27.786737,2.5590734
Grid_Cell_19,2017,0.1598904,952,351.817,0.008529348,0.06226289,4667.023,356.98105,0.007808675,88.82745,169.54298,28.154474,2.8122773
Grid_Cell_19,2018,0.1598904,1402,511.09634,0.008919089,0.07890413,4626.827,645.0678,0.03695844,84.59006,192.80222,29.080591,2.8831656
Grid_Cell_19,2019,0.1598904,1634,732.99664,0.009625889,0.063023455,4171.9595,1066.8262,0.057545442,69.54124,266.2572,27.914576,2.7321718
Grid_Cell_19,2020,0.15994534,2854,931.00854,0.009595983,0.06197944,4114.69,1113.9241,0.065242164,57.817154,345.52188,26.7893,2.8210044
Grid_Cell_19,2021,0.1598904,3528,844.64514,0.009104344,0.063877985,4122.6655,917.9654,0.036547687,59.793156,317.8782,27.236994,2.7491531
Grid_Cell_19,2022,0.1598904,3730,906.9328,0.009152938,0.064823195,3923.7175,1259.753,0.073094256,55.360874,326.09445,26.38769,2.7815373
Grid_Cell_19,2023,0.1598904,3549,951.26715,0.009094073,0.06305768,3985.096,1017.8644,0.037970614,50.43666,331.36624,27.72848,2.6285155
Grid_Cell_19,2024,0.15994567,4400,951.2821,0.009430465,0.06566647,4079.7524,1092.7876,0.042825934,62.837307,312.8065,27.171198,2.725721
Grid_Cell_19,2025,0.15989041,5521,908.958,0.008682231,0.062308244,3955.7979,1148.1398,0.0590218,56.000614,332.83618,27.651453,2.603441
Grid_Cell_2,2000,0.16286081,142,954.026,0.009222617,0.18215427,4195.7754,983.2175,0.00273905,43.560837,324.94736,29.17251,2.4422748
Grid_Cell_2,2001,0.16282438,108,906.23785,0.011343354,0.3102955,3640.4006,1195.3397,0.004595082,52.801453,338.97458,27.449366,2.2043417
Grid_Cell_2,2002,0.16282493,139,897.1332,0.011439899,0.25524524,3722.8403,1039.6263,0.00323676,49.6432,321.20438,28.406733,2.1931317
Grid_Cell_2,2003,0.16282444,183,837.91156,0.011742339,0.28973356,3538.4402,988.74866,0.002621123,55.05116,333.39175,28.209406,2.083568
Grid_Cell_2,2004,0.1628599,202,907.71045,0.011687793,0.23268607,3552.7463,1130.584,0.004983842,50.30321,337.01297,28.492914,2.13727
Grid_Cell_2,2005,0.1628241,114,845.29913,0.011951812,0.3171774,3586.7996,1117.8994,0.006474702,55.791702,337.14047,28.113123,1.8879746
Grid_Cell_2,2006,0.16282438,108,926.0014,0.010657469,0.25813106,3891.6487,1335.5333,0.007290493,50.526066,345.221,28.367212,2.0671034
Grid_Cell_2,2007,0.16282435,184,921.1142,0.011205266,0.3461858,3755.0847,1189.5865,0.004475921,51.385586,344.90546,27.71847,2.1666508
Grid_Cell_2,2008,0.16286038,177,820.2789,0.010820855,0.30263603,3654.3179,1110.9999,0.005505806,56.79191,335.2896,27.258081,2.100578
Grid_Cell_2,2009,0.16282493,163,894.0482,0.011636444,0.33857065,3678.506,978.0253,0.002874517,53.881794,323.8429,28.150873,2.076434
Grid_Cell_2,2010,0.16282438,329,917.2849,0.01129464,0.31459802,3804.5183,1094.8597,0.008104168,53.019955,337.15216,28.260859,2.1429482
Grid_Cell_2,2011,0.16282491,283,925.87195,0.010154306,0.28991035,4116.7017,982.39825,0.007700849,56.52253,318.4208,28.633173,2.2776453
Grid_Cell_2,2012,0.16286038,691,947.4952,0.010849932,0.32360658,3814.633,1349.7473,0.018313304,50.920376,345.19458,28.779627,2.2842963
Grid_Cell_2,2013,0.16282465,739,980.89996,0.010276451,0.06604114,3937.9807,1097.3945,0.011650685,48.768364,329.43185,29.56994,2.1326928
Grid_Cell_2,2014,0.16282451,959,989.16675,0.010478695,0.06475536,4034.2092,1106.8715,0.011346158,49.624107,325.93237,29.562586,2.2799547
Grid_Cell_2,2015,0.16282465,955,909.1032,0.00964727,0.067360856,4299.5527,951.6301,0.006088784,56.7447,313.26257,28.405878,2.3869169
Grid_Cell_2,2016,0.16286093,792,734.33264,0.010117775,0.07408829,4158.2324,638.5437,0.006390649,64.57132,269.2334,28.672907,2.2746813
Grid_Cell_2,2017,0.16282491,952,434.52988,0.009315897,0.0683185,4404.6274,373.19614,0.001379757,86.3459,159.57536,28.758783,2.4566607
Grid_Cell_2,2018,0.16282438,1402,420.55673,0.009648836,0.0692619,4342.1123,429.5808,0.002804555,94.229904,133.15303,28.9667,2.4886794
Grid_Cell_2,2019,0.16282491,1634,698.44525,0.010357588,0.06437196,3992.317,1024.7991,0.011192055,74.03699,231.20166,28.259638,2.489261
Grid_Cell_2,2020,0.16286093,2854,900.13385,0.010391397,0.06738739,4049.3467,1091.6648,0.01650309,61.506935,336.8816,27.444208,2.6963801
Grid_Cell_2,2021,0.16282491,3528,840.28625,0.010096142,0.06789395,4006.2341,943.7062,0.011967277,60.87032,320.61392,27.567438,2.6059341
Grid_Cell_2,2022,0.16282491,3730,890.1085,0.009787989,0.07215151,3907.6548,1240.9513,0.015993,56.936283,336.3275,26.77978,2.6908524
Grid_Cell_2,2023,0.16282491,3549,923.67426,0.009765686,0.07405343,3914.1865,1031.7164,0.009356034,52.661697,332.0866,27.974237,2.4990976
Grid_Cell_2,2024,0.1628584,4400,950.36847,0.010118475,0.07072761,4035.8677,1073.2706,0.012890174,62.989147,326.27588,27.499659,2.6155808
Grid_Cell_2,2025,0.16282192,5521,839.17993,0.009463493,0.07375288,3806.4023,1149.305,0.014311765,57.66546,336.90253,27.91656,2.50161
Grid_Cell_20,2000,0.16240431,142,902.62024,0.007401145,0.34986132,4307.724,912.1403,0.002536642,47.72354,242.18056,29.333704,2.6434705
Grid_Cell_20,2001,0.16234246,108,843.2738,0.010281704,0.3123594,3701.127,1103.9879,0.004540041,54.30471,249.62468,27.625818,2.4978006
Grid_Cell_20,2002,0.16234246,139,841.5769,0.009979765,0.32601357,3886.309,903.83575,0.002257226,52.973186,235.89513,28.358881,2.4131317
Grid_Cell_20,2003,0.16234246,183,795.68146,0.010778949,0.2552281,3580.5083,900.4154,0.002416264,58.04452,247.19774,27.673334,2.288979
Grid_Cell_20,2004,0.1624038,202,855.50806,0.010463541,0.3108567,3689.0583,982.9345,0.003720867,56.42933,246.68121,28.065943,2.3140118
Grid_Cell_20,2005,0.16234246,114,845.05835,0.010655435,0.33007383,3796.074,1013.728,0.004332223,58.288067,248.81906,27.526148,2.3948925
Grid_Cell_20,2006,0.16234246,108,978.2949,0.009364229,0.28530762,4285.562,1264.3517,0.005546774,52.58796,256.70013,27.484827,2.5339184
Grid_Cell_20,2007,0.16234246,184,963.5658,0.009800681,0.2727812,4158.4834,1100.2391,0.003790377,53.404232,255.39226,27.043268,2.5975413
Grid_Cell_20,2008,0.1624038,177,810.1804,0.009829981,0.21704206,3921.3992,1080.0768,0.004423019,61.511093,245.16833,26.51333,2.4680643
Grid_Cell_20,2009,0.16234246,163,879.29755,0.010386584,0.30311924,4066.5498,913.653,0.002961428,57.73702,235.94505,27.660212,2.538283
Grid_Cell_20,2010,0.16234246,329,911.08136,0.010046294,0.1544124,4171.4033,1022.9133,0.007828812,57.02212,241.77245,27.557947,2.5502083
Grid_Cell_20,2011,0.16234246,283,909.8491,0.009088977,0.3802967,4275.053,932.79816,0.005936099,58.917896,235.19528,27.69021,2.6048028
Grid_Cell_20,2012,0.1624038,691,970.0637,0.009608668,0.3137248,4028.7358,1278.1439,0.014260874,51.011078,256.63104,27.938654,2.6463866
Grid_Cell_20,2013,0.16234246,739,975.811,0.009057379,0.06827589,4168.83,1036.3108,0.007919746,49.79569,246.70952,28.61526,2.4860148
Grid_Cell_20,2014,0.16234246,959,1001.4376,0.009162075,0.07599208,4224.2246,1060.588,0.007003336,49.799572,242.07356,28.560114,2.5685506
Grid_Cell_20,2015,0.16234246,955,906.12994,0.008776276,0.07478702,4280.972,954.7783,0.007554832,56.77703,236.9273,27.527094,2.5568826
Grid_Cell_20,2016,0.1624038,792,549.6305,0.009100565,0.07611362,4272.4785,395.598,0.002991817,74.16901,169.23463,28.027796,2.474374
Grid_Cell_20,2017,0.16234246,952,407.86685,0.008550575,0.07561712,4567.914,416.41342,0.003180421,86.23745,103.57349,28.1076,2.887517
Grid_Cell_20,2018,0.16234246,1402,619.6925,0.008947086,0.07635477,4660.7734,754.00195,0.0124296,78.485344,149.20813,28.79458,3.2023437
Grid_Cell_20,2019,0.16234246,1634,774.62195,0.009581653,0.07335251,4334.39,1031.8762,0.015915148,66.66172,209.78671,27.989527,3.1779594
Grid_Cell_20,2020,0.1624038,2854,935.42664,0.009552093,0.07412251,4442.9824,1105.7644,0.014761772,56.44872,256.92725,27.055323,3.3974729
Grid_Cell_20,2021,0.16234246,3528,854.80145,0.009013406,0.07384442,4436.614,917.528,0.008756914,57.374264,240.99284,27.408075,3.3548038
Grid_Cell_20,2022,0.16234246,3730,922.67163,0.009055201,0.081121325,4310.2114,1261.7975,0.017102825,52.410713,253.86855,26.584925,3.4622564
Grid_Cell_20,2023,0.16234246,3549,953.0287,0.008989035,0.077680886,4361.3066,1017.1235,0.008534856,48.8292,250.28627,27.901056,3.2843716
Grid_Cell_20,2024,0.16240413,4400,974.512,0.009276357,0.0807824,4428.5786,1092.8031,0.011364342,59.252537,246.69548,27.38888,3.3776746
Grid_Cell_20,2025,0.16234247,5521,905.37177,0.008596985,0.07990707,4346.602,1147.3391,0.014405216,55.22566,253.95808,27.80285,3.2745712
Grid_Cell_21,2000,0.16659042,142,874.44366,0.007238299,0.29843006,4328.5527,902.3132,0.002271818,47.655155,227.49384,29.28094,2.610365
Grid_Cell_21,2001,0.1665411,108,797.84796,0.010187526,0.28936228,3755.2979,1092.9374,0.004170538,55.468582,227.32916,27.600885,2.4764993
Grid_Cell_21,2002,0.1665411,139,795.3345,0.00983131,0.2617321,3983.043,889.6165,0.002076356,54.790306,216.60124,28.295008,2.3794672
Grid_Cell_21,2003,0.1665411,183,769.0562,0.010601554,0.2880409,3712.6626,903.94916,0.002294483,57.870605,232.52959,27.541834,2.2846982
Grid_Cell_21,2004,0.16659097,202,814.2183,0.010267175,0.2895304,3766.9446,971.2075,0.003579768,56.191223,224.49362,27.903467,2.258889
Grid_Cell_21,2005,0.1665411,114,826.5007,0.010405575,0.3000229,3966.9358,997.09814,0.003812164,58.179684,228.07951,27.537104,2.3621185
Grid_Cell_21,2006,0.1665411,108,951.3263,0.009083421,0.25865024,4414.265,1228.8748,0.004743675,54.205975,235.54443,27.538141,2.4918294
Grid_Cell_21,2007,0.1665411,184,931.37964,0.009535893,0.19641837,4260.9575,1064.4999,0.003369997,53.777386,236.27364,26.98321,2.5359316
Grid_Cell_21,2008,0.16659097,177,770.23596,0.009616877,0.20159248,4009.3777,1044.5374,0.004396984,62.535786,219.06575,26.453028,2.4154687
Grid_Cell_21,2009,0.1665411,163,859.9537,0.010100403,0.30010432,4170.6333,901.2686,0.002468904,56.850258,213.76198,27.648493,2.5023584
Grid_Cell_21,2010,0.1665411,329,884.92816,0.009858007,0.13199377,4250.8096,1012.8175,0.007394212,56.55786,224.54573,27.6365,2.5024002
Grid_Cell_21,2011,0.1665411,283,890.2428,0.009059117,0.1795124,4274.0713,932.75494,0.005737082,57.504173,225.14822,27.763483,2.5063782
Grid_Cell_21,2012,0.16659097,691,931.38574,0.009560909,0.26231495,4032.7102,1278.1979,0.014525359,51.315113,241.98967,28.079432,2.540683
Grid_Cell_21,2013,0.1665411,739,954.4442,0.008986228,0.06948687,4184.846,1036.3453,0.008591343,49.7178,233.0144,28.753168,2.3948162
Grid_Cell_21,2014,0.1665411,959,978.78894,0.009117848,0.06881112,4203.232,1060.4617,0.007117075,48.943638,227.85345,28.827509,2.490845
Grid_Cell_21,2015,0.1665411,955,886.70184,0.008820421,0.07207703,4337.651,954.6401,0.007835387,56.023872,223.17351,27.617914,2.5835607
Grid_Cell_21,2016,0.16659097,792,619.59674,0.009154568,0.0706296,4282.501,511.87192,0.003021756,66.924225,174.30643,28.035822,2.5221198
Grid_Cell_21,2017,0.1665411,952,497.9583,0.008626229,0.071927056,4564.5,500.19766,0.002841887,77.83743,116.104,28.153498,2.8871746
Grid_Cell_21,2018,0.1665411,1402,684.1588,0.009041884,0.07265091,4626.749,870.6873,0.011990387,72.633385,157.98163,28.889307,3.1668642
Grid_Cell_21,2019,0.1665411,1634,744.0202,0.009607537,0.06920635,4399.619,948.3815,0.009769027,67.249756,193.22847,28.108484,3.2741923
Grid_Cell_21,2020,0.16659097,2854,909.921,0.009559788,0.07305669,4562.323,1114.0308,0.014233228,56.994,243.91089,27.142237,3.573839
Grid_Cell_21,2021,0.1665411,3528,824.5474,0.009042001,0.0725041,4514.76,916.5463,0.007897134,57.06261,225.46713,27.488214,3.4990163
Grid_Cell_21,2022,0.1665411,3730,884.22363,0.009074157,0.07279333,4425.7197,1265.8971,0.016079333,52.907005,238.42174,26.690424,3.6204414
Grid_Cell_21,2023,0.1665411,3549,932.3348,0.008992774,0.08041858,4461.6704,1019.83966,0.007734767,47.826744,235.18701,28.051508,3.4228306
Grid_Cell_21,2024,0.16659074,4400,944.2312,0.009280407,0.07507887,4510.858,1092.7954,0.010811713,59.184242,231.11942,27.489038,3.500108
Grid_Cell_21,2025,0.1665411,5521,871.46576,0.00862366,0.078982875,4463.5566,1147.9255,0.013464201,55.57637,236.59511,27.902643,3.4369347
Grid_Cell_22,2000,0.17447852,142,850.6079,0.007046836,0.34037367,4466.206,882.0706,0.001721104,52.244278,269.7726,29.116205,2.5923944
Grid_Cell_22,2001,0.17443834,108,762.9078,0.010033913,0.32309958,3815.5933,1071.2325,0.003275538,57.40261,273.83676,27.47494,2.462047
Grid_Cell_22,2002,0.17443834,139,757.1382,0.009617666,0.3388441,4151.282,863.94275,0.001772486,59.32143,258.59305,28.136957,2.3539195
Grid_Cell_22,2003,0.17443834,183,747.318,0.010362352,0.27686572,3911.302,907.4948,0.00193575,61.244698,278.85132,27.312098,2.302986
Grid_Cell_22,2004,0.17447977,202,786.83435,0.010010221,0.31398106,3939.8418,956.0018,0.002940768,58.998695,268.3306,27.6448,2.2192714
Grid_Cell_22,2005,0.17443834,114,800.423,0.010239746,0.29657578,4113.992,979.68317,0.003090257,60.48325,274.5222,27.488642,2.3027349
Grid_Cell_22,2006,0.17443834,108,925.58234,0.008914702,0.24172306,4471.918,1187.6825,0.003873199,56.99815,281.4041,27.724512,2.4187813
Grid_Cell_22,2007,0.17443834,184,885.5239,0.009378332,0.33739376,4268.609,1024.609,0.002771041,55.382935,280.06714,27.076075,2.4728153
Grid_Cell_22,2008,0.17447977,177,741.0382,0.009518988,0.18116558,4038.2493,1004.14264,0.003518241,65.14799,262.05954,26.47912,2.353242
Grid_Cell_22,2009,0.17443834,163,834.9279,0.009920633,0.33437568,4215.8965,885.9143,0.001862144,58.605553,256.29013,27.719416,2.4527695
Grid_Cell_22,2010,0.17443834,329,860.8722,0.009627688,0.17970456,4311.9116,983.0581,0.006496692,58.57249,269.36237,27.770838,2.443222
Grid_Cell_22,2011,0.17443834,283,893.3402,0.008846053,0.35292238,4308.791,925.6421,0.004042175,58.300095,273.29617,27.723871,2.4089124
Grid_Cell_22,2012,0.17447977,691,893.32495,0.009332681,0.29522026,4091.1365,1179.6521,0.011504737,54.884514,286.68143,28.07232,2.426646
Grid_Cell_22,2013,0.17443834,739,874.11383,0.008780797,0.0696452,4285.0884,952.13446,0.007063326,56.715267,272.70776,28.72793,2.2919052
Grid_Cell_22,2014,0.17443834,959,919.1168,0.008915143,0.071459725,4305.063,995.22,0.006039103,54.01811,262.59595,28.784876,2.385537
Grid_Cell_22,2015,0.17443834,955,871.5397,0.008712379,0.07075273,4396.732,979.11395,0.006663308,58.477085,272.8574,27.455713,2.488321
Grid_Cell_22,2016,0.17447977,792,595.7961,0.009036651,0.061877694,4359.8467,492.37842,0.00226903,70.055084,216.04991,27.814264,2.429292
Grid_Cell_22,2017,0.17443834,952,525.2531,0.008580814,0.05808885,4455.765,528.25824,0.001724483,77.62824,159.49483,27.98855,2.5409074
Grid_Cell_22,2018,0.17443834,1402,687.6991,0.008979363,0.05444051,4380.7065,845.8992,0.00855551,73.1528,205.12387,28.889917,2.5408368
Grid_Cell_22,2019,0.17443834,1634,702.78796,0.009621594,0.049276613,4189.1865,861.24817,0.005161486,71.385445,238.14622,28.169672,2.644706
Grid_Cell_22,2020,0.17447977,2854,848.5669,0.009586365,0.050769564,4291.94,1095.7177,0.012128699,63.07266,292.76196,27.267298,2.8596313
Grid_Cell_22,2021,0.17443834,3528,801.6644,0.009045813,0.061229497,4220.9824,939.28033,0.007168065,60.549892,271.47842,27.63125,2.795797
Grid_Cell_22,2022,0.17443834,3730,835.96924,0.009113136,0.057971016,4102.052,1238.7373,0.01232364,58.45454,287.04367,26.799128,2.8850646
Grid_Cell_22,2023,0.17443834,3549,886.7587,0.00899512,0.053343553,4189.4766,1038.501,0.007938226,52.277676,285.29303,28.245386,2.7526593
Grid_Cell_22,2024,0.17447971,4400,902.6389,0.009280763,0.06200998,4246.4756,1169.9849,0.012177224,64.2522,280.3734,27.604883,2.7943413
Grid_Cell_22,2025,0.17443836,5521,790.71704,0.008616367,0.05087703,4112.591,1008.5844,0.008244019,59.93167,280.54736,28.043756,2.7460892
Grid_Cell_23,2000,0.18323395,142,835.46594,0.006916836,0.31134987,4484.7925,854.5911,0.001620089,50.980232,242.77547,29.14718,2.598988
Grid_Cell_23,2001,0.18319178,108,761.4271,0.009962974,0.29701808,3846.829,1041.0822,0.003124387,56.6148,245.4599,27.568048,2.4632459
Grid_Cell_23,2002,0.18319178,139,736.6819,0.009493875,0.30969352,4158.681,834.1596,0.001752531,57.957264,231.99474,28.209803,2.3452551
Grid_Cell_23,2003,0.18319178,183,738.80646,0.010287411,0.3015817,3907.1902,906.9829,0.00202673,58.194244,255.91739,27.345758,2.297609
Grid_Cell_23,2004,0.18323661,202,772.32324,0.009946981,0.29034597,3920.311,937.9149,0.002926072,56.513664,243.56036,27.628595,2.2042782
Grid_Cell_23,2005,0.18319178,114,771.4175,0.010429503,0.27094582,4037.3682,958.1317,0.002974956,59.29228,252.04013,27.41717,2.2466047
Grid_Cell_23,2006,0.18319178,108,883.38135,0.009085373,0.28253418,4319.6323,1149.3975,0.004147007,54.927803,258.82504,27.72735,2.3285074
Grid_Cell_23,2007,0.18319178,184,851.4499,0.009604479,0.28402454,4171.4077,985.4277,0.002791329,55.220375,255.42126,27.133997,2.392096
Grid_Cell_23,2008,0.1832366,177,713.1039,0.009770449,0.20977929,3956.3218,963.0328,0.00341668,65.17852,236.55353,26.52279,2.2724018
Grid_Cell_23,2009,0.18319178,163,813.68005,0.010146201,0.29467463,4123.4126,869.171,0.001730041,57.64105,234.56342,27.724604,2.3574271
Grid_Cell_23,2010,0.18319178,329,848.50616,0.009802931,0.15634967,4239.9326,973.2171,0.005493404,56.726036,247.05809,28.003351,2.3543866
Grid_Cell_23,2011,0.18319178,283,889.63367,0.009005223,0.32780322,4282.829,925.6,0.003999137,57.020157,251.45515,28.15951,2.3123713
Grid_Cell_23,2012,0.18323661,691,898.903,0.009467312,0.30112764,4076.0732,1173.9298,0.009714273,53.71584,263.47867,28.483149,2.3132582
Grid_Cell_23,2013,0.18319178,739,869.5648,0.008938427,0.062494967,4251.821,946.796,0.006506161,55.514023,250.09636,29.12713,2.1865284
Grid_Cell_23,2014,0.18319178,959,915.8314,0.009070417,0.06496094,4283.213,991.3072,0.005762319,53.171024,239.95724,29.219507,2.270263
Grid_Cell_23,2015,0.18319178,955,881.3796,0.008441551,0.05659209,4370.131,983.2946,0.007009589,56.86073,248.74947,27.67367,2.2942114
Grid_Cell_23,2016,0.1832366,792,347.6558,0.008761237,0.05176105,4476.5776,225.10757,0.001151602,85.752556,162.06981,28.020044,2.2303166
Grid_Cell_23,2017,0.18319178,952,236.36499,0.00836001,0.07103064,4547.6543,233.06723,0.000649,96.19141,100.29825,28.15304,2.3365924
Grid_Cell_23,2018,0.18319178,1402,391.70343,0.008710668,0.055976678,4459.021,409.27896,0.002816973,90.97017,114.39384,28.986444,2.3205972
Grid_Cell_23,2019,0.18319178,1634,647.65607,0.009528965,0.053227466,4105.9814,852.3306,0.005092171,74.00691,184.02797,28.193506,2.3477197
Grid_Cell_23,2020,0.1832366,2854,832.8614,0.009504319,0.052067,4132.3066,1092.2097,0.013917237,62.937874,270.51245,27.30398,2.5301914
Grid_Cell_23,2021,0.18319178,3528,802.9107,0.008925872,0.057118006,4129.419,943.36273,0.008176737,59.557537,247.39941,27.698694,2.5294273
Grid_Cell_23,2022,0.18319178,3730,837.2134,0.0089984,0.0585532,3997.9368,1240.6694,0.014312764,57.80398,264.8252,26.792566,2.5864346
Grid_Cell_23,2023,0.18319178,3549,878.325,0.008908436,0.06487416,4080.452,1043.4355,0.00982511,51.48711,261.7867,28.214533,2.4828305
Grid_Cell_23,2024,0.18323693,4400,905.977,0.009111757,0.06174422,4196.666,1183.036,0.012267365,63.224705,255.71349,27.602442,2.5610282
Grid_Cell_23,2025,0.18319178,5521,762.4299,0.008554794,0.059271913,3997.8171,986.2251,0.008574416,59.772087,256.5959,27.953638,2.4774663
Grid_Cell_24,2000,0.18550617,142,704.6061,0.007410389,0.3277877,4534.5137,832.5364,0.000485,56.953136,216.54144,28.762781,2.5141914
Grid_Cell_24,2001,0.18543863,108,664.1224,0.009892632,0.36068127,3947.5117,1025.6199,0.000794,62.846577,224.22964,27.324396,2.371739
Grid_Cell_24,2002,0.18543863,139,656.85364,0.009399571,0.35545734,4247.029,802.2953,0.000415,64.77777,208.82857,28.424402,2.3764536
Grid_Cell_24,2003,0.18543863,183,610.2908,0.010181356,0.09913574,3926.5168,844.44763,0.000511,65.14474,221.92886,27.822931,2.3449378
Grid_Cell_24,2004,0.18550874,202,664.08734,0.009799217,0.32833803,4122.5874,876.3432,0.00058,63.361435,216.32063,28.463129,2.4139094
Grid_Cell_24,2005,0.18543863,114,632.85126,0.010355976,0.3175572,3983.3535,965.70465,0.000814,70.0637,220.32927,28.193628,2.3175294
Grid_Cell_24,2006,0.18543863,108,692.09064,0.00941588,0.117979415,4097.188,1082.2755,0.000912,64.7857,225.01991,29.069574,2.3730965
Grid_Cell_24,2007,0.18543863,184,688.8451,0.009823229,0.37640753,4092.3618,1042.4764,0.000867,65.64536,228.03621,28.512598,2.503192
Grid_Cell_24,2008,0.18550874,177,576.6309,0.00957743,0.33187562,3990.8015,952.0285,0.000775,73.813644,210.58316,27.892908,2.4281394
Grid_Cell_24,2009,0.18543863,163,669.83264,0.010042605,0.34133565,4153.116,806.4943,0.000486,66.87599,207.0063,29.169458,2.4746873
Grid_Cell_24,2010,0.18543863,329,698.56226,0.009614061,0.22849573,4280.893,951.777,0.002097801,66.919655,222.48438,29.358637,2.495996
Grid_Cell_24,2011,0.18543863,283,654.04895,0.00869118,0.1861046,4560.0464,685.79785,0.000906,73.21114,202.57394,29.318506,2.845522
Grid_Cell_24,2012,0.18550874,691,661.1692,0.009198996,0.3724488,4417.254,920.96967,0.002571551,70.41027,211.77464,29.46435,2.8977869
Grid_Cell_24,2013,0.18543863,739,609.94904,0.008590304,0.071500726,4581.778,677.40515,0.001375404,71.099014,195.7906,30.4649,2.712556
Grid_Cell_24,2014,0.18543863,959,627.1075,0.008723403,0.07690699,4585.877,637.7195,0.00155175,71.642204,187.0606,30.261225,2.8306396
Grid_Cell_24,2015,0.18543863,955,598.2187,0.008658075,0.077179305,4672.2905,680.06085,0.001220349,76.85739,191.04465,29.099695,3.0330129
Grid_Cell_24,2016,0.18550874,792,410.60284,0.009021057,0.07316213,4611.8,307.17874,0.000452,86.24866,144.35306,29.503107,2.8957195
Grid_Cell_24,2017,0.18543863,952,279.74966,0.008498523,0.0780137,5015.802,265.15298,0.000954,96.66086,82.22714,29.447351,3.475565
Grid_Cell_24,2018,0.18543863,1402,369.15414,0.008995672,0.08546129,5213.778,386.34192,0.001229216,95.58093,89.03949,29.19967,3.840871
Grid_Cell_24,2019,0.18543863,1634,457.0037,0.009468954,0.0731449,5060.9873,529.86743,0.000903,88.19401,115.319756,29.015894,3.807343
Grid_Cell_24,2020,0.18550873,2854,672.7612,0.009516072,0.087601125,5030.501,833.1826,0.002349283,74.8027,205.30699,28.418604,3.8849387
Grid_Cell_24,2021,0.18543863,3528,626.0769,0.009083108,0.0839531,4845.5693,732.46356,0.002008411,74.14327,192.07011,28.588037,3.7001805
Grid_Cell_24,2022,0.18543863,3730,595.50183,0.009191602,0.08062717,4743.9644,848.2806,0.002090216,74.2515,190.8009,27.732508,3.7936606
Grid_Cell_24,2023,0.18543863,3549,728.8973,0.008864178,0.09941841,4870.4336,875.45557,0.002328521,63.3721,201.89993,29.166498,3.6106389
Grid_Cell_24,2024,0.18550846,4400,692.3588,0.009420928,0.08750399,4823.235,919.75684,0.003232001,79.027565,199.36067,28.526361,3.6555843
Grid_Cell_24,2025,0.18543835,5521,617.0808,0.008591675,0.08589036,4670.595,816.1909,0.001842301,69.35616,194.61559,29.064447,3.601945
Grid_Cell_25,2000,0.16970082,142,742.4525,0.00718383,0.24747434,4552.4175,838.31134,0.00046,58.252514,218.76971,28.190058,2.5869963
Grid_Cell_25,2001,0.16964492,108,696.8226,0.009576252,0.3642292,3984.9353,1027.0487,0.000751,63.704384,225.1743,26.780115,2.4409854
Grid_Cell_25,2002,0.16964519,139,686.44995,0.009148865,0.1937284,4248.4907,807.6359,0.000402,66.37869,208.46622,27.826288,2.4172413
Grid_Cell_25,2003,0.16964492,183,634.36725,0.010000373,0.24961415,3872.7146,836.98706,0.000469,66.99122,223.34464,27.216639,2.3630886
Grid_Cell_25,2004,0.16970327,202,694.0217,0.009644819,0.36435515,4055.2427,884.0786,0.000537,65.748634,217.00818,27.82104,2.4408903
Grid_Cell_25,2005,0.16964492,114,659.9755,0.010211681,0.35402322,3945.652,959.701,0.000748,72.33571,221.9096,27.513605,2.370543
Grid_Cell_25,2006,0.16964492,108,725.3892,0.009234763,0.27805933,4108.4097,1107.271,0.000868,65.736534,229.24234,28.300104,2.4422402
Grid_Cell_25,2007,0.16964516,184,723.70966,0.0096089,0.32202345,4103.6167,1038.9751,0.000783,66.955475,231.38295,27.74618,2.5827808
Grid_Cell_25,2008,0.16970327,177,599.91895,0.009464701,0.2775673,3981.1404,969.3733,0.000741,76.18277,211.21129,27.099237,2.486063
Grid_Cell_25,2009,0.16964519,163,697.67615,0.00994779,0.29140365,4135.2524,816.4001,0.000477,69.12169,207.09566,28.352869,2.5383518
Grid_Cell_25,2010,0.16964519,329,717.9245,0.009597458,0.3401474,4264.0596,945.5562,0.001979342,70.0779,223.7493,28.517847,2.556407
Grid_Cell_25,2011,0.16964519,283,666.335,0.00874372,0.22304906,4502.3555,685.73303,0.000817,76.101616,201.47992,28.407831,2.854974
Grid_Cell_25,2012,0.16970327,691,671.58966,0.009262466,0.31912217,4320.487,920.95886,0.001971878,73.20035,212.78822,28.506037,2.8731966
Grid_Cell_25,2013,0.16964492,739,624.6144,0.008652697,0.07228095,4509.8887,677.6201,0.00150636,73.913956,195.18182,29.527155,2.6944737
Grid_Cell_25,2014,0.16964492,959,638.2909,0.008775459,0.07476772,4527.391,638.01105,0.001406675,75.80797,182.24838,29.336298,2.8052287
Grid_Cell_25,2015,0.16964519,955,617.99457,0.008750089,0.07471063,4683.6104,681.60956,0.001043185,80.98555,185.28247,28.081232,3.1658552
Grid_Cell_25,2016,0.16970354,792,499.79114,0.009070671,0.075520046,4588.902,420.77512,0.000937,84.172745,156.99422,28.522943,3.051355
Grid_Cell_25,2017,0.16964519,952,348.1126,0.008583825,0.07736084,4942.275,323.95355,0.000671,96.34929,94.21934,28.437952,3.6211815
Grid_Cell_25,2018,0.16964492,1402,459.8331,0.009073435,0.08153002,5090.5156,500.77548,0.00110799,94.30633,111.40734,28.22915,3.9520698
Grid_Cell_25,2019,0.16964519,1634,544.8498,0.009472968,0.07827588,4973.0938,631.54944,0.000903,86.75868,144.59895,28.072016,4.023199
Grid_Cell_25,2020,0.16970354,2854,695.2231,0.009518552,0.07455334,5231.5034,833.14386,0.002347691,77.55305,206.30646,27.585077,4.396653
Grid_Cell_25,2021,0.16964519,3528,647.2114,0.009021413,0.075347126,5027.7905,730.93536,0.002094257,76.88112,190.22887,27.757685,4.093571
Grid_Cell_25,2022,0.16964519,3730,624.76984,0.009107057,0.0794344,4890.4365,853.40955,0.001898223,76.706924,189.6038,26.790888,4.1208525
Grid_Cell_25,2023,0.16964519,3549,753.09796,0.008827079,0.082591444,4983.8057,869.0361,0.002100438,66.33704,201.39323,28.16714,3.91081
Grid_Cell_25,2024,0.16970377,4400,719.9526,0.009311922,0.080628976,4928.2573,921.7576,0.002972954,82.25041,198.4991,27.590815,3.9697394
Grid_Cell_25,2025,0.16964383,5521,646.78503,0.008484228,0.08191003,4869.8994,817.0854,0.001796068,72.49729,193.44478,28.11114,3.9549358
Grid_Cell_26,2000,0.16949989,142,887.57306,0.007044042,0.14001535,4345.6187,846.1722,0.010012368,41.582382,361.77277,28.278162,2.6009696
Grid_Cell_26,2001,0.16944273,108,872.43604,0.009536406,0.23674324,3807.3933,1029.8469,0.018566787,48.505413,354.83124,26.793512,2.4567046
Grid_Cell_26,2002,0.16944273,139,819.40985,0.009158806,0.22418313,4012.6814,816.66144,0.008332339,52.043884,348.39328,27.765162,2.4125154
Grid_Cell_26,2003,0.16944273,183,778.76324,0.010109329,0.16723137,3637.0293,829.6149,0.009647175,55.486755,351.2456,27.125818,2.3615131
Grid_Cell_26,2004,0.16950163,202,833.4447,0.009772742,0.25977057,3737.2412,891.05896,0.012540782,51.181763,353.3326,27.66778,2.4487112
Grid_Cell_26,2005,0.16944273,114,837.29205,0.010344575,0.26890492,3810.3472,953.0017,0.018087575,57.82065,364.69824,27.134546,2.4171183
Grid_Cell_26,2006,0.16944273,108,941.7251,0.009294321,0.22544141,4046.6248,1138.456,0.026032213,48.616695,382.12674,27.451593,2.4799457
Grid_Cell_26,2007,0.16944273,184,930.6679,0.009689068,0.25422207,3982.6401,1035.2372,0.02117367,50.66714,385.26425,26.931849,2.6066508
Grid_Cell_26,2008,0.16950163,177,772.23706,0.009627888,0.2237979,3864.3867,990.17334,0.024306674,60.226357,359.37177,26.373835,2.4910493
Grid_Cell_26,2009,0.16944273,163,830.93195,0.010140512,0.29083613,3992.057,830.90125,0.009722037,56.355995,339.9402,27.598963,2.5576668
Grid_Cell_26,2010,0.16944273,329,846.1248,0.009834315,0.25534672,4121.4453,957.62305,0.03012801,57.138756,337.7498,27.551355,2.5610304
Grid_Cell_26,2011,0.16944273,283,678.71075,0.008986881,0.20570873,4389.8394,636.9819,0.012317414,69.69355,296.09348,27.467035,2.7987754
Grid_Cell_26,2012,0.16950163,691,749.6337,0.009479376,0.2527745,4154.0483,932.9733,0.036663637,62.168655,305.6156,27.618433,2.8033197
Grid_Cell_26,2013,0.16944273,739,702.2534,0.008910955,0.08218766,4288.3164,721.23157,0.023713404,64.40038,305.5393,28.543177,2.623926
Grid_Cell_26,2014,0.16944273,959,690.68494,0.009027363,0.07868547,4386.2676,724.96075,0.020569013,67.146065,266.80408,28.414392,2.7234821
Grid_Cell_26,2015,0.16944273,955,668.6455,0.00870715,0.084341146,4597.651,710.77826,0.015738685,72.001,258.83282,27.363,3.0000334
Grid_Cell_26,2016,0.16950163,792,351.09048,0.008983064,0.08192121,4562.979,305.84427,0.008878706,86.74765,213.12985,27.874567,2.899169
Grid_Cell_26,2017,0.16944273,952,221.04735,0.008398832,0.0710446,4933.0117,227.3724,0.004047377,96.151886,172.27324,28.064661,3.3767292
Grid_Cell_26,2018,0.16944273,1402,391.64514,0.008829093,0.080702834,5001.468,431.69327,0.009488965,91.20224,187.25528,28.658136,3.6503232
Grid_Cell_26,2019,0.16944273,1634,606.72516,0.009452355,0.077090986,4619.0605,780.01056,0.025146695,76.99392,241.25575,27.835993,3.6736445
Grid_Cell_26,2020,0.16950163,2854,767.4996,0.009505368,0.072318465,4716.3325,869.98645,0.038136505,68.84851,331.53308,26.846186,3.963115
Grid_Cell_26,2021,0.16944273,3528,667.5424,0.008975225,0.073829904,4660.16,682.9175,0.023477614,70.10029,301.95474,27.264215,3.7826464
Grid_Cell_26,2022,0.16944273,3730,711.38367,0.009087698,0.0741901,4497.157,885.3084,0.03280194,66.09739,306.89136,26.371119,3.820544
Grid_Cell_26,2023,0.16944273,3549,761.1461,0.008863648,0.075375006,4598.917,729.28723,0.017562559,59.99785,302.97284,27.837671,3.6398854
Grid_Cell_26,2024,0.16950108,4400,815.2891,0.009291577,0.071021095,4602.2324,959.9378,0.038803335,69.92202,296.47064,27.226648,3.7543797
Grid_Cell_26,2025,0.16944177,5521,743.9938,0.008482698,0.07368258,4546.507,857.81213,0.03409246,63.608234,312.54056,27.767511,3.6628165
Grid_Cell_27,2000,0.17323622,142,884.566,0.006958979,0.3241947,4315.993,852.1497,0.011167369,41.433296,430.3986,28.691858,2.5962892
Grid_Cell_27,2001,0.17317808,108,869.78784,0.009640831,0.31362227,3786.3833,1031.2131,0.01949564,48.027317,425.5162,27.11236,2.4559171
Grid_Cell_27,2002,0.17317808,139,822.1055,0.009272016,0.27681932,4009.5967,824.46875,0.008547692,52.2836,417.7,27.989038,2.3912823
Grid_Cell_27,2003,0.17317808,183,782.48816,0.010175589,0.20133924,3627.0303,824.71173,0.009685339,55.15519,420.02234,27.31402,2.3278146
Grid_Cell_27,2004,0.17323714,202,833.3995,0.009832387,0.2831563,3716.9998,896.2105,0.013411629,51.401096,420.4712,27.808191,2.3960133
Grid_Cell_27,2005,0.17317808,114,841.5829,0.010353435,0.28007665,3828.9675,945.61774,0.01740185,57.95019,432.393,27.187525,2.431776
Grid_Cell_27,2006,0.17317808,108,963.8705,0.00923403,0.23336925,4167.154,1163.2906,0.026679117,48.452965,451.29147,27.270288,2.5147061
Grid_Cell_27,2007,0.17317808,184,935.4577,0.009641836,0.15004298,4060.325,1028.0175,0.020725982,50.425117,452.63556,26.813623,2.6115139
Grid_Cell_27,2008,0.17323714,177,778.82324,0.009656784,0.18574965,3919.4958,1005.2865,0.02424023,59.87193,428.2039,26.29577,2.4855165
Grid_Cell_27,2009,0.17317808,163,842.9405,0.010169513,0.31615815,4070.4226,842.26935,0.010676997,56.029987,406.99384,27.514673,2.569242
Grid_Cell_27,2010,0.17317808,329,841.7529,0.009828948,0.11604162,4199.4272,953.49854,0.031048164,57.44124,399.57928,27.430384,2.5613043
Grid_Cell_27,2011,0.17317808,283,678.3338,0.008969128,0.18284392,4426.0566,626.9573,0.011004226,69.97891,356.30643,27.441278,2.7176795
Grid_Cell_27,2012,0.17323714,691,757.52527,0.009445537,0.260956,4177.0396,935.5712,0.0315852,61.30917,364.81375,27.628046,2.752329
Grid_Cell_27,2013,0.17317808,739,711.75635,0.008889643,0.07182397,4319.939,729.904,0.02155661,63.546127,373.51404,28.472162,2.5715628
Grid_Cell_27,2014,0.17317808,959,717.8664,0.008991397,0.072608724,4401.359,742.6653,0.019630821,64.9362,334.1916,28.399866,2.675434
Grid_Cell_27,2015,0.17317808,955,675.7357,0.008670818,0.07220037,4530.084,710.6691,0.015074939,70.17655,320.2736,27.364985,2.7932525
Grid_Cell_27,2016,0.17323714,792,497.30423,0.008971549,0.07795232,4412.044,452.26694,0.010707224,75.01917,283.2708,27.889887,2.6812387
Grid_Cell_27,2017,0.17317808,952,363.4432,0.008390571,0.06175258,4735.0967,369.40643,0.007330805,84.828224,229.53467,28.12591,3.0527909
Grid_Cell_27,2018,0.17317808,1402,472.22504,0.008776863,0.05680295,4759.622,537.5182,0.013138911,83.54515,245.36241,28.969873,3.2238848
Grid_Cell_27,2019,0.17317808,1634,668.3532,0.009469872,0.069272034,4378.803,906.1492,0.0411757,71.15041,314.15244,28.0245,3.167754
Grid_Cell_27,2020,0.17323714,2854,752.9411,0.009493155,0.06487108,4473.9297,871.01935,0.04045525,68.14348,398.8067,27.02691,3.3515713
Grid_Cell_27,2021,0.17317808,3528,667.4992,0.008934053,0.06929763,4459.8237,678.0477,0.023324613,69.15147,372.3783,27.447351,3.2626805
Grid_Cell_27,2022,0.17317808,3730,700.66034,0.009038349,0.07071437,4307.5303,881.0283,0.034119334,65.88394,373.27106,26.590143,3.311914
Grid_Cell_27,2023,0.17317808,3549,764.384,0.008887586,0.07371037,4358.8765,729.8381,0.017687688,58.653545,376.65964,28.003046,3.1614606
Grid_Cell_27,2024,0.17323746,4400,814.3617,0.009249964,0.06921261,4418.4297,959.92163,0.037423227,68.80266,364.7319,27.432734,3.2751467
Grid_Cell_27,2025,0.17317808,5521,738.5495,0.008483805,0.07167577,4322.061,857.01306,0.034223296,63.769905,385.27017,27.922907,3.1377559
Grid_Cell_28,2000,0.17345005,142,849.7137,0.006872843,0.3290187,4280.676,850.78894,0.002237144,43.443237,215.59343,29.098475,2.6121414
Grid_Cell_28,2001,0.17338903,108,799.19904,0.009746951,0.3383444,3756.9783,1026.5563,0.003513106,52.116776,212.20393,27.432917,2.46715
Grid_Cell_28,2002,0.17338903,139,782.8983,0.009377635,0.2927277,4008.695,824.8014,0.001622524,55.501225,202.26735,28.210901,2.38207
Grid_Cell_28,2003,0.17338903,183,750.6627,0.010188051,0.11368193,3655.2317,826.39764,0.001840041,56.969738,214.49506,27.501764,2.3088078
Grid_Cell_28,2004,0.17345081,202,787.3384,0.00983115,0.30552316,3715.0134,896.8352,0.002725622,53.527016,207.55948,27.953302,2.3375092
Grid_Cell_28,2005,0.17338903,114,797.5167,0.010236301,0.32449597,3879.1934,935.38586,0.00306664,60.995564,213.95518,27.374231,2.4140704
Grid_Cell_28,2006,0.17338903,108,909.1868,0.009049174,0.23899576,4276.811,1160.1166,0.004084,53.35022,224.1054,27.36123,2.5100827
Grid_Cell_28,2007,0.17338903,184,877.3008,0.009474828,0.3161445,4137.4463,1006.7231,0.003201449,53.78,226.55618,26.893427,2.5724041
Grid_Cell_28,2008,0.17345081,177,718.0766,0.00956104,0.3125221,3955.6965,999.62115,0.003742176,63.80304,200.41483,26.392664,2.4481533
Grid_Cell_28,2009,0.17338903,163,812.5223,0.010027653,0.28022292,4122.937,840.5079,0.002172682,57.85111,195.01207,27.634638,2.546194
Grid_Cell_28,2010,0.17338903,329,813.0282,0.009803554,0.19874762,4194.235,941.48676,0.008496544,59.081623,204.5412,27.505304,2.5274003
Grid_Cell_28,2011,0.17338903,283,679.686,0.009019494,0.18198115,4362.595,626.8601,0.003472647,69.41422,174.5284,27.644953,2.6228507
Grid_Cell_28,2012,0.17345081,691,745.3212,0.009465581,0.3098463,4138.0513,935.54645,0.010443009,61.73889,187.41676,27.889948,2.6802664
Grid_Cell_28,2013,0.17338903,739,705.3768,0.008896664,0.07791736,4294.5234,729.9526,0.005888791,63.75541,184.16106,28.652063,2.5088573
Grid_Cell_28,2014,0.17338903,959,739.32166,0.009004369,0.07948486,4359.7983,742.60913,0.005226089,62.479477,169.34793,28.606867,2.616256
Grid_Cell_28,2015,0.17338903,955,700.84784,0.008634424,0.077562526,4440.188,710.76526,0.004454223,67.28884,164.61346,27.565638,2.7045538
Grid_Cell_28,2016,0.17345081,792,457.224,0.008929516,0.081631176,4360.671,398.6396,0.001908187,76.30421,120.39802,28.080683,2.5939777
Grid_Cell_28,2017,0.17338903,952,444.04684,0.008439695,0.073668584,4655.2056,455.32043,0.002566493,79.603745,98.72755,28.178614,3.0669692
Grid_Cell_28,2018,0.17338903,1402,581.2964,0.008815083,0.061319,4766.993,656.1367,0.005433069,76.40425,130.24615,28.971857,3.3905628
Grid_Cell_28,2019,0.17338903,1634,718.6758,0.009443126,0.053773586,4443.4546,881.3243,0.011824254,66.75611,176.50688,28.191431,3.3273773
Grid_Cell_28,2020,0.17345081,2854,767.59546,0.009435945,0.05484699,4517.871,869.20135,0.014303966,66.08476,217.00168,27.283564,3.4049182
Grid_Cell_28,2021,0.17338903,3528,673.1217,0.008866929,0.05988305,4488.4497,676.1697,0.005155192,67.930016,186.38129,27.682459,3.3087764
Grid_Cell_28,2022,0.17338903,3730,686.5221,0.008962229,0.068766445,4400.581,879.10596,0.008598346,65.858185,186.68176,26.880915,3.4293113
Grid_Cell_28,2023,0.17338903,3549,763.44867,0.008828114,0.07012314,4452.213,729.62854,0.003770853,57.74001,184.21332,28.288507,3.2791662
Grid_Cell_28,2024,0.17344898,4400,810.70465,0.00917352,0.064704955,4466.013,959.94037,0.010744095,67.786835,187.35675,27.689234,3.312579
Grid_Cell_28,2025,0.17338699,5521,725.44696,0.008454569,0.054215007,4406.3984,855.13556,0.009620674,63.988483,195.73746,28.134058,3.2197394
Grid_Cell_29,2000,0.16345626,142,851.291,0.006861907,0.36556733,4350.2783,840.1214,0.002032491,45.555622,278.0465,29.319025,2.56701
Grid_Cell_29,2001,0.16340083,108,809.9472,0.009810879,0.25442317,3833.931,1014.61786,0.003299884,53.494896,277.1016,27.739405,2.4311566
Grid_Cell_29,2002,0.16340083,139,786.5574,0.009352169,0.3797355,4129.393,815.2898,0.001545298,57.57029,264.87442,28.532099,2.341659
Grid_Cell_29,2003,0.16340083,183,768.419,0.010115537,0.20802607,3847.5876,832.9651,0.001743798,58.46942,277.62732,27.791376,2.2856913
Grid_Cell_29,2004,0.16345574,202,800.37286,0.009737182,0.28783503,3825.0735,894.205,0.002779758,53.550457,271.48438,28.199823,2.2523656
Grid_Cell_29,2005,0.16340083,114,822.6656,0.010114897,0.29895785,4055.6074,919.1189,0.002758281,60.998276,278.363,27.800684,2.3508513
Grid_Cell_29,2006,0.16340083,108,930.37213,0.008897561,0.13682398,4394.58,1127.8602,0.003717613,54.92432,288.80063,27.931604,2.4487472
Grid_Cell_29,2007,0.16340083,184,882.31525,0.009343009,0.23202553,4216.5264,966.1096,0.002940288,54.782394,289.82132,27.39129,2.4888768
Grid_Cell_29,2008,0.16345574,177,736.5954,0.009500357,0.18262215,4019.9983,971.5964,0.003649338,64.352165,265.23547,26.859858,2.375783
Grid_Cell_29,2009,0.16340083,163,822.9767,0.00989005,0.3807686,4208.9634,825.0206,0.001933223,58.36816,253.23885,28.146357,2.4848928
Grid_Cell_29,2010,0.16340083,329,818.034,0.00977801,0.16991644,4262.2656,922.3406,0.007278962,60.40012,261.1776,27.994379,2.4724686
Grid_Cell_29,2011,0.16340083,283,683.5243,0.009128296,0.37351608,4389.1577,626.91406,0.003685062,70.566345,232.79462,28.04339,2.5491862
Grid_Cell_29,2012,0.16345574,691,756.2651,0.009557425,0.3037272,4155.7705,935.4484,0.010123501,63.018055,248.20021,28.36416,2.6029098
Grid_Cell_29,2013,0.16340083,739,714.8041,0.008967328,0.06999864,4327.954,729.82404,0.007352137,65.42257,246.54219,29.168024,2.443378
Grid_Cell_29,2014,0.16340083,959,743.6211,0.009114571,0.07748411,4371.2793,742.6188,0.004992007,63.765842,226.42487,29.092524,2.5515642
Grid_Cell_29,2015,0.16340083,955,708.342,0.00858912,0.07131996,4531.542,710.7178,0.004381151,68.64966,217.32225,27.92077,2.6918483
Grid_Cell_29,2016,0.16345574,792,370.25656,0.008868448,0.07849509,4506.589,285.1574,0.00157903,83.794426,156.34552,28.380518,2.6007743
Grid_Cell_29,2017,0.16340083,952,314.21356,0.008420041,0.07223873,4736.981,314.0197,0.001100709,91.16665,111.545235,28.48327,2.944469
Grid_Cell_29,2018,0.16340083,1402,525.6915,0.008852819,0.06652271,4728.7314,576.7319,0.00436523,82.98548,146.4246,29.20321,3.1270697
Grid_Cell_29,2019,0.16340083,1634,659.66785,0.009455978,0.05445038,4439.669,786.01105,0.005876099,72.60981,199.15121,28.437098,3.1990898
Grid_Cell_29,2020,0.16345574,2854,787.104,0.009437943,0.06400091,4573.7563,869.1421,0.008704645,67.0233,283.20413,27.52685,3.3731902
Grid_Cell_29,2021,0.16340083,3528,684.6442,0.008860584,0.057177164,4543.627,674.5399,0.005237774,68.4621,250.9233,27.883509,3.3142903
Grid_Cell_29,2022,0.16340083,3730,707.7559,0.008934286,0.06795491,4492.372,885.1917,0.008320185,65.912254,252.18933,27.119349,3.4579756
Grid_Cell_29,2023,0.16340083,3549,772.73456,0.008818199,0.058297448,4558.429,730.4126,0.003520942,58.6578,245.4783,28.51275,3.3391662
Grid_Cell_29,2024,0.16345666,4400,820.54486,0.009147107,0.059761267,4534.495,959.9214,0.010853321,68.58904,250.36537,27.884546,3.3245478
Grid_Cell_29,2025,0.1634007,5521,740.60016,0.008451263,0.057305038,4489.948,855.39795,0.009054234,64.637,263.01764,28.309961,3.2727702
Grid_Cell_3,2000,0.18236344,142,903.6923,0.008927724,0.22139467,4058.2317,954.68317,0.002721435,36.068798,248.23058,29.40365,2.470119
Grid_Cell_3,2001,0.18229178,108,865.83606,0.010996639,0.28134295,3477.5637,1167.1959,0.004969065,42.760574,257.66684,27.586664,2.2259855
Grid_Cell_3,2002,0.18229178,139,853.8738,0.010880142,0.2953797,3739.7737,996.3713,0.003186545,46.41408,244.69603,28.586603,2.244262
Grid_Cell_3,2003,0.18229178,183,804.2631,0.011199393,0.2987971,3585.5154,958.79486,0.00292563,48.528248,253.71692,28.184015,2.2483969
Grid_Cell_3,2004,0.18236639,202,870.1322,0.011147223,0.19166398,3622.7168,1071.7587,0.005452384,43.20742,253.82109,28.59353,2.2543123
Grid_Cell_3,2005,0.18229178,114,835.7498,0.011200664,0.30052808,3565.3303,1133.3628,0.006621407,48.713078,257.16806,28.378809,2.0325294
Grid_Cell_3,2006,0.18229178,108,906.04834,0.010062403,0.13515468,3697.352,1271.6406,0.007524411,43.583237,259.03625,29.175257,2.1493294
Grid_Cell_3,2007,0.18229178,184,904.5891,0.010615869,0.29753187,3586.4304,1204.3641,0.005606164,43.973385,261.14285,28.557703,2.2309659
Grid_Cell_3,2008,0.18236639,177,806.5109,0.010209992,0.22178851,3542.2703,1060.5984,0.005896687,51.597706,251.49554,28.058466,2.1320329
Grid_Cell_3,2009,0.18229178,163,862.34485,0.010854523,0.25843826,3642.59,937.1128,0.002899332,48.509922,242.5001,29.082788,2.158386
Grid_Cell_3,2010,0.18229178,329,929.6175,0.010506273,0.1999237,3720.7874,1108.2183,0.009287561,45.3523,257.58417,29.236689,2.1990097
Grid_Cell_3,2011,0.18229178,283,882.4236,0.009403857,0.1823621,4066.0598,867.6633,0.005978712,51.049095,234.47472,29.645227,2.470693
Grid_Cell_3,2012,0.18236639,691,921.3412,0.010079953,0.283279,3806.479,1299.8638,0.023533128,46.239635,247.97723,29.678919,2.520157
Grid_Cell_3,2013,0.18229178,739,928.6636,0.009505369,0.08619477,3950.1147,1036.5764,0.012593932,44.69514,245.66522,30.598658,2.3781724
Grid_Cell_3,2014,0.18229178,959,902.5464,0.009627246,0.08526629,4058.6877,961.61255,0.01035612,47.532925,235.09142,30.514978,2.5171123
Grid_Cell_3,2015,0.18229178,955,832.84656,0.009330927,0.08067542,3966.1248,885.3181,0.00684561,54.013866,230.32622,29.501001,2.2313004
Grid_Cell_3,2016,0.18236639,792,497.1879,0.009748993,0.08333906,4038.7324,351.14606,0.003495721,73.10644,163.75023,29.844995,2.1123862
Grid_Cell_3,2017,0.18229178,952,277.68362,0.009140917,0.09121936,4203.099,275.16672,0.001387247,88.632774,87.990204,29.75149,2.363339
Grid_Cell_3,2018,0.18229178,1402,438.09702,0.009618668,0.0839847,4220.907,456.7795,0.002321562,85.04918,107.14864,29.567835,2.6008368
Grid_Cell_3,2019,0.18229178,1634,561.9743,0.010165756,0.080624364,3990.5933,678.99164,0.00619464,75.70875,150.32933,28.899103,2.6030622
Grid_Cell_3,2020,0.18236639,2854,897.2603,0.010205877,0.077974886,3854.8096,1109.3661,0.018979803,51.628235,256.9827,27.817774,2.6220973
Grid_Cell_3,2021,0.18229178,3528,819.84296,0.009846272,0.08226092,3836.7214,892.8079,0.010468815,54.644344,240.79037,28.079401,2.5269272
Grid_Cell_3,2022,0.18229178,3730,831.00446,0.009642417,0.081729814,3701.1758,1161.446,0.016812041,51.175606,248.84843,27.475092,2.5913317
Grid_Cell_3,2023,0.18229178,3549,885.71765,0.009475973,0.08432833,3804.923,1033.7274,0.012038038,46.449482,251.12029,28.85232,2.4681046
Grid_Cell_3,2024,0.18236557,4400,879.87775,0.010006013,0.082140215,3882.6956,961.4344,0.009481233,57.68754,245.1602,28.240778,2.5956845
Grid_Cell_3,2025,0.18229109,5521,835.212,0.009250825,0.08506403,3727.0042,1079.0348,0.014221706,52.239258,250.39305,28.671228,2.446545
Grid_Cell_30,2000,0.15887748,142,841.6729,0.006785607,0.35519737,4398.718,819.99634,0.00200343,49.15476,338.88718,29.245264,2.5350318
Grid_Cell_30,2001,0.15883642,108,822.1026,0.009758451,0.26042476,3854.8154,994.38947,0.003490425,54.376236,343.1598,27.776087,2.4054034
Grid_Cell_30,2002,0.15883642,139,774.0855,0.009201988,0.39183757,4150.085,795.9049,0.001785048,56.39506,326.47607,28.59942,2.3094673
Grid_Cell_30,2003,0.15883642,183,773.9259,0.009914637,0.24560179,3934.8022,841.1364,0.002019116,56.74904,344.15286,27.827509,2.2866502
Grid_Cell_30,2004,0.1588765,202,817.7672,0.009518022,0.35595152,3927.148,889.8892,0.003311571,54.0145,341.4189,28.192865,2.1841621
Grid_Cell_30,2005,0.15883642,114,837.6279,0.009922684,0.2712054,4093.2751,901.5127,0.00292837,59.90872,343.43466,28.098352,2.2720156
Grid_Cell_30,2006,0.15883642,108,946.10016,0.008693598,0.2265689,4233.4546,1089.7125,0.004189003,51.50911,353.7745,28.73501,2.3715897
Grid_Cell_30,2007,0.15883642,184,884.32837,0.009123175,0.2314755,4149.212,922.1764,0.00289436,54.635517,348.3798,28.187616,2.4215138
Grid_Cell_30,2008,0.1588765,177,759.87256,0.009353762,0.1860701,3936.8755,938.19495,0.00389889,62.346123,337.36197,27.503595,2.3102434
Grid_Cell_30,2009,0.15883642,163,820.76483,0.009667704,0.35942173,4127.1514,807.26117,0.002015781,57.012108,321.08194,28.833643,2.4218106
Grid_Cell_30,2010,0.15883642,329,826.6135,0.0094798,0.15037204,4223.631,900.12274,0.006064034,59.11703,322.85782,28.87063,2.4383934
Grid_Cell_30,2011,0.15883642,283,737.3461,0.008862388,0.37280095,4331.91,699.2525,0.00378799,67.36325,306.95395,28.729517,2.517474
Grid_Cell_30,2012,0.1588765,691,768.174,0.009291025,0.3282284,4139.539,881.2233,0.009473808,62.31235,313.79736,29.022028,2.5563593
Grid_Cell_30,2013,0.15883642,739,722.0466,0.008694125,0.06412694,4314.5234,711.2124,0.006087942,65.69221,306.11887,29.88238,2.4052272
Grid_Cell_30,2014,0.15883642,959,708.2954,0.008847027,0.06392191,4397.092,707.3244,0.007341075,66.98599,276.8518,29.7893,2.5169752
Grid_Cell_30,2015,0.15883642,955,705.4594,0.008551883,0.06657165,4447.385,722.3829,0.004531045,70.26047,272.40472,28.533258,2.599143
Grid_Cell_30,2016,0.1588765,792,458.97314,0.008843803,0.059338212,4390.133,347.8244,0.001569542,79.21684,216.72104,28.894342,2.5223248
Grid_Cell_30,2017,0.15883642,952,358.30457,0.008470458,0.04679565,4493.774,347.679,0.000991,90.25668,150.51822,28.89007,2.5433047
Grid_Cell_30,2018,0.15883642,1402,554.16895,0.008945364,0.04779066,4368.3447,670.5072,0.005835839,82.42966,199.50359,29.19784,2.4079602
Grid_Cell_30,2019,0.15883642,1634,640.5702,0.009526115,0.043011177,4117.5713,761.17316,0.004968034,74.53006,262.5513,28.477869,2.4584389
Grid_Cell_30,2020,0.1588765,2854,759.0437,0.009459955,0.046952188,4217.9126,827.7069,0.010264634,68.5782,343.5518,27.63949,2.6381834
Grid_Cell_30,2021,0.15883642,3528,690.9288,0.008862468,0.04833467,4219.42,698.18115,0.00510562,68.423096,323.45993,27.943262,2.62566
Grid_Cell_30,2022,0.15883642,3730,727.55664,0.008999616,0.046780225,4118.6353,910.5156,0.012052785,65.78093,329.1146,27.072626,2.708284
Grid_Cell_30,2023,0.15883642,3549,783.87146,0.008847884,0.046532728,4207.862,760.50146,0.004612849,58.73763,330.09567,28.542322,2.6262894
Grid_Cell_30,2024,0.15887755,4400,811.73083,0.009166827,0.046939045,4224.9907,982.2974,0.014192407,70.600296,327.50085,27.862116,2.6117368
Grid_Cell_30,2025,0.1588356,5521,721.7474,0.008487222,0.04291826,4188.848,754.4643,0.007001748,67.49452,333.21304,28.270868,2.6028259
Grid_Cell_31,2000,0.16615257,142,827.3228,0.006661442,0.34333,4436.0176,794.3915,0.001908251,48.491814,266.98312,29.040613,2.5291555
Grid_Cell_31,2001,0.16611643,108,800.036,0.009640779,0.31858,3891.6787,967.868,0.003369462,54.573,264.89124,27.67953,2.396602
Grid_Cell_31,2002,0.16611643,139,754.69305,0.009016303,0.32000557,4166.0903,771.91705,0.001833329,55.74729,258.4254,28.543695,2.2962825
Grid_Cell_31,2003,0.16611643,183,761.3201,0.009822171,0.28394064,3905.6572,846.22217,0.002185267,53.563534,275.06592,27.756678,2.2690475
Grid_Cell_31,2004,0.16615328,202,802.82416,0.009437513,0.29721642,3897.6143,881.3676,0.003544577,52.579826,272.848,28.04867,2.141539
Grid_Cell_31,2005,0.16611643,114,810.9336,0.009979589,0.25936085,4039.5354,881.2562,0.002965832,58.882687,275.07382,27.934809,2.2041047
Grid_Cell_31,2006,0.16611643,108,906.00415,0.008695763,0.27354687,4134.0566,1056.3901,0.00460548,50.285423,282.39993,28.658442,2.2795348
Grid_Cell_31,2007,0.16611643,184,852.43274,0.009156157,0.27376962,4086.9976,879.9343,0.00276226,54.50455,277.78326,28.143549,2.3524728
Grid_Cell_31,2008,0.16615328,177,731.1434,0.009463971,0.29943785,3868.9727,905.64435,0.00386724,62.45879,265.41043,27.416254,2.2321696
Grid_Cell_31,2009,0.16611643,163,799.0363,0.009708962,0.31238917,4042.8938,789.1128,0.001873589,55.769352,257.22476,28.736078,2.3236942
Grid_Cell_31,2010,0.16611643,329,816.1785,0.009410555,0.16474964,4181.807,881.901,0.005567811,57.594814,255.31006,28.99502,2.3683934
Grid_Cell_31,2011,0.16611643,283,739.2415,0.008731169,0.29303253,4342.3647,703.2831,0.003537154,66.25175,240.7906,28.976526,2.4589467
Grid_Cell_31,2012,0.16615328,691,770.43585,0.009146831,0.32645467,4153.446,878.045,0.007361721,61.162067,243.84015,29.269587,2.4874043
Grid_Cell_31,2013,0.16611643,739,721.93964,0.008585557,0.071615785,4312.997,710.30304,0.005695812,64.36403,239.66125,30.099695,2.3393025
Grid_Cell_31,2014,0.16611643,959,703.5877,0.008730209,0.07346214,4387.1143,705.3113,0.006322637,65.86168,213.77544,30.040186,2.4474888
Grid_Cell_31,2015,0.16611643,955,704.1235,0.008382938,0.062077247,4428.529,724.53094,0.005494144,69.006676,211.82439,28.695734,2.494691
Grid_Cell_31,2016,0.16615328,792,313.90106,0.008675531,0.055889066,4473.9287,210.38756,0.000465,88.02381,143.98727,29.059229,2.4455488
Grid_Cell_31,2017,0.16611643,952,268.61057,0.008387081,0.047402598,4504.8643,272.13193,0.000689,96.01403,99.263054,28.928156,2.427654
Grid_Cell_31,2018,0.16611643,1402,478.5916,0.008839182,0.047887772,4360.7754,520.1334,0.003839877,86.62655,136.30746,29.18252,2.2885766
Grid_Cell_31,2019,0.16611643,1634,593.97253,0.009542091,0.042793773,4081.1262,720.2779,0.003599617,76.959915,183.878,28.457056,2.3275828
Grid_Cell_31,2020,0.16615328,2854,746.0717,0.009451362,0.04666151,4170.5215,820.4961,0.01176608,68.56957,275.0211,27.628687,2.5529375
Grid_Cell_31,2021,0.16611643,3528,690.09827,0.008813499,0.048889264,4218.5815,702.02484,0.006408144,67.54408,254.65538,28.040247,2.5620642
Grid_Cell_31,2022,0.16611643,3730,723.6849,0.009000417,0.050798506,4083.0874,924.2381,0.015370613,64.97582,258.89627,27.065302,2.6179757
Grid_Cell_31,2023,0.16611643,3549,782.43396,0.008819942,0.0539933,4176.4253,764.1745,0.005691103,57.45484,263.51785,28.586084,2.5670428
Grid_Cell_31,2024,0.16615322,4400,806.4329,0.009135901,0.05094837,4208.976,986.0601,0.01656004,69.8085,256.14703,27.864985,2.558472
Grid_Cell_31,2025,0.16611645,5521,707.12463,0.008486142,0.04804022,4172.8813,737.0724,0.007359575,67.195724,263.59875,28.257593,2.5651376
Grid_Cell_32,2000,0.18280888,142,799.8627,0.006414264,0.32351324,4371.596,767.18463,0.002029481,46.1485,222.8238,28.695734,2.5269349
Grid_Cell_32,2001,0.18276137,108,765.03644,0.009299074,0.3081949,3839.349,937.83856,0.003369582,51.864044,217.39534,27.431116,2.4083142
Grid_Cell_32,2002,0.18276137,139,727.73627,0.008660539,0.2950756,4089.1987,746.98956,0.001879644,52.70422,217.52019,28.238733,2.2984056
Grid_Cell_32,2003,0.18276137,183,736.35815,0.009635886,0.2760296,3811.8752,844.2014,0.002417031,50.181217,232.63487,27.438166,2.2856913
Grid_Cell_32,2004,0.1828112,202,764.6428,0.009271895,0.096974835,3737.3394,864.0595,0.0034879,47.33586,231.15738,27.666437,2.1347084
Grid_Cell_32,2005,0.18276137,114,774.2287,0.009937993,0.29405916,3902.221,854.74115,0.00293236,56.4367,232.97592,27.494837,2.1595843
Grid_Cell_32,2006,0.18276137,108,862.1453,0.008604044,0.24135053,3954.7253,1039.3779,0.005072746,46.952938,238.78035,28.220392,2.1918635
Grid_Cell_32,2007,0.18276137,184,814.1586,0.009087352,0.28782523,3942.9246,848.2169,0.002498514,52.329613,234.91867,27.799616,2.2821302
Grid_Cell_32,2008,0.1828112,177,695.45105,0.009452652,0.23489027,3724.4766,872.87085,0.003508241,60.252502,221.48483,27.049189,2.1662543
Grid_Cell_32,2009,0.18276137,163,772.76855,0.009632211,0.30537143,3900.4998,772.67303,0.001760695,53.15805,219.68008,28.367304,2.2393448
Grid_Cell_32,2010,0.18276137,329,796.1824,0.009338307,0.10205881,4017.2234,874.9566,0.005164178,54.518307,219.01183,28.621363,2.2322974
Grid_Cell_32,2011,0.18276137,283,729.6403,0.008640029,0.33045164,4159.1855,703.21063,0.003421805,63.4196,208.06186,28.575037,2.2849398
Grid_Cell_32,2012,0.1828112,691,755.96356,0.00901959,0.26998204,3968.724,878.08484,0.008071414,58.21144,209.46698,28.929804,2.320567
Grid_Cell_32,2013,0.18276137,739,706.3034,0.008526691,0.05373885,4090.5605,710.424,0.007491565,60.45942,207.38815,29.700464,2.1947477
Grid_Cell_32,2014,0.18276137,959,703.47754,0.008659578,0.063051395,4176.819,705.2854,0.004483048,62.18255,185.73254,29.668695,2.2929683
Grid_Cell_32,2015,0.18276137,955,689.86206,0.008390524,0.05097754,4162.381,724.56445,0.007058897,66.06187,185.96489,27.946161,2.2739375
Grid_Cell_32,2016,0.1828112,792,580.8359,0.008696887,0.047188446,4077.2227,557.1715,0.002718299,67.260994,168.99792,28.282038,2.2357469
Grid_Cell_32,2017,0.18276137,952,488.33658,0.008381537,0.048022598,4235.7427,461.84796,0.001916795,78.20644,127.791466,28.24093,2.3986814
Grid_Cell_32,2018,0.18276137,1402,564.835,0.008732634,0.044808652,4260.004,644.9825,0.004944644,79.02047,145.78401,28.571009,2.500974
Grid_Cell_32,2019,0.18276137,1634,672.4086,0.009470508,0.04221093,3988.5002,806.15955,0.007169996,69.42251,186.93103,28.130915,2.4740553
Grid_Cell_32,2020,0.1828112,2854,740.50336,0.009343739,0.06534922,4100.411,821.7756,0.012423822,66.21938,232.85779,27.294153,2.6776984
Grid_Cell_32,2021,0.18276137,3528,690.38446,0.008725656,0.041710284,4186.2705,702.5238,0.006398918,65.67778,212.10814,27.854273,2.695934
Grid_Cell_32,2022,0.18276137,3730,732.4048,0.008898236,0.050419457,3999.8643,937.9713,0.015641613,62.18785,216.03989,26.995447,2.683147
Grid_Cell_32,2023,0.18276137,3549,776.81696,0.008779394,0.038274832,4080.0876,761.9475,0.005205075,55.04678,220.98508,28.423456,2.6583786
Grid_Cell_32,2024,0.18281072,4400,799.6161,0.008989965,0.051797573,4155.7275,986.06384,0.018384002,66.562744,211.88185,27.824427,2.6892185
Grid_Cell_32,2025,0.18276028,5521,709.5043,0.0083794,0.043172777,4131.274,737.18915,0.006949214,65.05819,220.16034,28.178461,2.6838279
Grid_Cell_33,2000,0.2036558,142,749.7908,0.006171596,0.2733164,4329.9434,740.1188,0.002124964,42.831673,203.1457,28.342585,2.5447345
Grid_Cell_33,2001,0.20360383,108,698.05707,0.008963464,0.23429,3841.2341,906.5498,0.003177555,50.418926,194.13216,27.17428,2.4354033
Grid_Cell_33,2002,0.20360383,139,671.24146,0.008327676,0.297439,4005.5364,723.32996,0.001810812,49.429092,198.68118,27.99264,2.3250837
Grid_Cell_33,2003,0.20360383,183,681.5697,0.009555086,0.18134749,3675.2253,837.0831,0.00257524,48.729923,218.61887,27.259089,2.319013
Grid_Cell_33,2004,0.20365791,202,698.2728,0.009239801,0.26592737,3613.257,838.9879,0.002988907,46.926853,205.86595,27.493097,2.1971061
Grid_Cell_33,2005,0.20360383,114,707.6024,0.009898181,0.25003093,3755.7312,817.101,0.002662647,55.46172,210.07396,27.17193,2.1554747
Grid_Cell_33,2006,0.20360383,108,783.5688,0.00848051,0.20232534,3947.51,1030.1796,0.005120657,46.422264,214.45609,27.526361,2.121521
Grid_Cell_33,2007,0.20360383,184,744.1378,0.009015671,0.30008066,3895.603,815.1505,0.002228158,51.38281,215.06755,27.14602,2.2153838
Grid_Cell_33,2008,0.2036582,177,622.8547,0.009392355,0.16897385,3671.6826,831.1804,0.003249037,59.162365,194.04044,26.495905,2.1231532
Grid_Cell_33,2009,0.2036041,163,720.4544,0.009531612,0.27460274,3835.4595,752.368,0.001481921,50.615295,198.30215,27.784082,2.183283
Grid_Cell_33,2010,0.2036041,329,747.23676,0.009219335,0.13858937,3950.176,871.857,0.009299116,51.299072,203.39967,28.06228,2.1043522
Grid_Cell_33,2011,0.2036041,283,707.03375,0.008427457,0.2904807,4023.4392,698.4187,0.002285295,59.322094,194.8921,28.203608,2.1302822
Grid_Cell_33,2012,0.2036582,691,722.8432,0.008746134,0.25068617,3869.1973,876.89575,0.012325318,55.435562,195.09384,28.731165,2.190922
Grid_Cell_33,2013,0.20360383,739,662.9242,0.008323468,0.0691919,3982.4011,706.73145,0.010198075,57.777596,185.83388,29.444086,2.0994053
Grid_Cell_33,2014,0.20360383,959,679.8558,0.008468975,0.06656147,4062.0613,697.4565,0.006061322,58.177963,174.68062,29.374353,2.2075574
Grid_Cell_33,2015,0.2036041,955,686.3834,0.008122752,0.066508576,4028.1963,722.94446,0.005863781,59.832016,179.15048,28.063227,2.0302389
Grid_Cell_33,2016,0.20365846,792,317.91092,0.008406716,0.07027743,4106.5635,231.11967,0.000579,78.13156,117.35924,28.450953,1.9907333
Grid_Cell_33,2017,0.2036041,952,235.8358,0.008208524,0.06533343,4205.689,237.10428,0.000582,87.360535,79.24903,28.397394,2.2090924
Grid_Cell_33,2018,0.20360383,1402,372.71814,0.008562312,0.067634664,4239.464,387.3701,0.002562236,85.4952,98.05816,28.804163,2.3828573
Grid_Cell_33,2019,0.2036041,1634,611.38104,0.009392711,0.063502245,3861.0933,875.5916,0.010129747,68.24952,163.22314,28.239405,2.2046034
Grid_Cell_33,2020,0.20365846,2854,694.9366,0.009198732,0.065714724,3908.7263,820.6005,0.011609802,63.33071,220.27528,27.011744,2.2440577
Grid_Cell_33,2021,0.20360437,3528,660.6045,0.008596056,0.06300421,3947.6472,702.56805,0.00461523,62.64815,196.93065,27.743402,2.2453861
Grid_Cell_33,2022,0.20360416,3730,690.83344,0.008792397,0.06764016,3717.3784,954.36035,0.01597537,59.959503,202.95872,27.095758,2.2158523
Grid_Cell_33,2023,0.20360437,3549,752.02124,0.008696843,0.06494433,3814.4548,761.2121,0.004633127,52.858578,207.37578,28.51858,2.2176251
Grid_Cell_33,2024,0.20365697,4400,758.937,0.008853979,0.065135464,3877.0652,985.1755,0.012649799,63.44269,197.83508,27.927881,2.2162821
Grid_Cell_33,2025,0.20360275,5521,669.0733,0.008294629,0.072336785,3842.304,738.97504,0.005369849,62.32384,204.15967,28.256495,2.1699934
Grid_Cell_34,2000,0.19801165,142,773.6578,0.00684028,0.29059997,4248.2065,777.9997,0.002076959,46.764553,235.515,27.734735,2.38235
Grid_Cell_34,2001,0.19793451,108,765.0062,0.009526769,0.29604718,3676.1123,966.2155,0.003789281,52.340855,241.16551,26.34649,2.2746842
Grid_Cell_34,2002,0.19793451,139,720.2529,0.008952084,0.29853556,4019.1316,740.89294,0.001546712,56.73488,224.79132,27.57113,2.3103578
Grid_Cell_34,2003,0.19793451,183,717.3112,0.009799821,0.16429852,3691.782,828.4334,0.002342545,55.771282,239.254,27.001612,2.273294
Grid_Cell_34,2004,0.19801475,202,738.2637,0.009336338,0.24871549,3866.653,785.52747,0.002110833,54.68477,232.30031,27.639307,2.3404803
Grid_Cell_34,2005,0.19793451,114,738.38245,0.010010975,0.16491494,3773.838,905.0443,0.003852284,58.50351,238.38283,27.262873,2.3026664
Grid_Cell_34,2006,0.19793451,108,801.93207,0.009154896,0.14209509,3945.9116,1010.7817,0.004372921,53.398445,247.29333,27.92721,2.3976855
Grid_Cell_34,2007,0.19793451,184,804.8479,0.009520331,0.30746207,3891.7708,977.24554,0.004712867,53.46969,248.9893,27.429071,2.4972672
Grid_Cell_34,2008,0.19801475,177,680.99805,0.009170599,0.2634775,3848.4092,885.2385,0.003388487,62.190315,231.92941,26.860987,2.457272
Grid_Cell_34,2009,0.19793451,163,753.24,0.009528044,0.25354284,4020.5308,782.78186,0.002271945,56.834457,225.81192,28.22912,2.4996188
Grid_Cell_34,2010,0.19793451,329,798.3618,0.009406914,0.26635963,4002.1052,954.5937,0.008667257,54.67497,237.60976,28.196894,2.4447975
Grid_Cell_34,2011,0.19793451,283,734.47546,0.008620841,0.10591403,4384.504,709.5211,0.003402024,64.339935,218.77878,28.371302,2.8965495
Grid_Cell_34,2012,0.19801475,691,794.6964,0.008995096,0.28040832,4236.7686,990.6946,0.012968528,57.507435,226.71893,28.535822,2.995772
Grid_Cell_34,2013,0.19793451,739,705.10785,0.008421814,0.06351356,4383.685,695.55676,0.004425086,60.179382,214.6495,29.507349,2.811871
Grid_Cell_34,2014,0.19793451,959,699.2774,0.008601941,0.066980265,4464.4775,693.886,0.00542574,62.43996,193.80212,29.312555,2.9435163
Grid_Cell_34,2015,0.19793451,955,653.49854,0.008361574,0.07463998,4613.819,695.5308,0.005320363,67.45152,186.94173,28.420404,3.095958
Grid_Cell_34,2016,0.19801475,792,462.9722,0.008793403,0.07607699,4509.3735,361.71405,0.00168471,77.713394,152.02309,28.823328,2.952994
Grid_Cell_34,2017,0.19793451,952,327.3172,0.008246603,0.07458949,4876.5664,321.40045,0.001567226,87.842285,98.2389,28.590631,3.4170034
Grid_Cell_34,2018,0.19793451,1402,391.03168,0.008655799,0.06607604,5000.053,404.65872,0.002496538,89.25576,106.84888,28.40774,3.6620355
Grid_Cell_34,2019,0.19793451,1634,524.2412,0.009139409,0.07603478,4808.1636,625.60406,0.006615822,79.25975,142.88312,28.10171,3.6877882
Grid_Cell_34,2020,0.19801475,2854,800.6102,0.009167318,0.07072403,5017.1636,867.14417,0.006627189,62.128483,235.61263,27.504847,4.017316
Grid_Cell_34,2021,0.19793451,3528,717.08093,0.008543814,0.079507954,4922.938,722.7738,0.006972589,62.897984,219.23468,27.750391,3.8410368
Grid_Cell_34,2022,0.19793451,3730,699.50903,0.008729092,0.07115327,4752.3506,854.48413,0.00972651,62.50336,216.27069,26.775629,3.8808181
Grid_Cell_34,2023,0.19793451,3549,827.89014,0.008470254,0.07255156,4840.0117,870.08905,0.008561777,52.966866,229.94325,28.151423,3.6964264
Grid_Cell_34,2024,0.19801496,4400,796.895,0.008968846,0.07316906,4844.339,916.28735,0.012774353,65.00026,224.76645,27.551203,3.819602
Grid_Cell_34,2025,0.19793493,5521,729.3778,0.008197332,0.07152263,4713.475,822.6025,0.00896024,58.891968,227.48335,28.052729,3.7077076
Grid_Cell_35,2000,0.20072754,142,757.0235,0.006856713,0.3552665,4364.544,768.7242,0.001906344,46.596157,223.70569,27.731104,2.4534123
Grid_Cell_35,2001,0.20065096,108,733.2726,0.009436796,0.32497793,3821.3516,955.9782,0.003408507,53.775467,222.65097,26.45431,2.337972
Grid_Cell_35,2002,0.20065096,139,700.8518,0.008848618,0.3208513,4140.7583,722.84937,0.001375236,56.631348,209.48439,27.700129,2.360255
Grid_Cell_35,2003,0.20065096,183,688.18256,0.00968378,0.28290522,3794.9055,810.9364,0.002141836,55.01235,223.28708,27.106318,2.333705
Grid_Cell_35,2004,0.20073088,202,714.61066,0.009225635,0.3111912,4009.7979,794.4541,0.002114337,54.46582,217.03127,27.776423,2.4005213
Grid_Cell_35,2005,0.20065096,114,701.49396,0.00994077,0.33708134,3883.7954,904.8856,0.003777147,58.63309,222.47183,27.456568,2.3693445
Grid_Cell_35,2006,0.20065096,108,759.0863,0.009088794,0.14801246,3984.235,1001.03046,0.004103859,53.007214,232.05948,28.319239,2.4554253
Grid_Cell_35,2007,0.20065096,184,771.4154,0.009417308,0.3253774,3961.113,975.1709,0.004207041,52.975895,237.08911,27.870142,2.5774043
Grid_Cell_35,2008,0.20073088,177,629.8361,0.009162297,0.24342151,3928.0186,894.7349,0.00357306,63.948975,210.78018,27.220148,2.5175862
Grid_Cell_35,2009,0.20065096,163,718.24585,0.009510917,0.13864774,4066.747,761.8482,0.00192738,56.07789,203.40825,28.611017,2.56729
Grid_Cell_35,2010,0.20065096,329,768.05054,0.009301109,0.18601997,4076.007,928.13904,0.008645781,54.291325,220.73714,28.675623,2.5276399
Grid_Cell_35,2011,0.20065096,283,716.9363,0.008537909,0.25471222,4482.74,685.7222,0.003174212,62.891674,202.37982,28.669306,2.9732275
Grid_Cell_35,2012,0.20073088,691,740.70496,0.00894762,0.2940378,4349.7227,921.0774,0.009910109,58.56066,203.68544,28.855219,3.0485382
Grid_Cell_35,2013,0.20065096,739,684.18823,0.008344636,0.06557712,4469.964,677.54987,0.004878695,59.64832,196.41121,29.829828,2.8707066
Grid_Cell_35,2014,0.20065096,959,653.71436,0.008517889,0.0710904,4574.0903,637.93115,0.0056764,63.32779,167.81577,29.625849,2.9993382
Grid_Cell_35,2015,0.20065096,955,633.3867,0.00834065,0.06669278,4697.401,680.0901,0.004596747,66.99486,168.68553,28.532373,3.1150334
Grid_Cell_35,2016,0.20073088,792,365.1729,0.00872189,0.06829583,4587.44,283.06683,0.000866,82.126945,122.25718,28.91189,2.9555216
Grid_Cell_35,2017,0.20065096,952,306.58334,0.008241904,0.07347795,4975.1997,311.98392,0.002088459,87.23722,89.25648,28.806269,3.4591265
Grid_Cell_35,2018,0.20065096,1402,374.9192,0.008679579,0.07833899,5129.0273,388.86588,0.002443014,88.44507,98.20833,28.680994,3.7549808
Grid_Cell_35,2019,0.20065096,1634,494.00125,0.009181386,0.07348549,4906.798,550.53107,0.00336812,79.22279,126.76535,28.450861,3.6615896
Grid_Cell_35,2020,0.20073088,2854,758.4448,0.009175676,0.068914846,5052.281,828.351,0.00632193,63.225697,223.61507,27.86297,3.8960044
Grid_Cell_35,2021,0.20065096,3528,703.53345,0.008619481,0.06977471,4886.538,727.25793,0.006724617,62.185078,205.43181,28.14007,3.6861396
Grid_Cell_35,2022,0.20065096,3730,664.06024,0.008811434,0.06925442,4700.402,847.5657,0.008999462,63.73847,201.63943,27.24615,3.7119482
Grid_Cell_35,2023,0.20065096,3549,801.17737,0.008560946,0.07282538,4725.046,874.1369,0.010289946,52.61885,217.68738,28.657953,3.508447
Grid_Cell_35,2024,0.20073082,4400,775.9184,0.00904598,0.06834137,4758.544,919.747,0.013664943,65.08387,213.40315,28.05691,3.6263819
Grid_Cell_35,2025,0.20065069,5521,693.9029,0.008253256,0.07510458,4603.9897,818.5784,0.008640701,59.434868,210.05159,28.548334,3.4900277
Grid_Cell_36,2000,0.19364583,142,805.7206,0.006901572,0.27716294,4506.5977,766.1352,0.00929563,45.870914,324.783,28.141932,2.5150797
Grid_Cell_36,2001,0.19356962,108,805.3097,0.009473838,0.26679274,3913.3098,949.5533,0.017250469,50.612514,318.6079,26.873926,2.389787
Grid_Cell_36,2002,0.19356985,139,738.911,0.008910632,0.2797658,4214.7456,716.1567,0.006850596,55.329853,316.31387,28.060266,2.3984058
Grid_Cell_36,2003,0.19356985,183,731.4538,0.00978215,0.11192009,3874.5906,795.6382,0.009970233,53.928593,314.42953,27.4378,2.3771296
Grid_Cell_36,2004,0.19364835,202,765.1932,0.009340594,0.24905507,4074.2063,800.2766,0.010593917,53.194347,318.9757,28.114832,2.4513752
Grid_Cell_36,2005,0.19356985,114,778.5854,0.01004387,0.30276465,3977.512,901.30756,0.01900073,55.94797,327.96994,27.814905,2.4309883
Grid_Cell_36,2006,0.19356985,108,856.8349,0.009149346,0.16060165,4050.7507,1003.89453,0.02302048,48.410892,345.3065,28.687006,2.5039868
Grid_Cell_36,2007,0.19356985,184,858.579,0.00947326,0.084633365,4041.248,971.39844,0.023369435,49.610256,348.3937,28.241388,2.6424384
Grid_Cell_36,2008,0.19364835,177,707.235,0.009309462,0.2180656,4003.72,903.19293,0.023724997,60.792423,330.5087,27.564539,2.5676203
Grid_Cell_36,2009,0.19356985,163,764.1966,0.009668594,0.25910246,4138.368,754.05817,0.009059134,54.956966,308.07687,28.934534,2.6226325
Grid_Cell_36,2010,0.19356985,329,800.7918,0.009360212,0.25982863,4214.875,927.19403,0.034597833,54.514595,300.90582,29.078363,2.6036332
Grid_Cell_36,2011,0.19356985,283,715.43616,0.008553748,0.19103318,4624.048,685.7222,0.013507791,64.22099,279.0564,29.010859,2.9866862
Grid_Cell_36,2012,0.19364835,691,752.7464,0.009014447,0.28145808,4449.468,920.9029,0.03469646,59.542503,280.4878,29.174067,3.0086815
Grid_Cell_36,2013,0.19356985,739,677.2309,0.008392835,0.08492655,4578.161,677.43756,0.022253767,62.29873,275.93005,30.178064,2.8357067
Grid_Cell_36,2014,0.19356985,959,615.4543,0.008546845,0.08737037,4728.6387,637.77673,0.020813342,68.091286,226.61449,29.974787,2.9504683
Grid_Cell_36,2015,0.19356985,955,604.34766,0.008414188,0.09469574,4861.6265,680.13214,0.018456215,71.76429,225.45882,28.760096,3.1297252
Grid_Cell_36,2016,0.19364835,792,346.31055,0.008762457,0.090516195,4703.849,279.04727,0.003627667,84.60964,192.02457,29.123652,2.9687388
Grid_Cell_36,2017,0.19356985,952,259.27502,0.008272811,0.08984503,5216.205,289.55447,0.010705723,91.13434,156.90651,29.08941,3.5801198
Grid_Cell_36,2018,0.19356985,1402,326.64426,0.008726853,0.08892163,5458.0312,360.14975,0.010596818,93.03757,162.0622,28.977442,3.9901862
Grid_Cell_36,2019,0.19356985,1634,428.81677,0.009274033,0.0922718,5182.932,505.4551,0.012792695,85.57932,182.03703,28.726984,3.848884
Grid_Cell_36,2020,0.19364835,2854,741.1205,0.009308701,0.08629095,5170.882,830.90686,0.029785236,66.62436,293.78955,28.106134,3.9212434
Grid_Cell_36,2021,0.19356985,3528,688.5506,0.008828714,0.091557965,5023.0,723.8354,0.028060349,65.17335,279.77515,28.44549,3.757578
Grid_Cell_36,2022,0.19356985,3730,673.88715,0.009041965,0.08921168,4867.027,847.5171,0.034346893,64.71116,278.4773,27.596674,3.8429756
Grid_Cell_36,2023,0.19356985,3549,816.88495,0.00873012,0.09956974,4924.877,875.8778,0.034737837,53.638332,301.13156,29.10235,3.6401935
Grid_Cell_36,2024,0.1936484,4400,779.9294,0.009266454,0.09239703,4918.4805,919.74786,0.04421426,67.07537,285.44162,28.452204,3.6924982
Grid_Cell_36,2025,0.1935685,5521,712.47894,0.008429156,0.091086455,4793.845,816.73627,0.031393494,58.894768,293.0371,28.997461,3.6450844
Grid_Cell_37,2000,0.18490154,142,831.79407,0.006799699,0.29276803,4551.441,768.89655,0.008340919,46.664825,312.62985,28.039362,2.5893195
Grid_Cell_37,2001,0.18483672,108,814.45184,0.009307095,0.29102364,3964.6223,945.8802,0.014979164,51.571278,299.36218,26.780146,2.4506087
Grid_Cell_37,2002,0.18483672,139,752.74255,0.008805426,0.26787457,4228.9385,718.7022,0.006264507,56.537884,298.2548,27.909357,2.4342961
Grid_Cell_37,2003,0.18483672,183,726.9243,0.009770757,0.21795008,3837.04,781.6111,0.008222859,56.67269,292.8373,27.281122,2.3820953
Grid_Cell_37,2004,0.18490492,202,770.1196,0.009357827,0.16451226,4022.5947,803.8632,0.009514392,55.65748,296.08902,27.925318,2.4664366
Grid_Cell_37,2005,0.18483672,114,788.5765,0.010012746,0.29568467,3962.036,892.9926,0.015893983,57.82524,309.63434,27.613031,2.4766731
Grid_Cell_37,2006,0.18483672,108,884.15027,0.009057602,0.2364097,4079.7603,1023.0743,0.021131353,48.439495,335.5588,28.399317,2.5510416
Grid_Cell_37,2007,0.18483672,184,881.61,0.009373578,0.25388533,4078.8398,963.8569,0.019769339,50.63499,340.2523,27.955591,2.695418
Grid_Cell_37,2008,0.18490492,177,724.0585,0.009302693,0.23287961,4012.4487,911.9817,0.021934731,62.069534,316.94943,27.261255,2.6029687
Grid_Cell_37,2009,0.18483672,163,781.3697,0.009677674,0.30912054,4155.799,759.47974,0.008634935,56.395763,292.0099,28.624414,2.6662626
Grid_Cell_37,2010,0.18483672,329,806.9316,0.009353643,0.23199202,4259.4214,926.8409,0.031593222,56.854443,282.33,28.745874,2.6456194
Grid_Cell_37,2011,0.18483672,283,709.6949,0.008558614,0.19827646,4633.697,685.76544,0.01221274,66.83964,254.8077,28.578608,2.9706247
Grid_Cell_37,2012,0.18490492,691,756.50854,0.009042196,0.26630002,4401.506,920.88135,0.03381735,61.317978,265.7518,28.68252,2.9595354
Grid_Cell_37,2013,0.18483672,739,687.24896,0.008413958,0.09160192,4548.297,677.41595,0.019454852,63.70292,259.51834,29.710718,2.795467
Grid_Cell_37,2014,0.18483672,959,616.6186,0.008559695,0.09031236,4679.9336,637.9646,0.018387271,69.74721,213.05971,29.523157,2.8978655
Grid_Cell_37,2015,0.18483672,955,617.2699,0.008471342,0.09551629,4808.832,681.5837,0.015918804,74.2532,213.29947,28.29922,3.1332867
Grid_Cell_37,2016,0.18490492,792,315.7396,0.00876745,0.08798856,4693.8174,261.11874,0.003221438,88.73513,178.34505,28.717066,2.9949
Grid_Cell_37,2017,0.18483672,952,275.17694,0.008328846,0.08862915,5143.9185,303.0966,0.00897199,92.6593,154.30171,28.618647,3.6321745
Grid_Cell_37,2018,0.18483672,1402,351.9454,0.008783805,0.091513336,5378.976,384.16464,0.010018976,93.985245,161.12697,28.531641,4.0746727
Grid_Cell_37,2019,0.18483672,1634,444.7619,0.009279019,0.09768609,5114.0117,510.59918,0.009444213,87.40742,179.63423,28.21203,4.010973
Grid_Cell_37,2020,0.18490492,2854,747.87787,0.009317346,0.09006843,5237.184,832.73456,0.030813996,68.64971,277.68375,27.646906,4.26817
Grid_Cell_37,2021,0.18483672,3528,682.5382,0.008804786,0.09694071,5127.706,723.8009,0.029312212,68.37412,258.648,27.897913,4.0713105
Grid_Cell_37,2022,0.18483672,3730,685.2563,0.009006773,0.10483678,4974.9077,850.14575,0.030505229,66.33531,264.90585,26.943476,4.1431127
Grid_Cell_37,2023,0.18483672,3549,818.19604,0.008706056,0.09428381,5082.5747,868.5425,0.03412493,55.842476,281.62888,28.422937,3.9250224
Grid_Cell_37,2024,0.18490332,4400,791.326,0.009210771,0.10093888,5050.0786,921.7488,0.04273109,69.698044,270.1789,27.807367,4.006883
Grid_Cell_37,2025,0.18483563,5521,723.266,0.008361331,0.09935382,5031.9814,818.314,0.03033501,61.271023,274.7438,28.333124,3.9996228
Grid_Cell_38,2000,0.19010222,142,695.15717,0.006675016,0.2855219,4328.7407,774.17163,0.000441,51.792343,165.17795,28.288446,2.6082125
Grid_Cell_38,2001,0.19002932,108,663.3566,0.009266488,0.21843478,3836.1714,943.4988,0.000682,58.9522,166.91515,26.922205,2.4624581
Grid_Cell_38,2002,0.19002903,139,641.4982,0.008819101,0.23977126,4019.9016,725.6682,0.000327,59.22459,153.17764,27.971338,2.4230974
Grid_Cell_38,2003,0.19002932,183,606.1544,0.009890123,0.1738534,3646.813,767.64026,0.000403,63.414463,167.07057,27.313868,2.3719585
Grid_Cell_38,2004,0.19010341,202,634.68066,0.009502643,0.23327564,3760.0176,806.9091,0.000474,60.051792,159.13922,27.901575,2.4671881
Grid_Cell_38,2005,0.19002876,114,628.8002,0.010143147,0.26706252,3768.8325,883.656,0.000673,67.52175,167.62524,27.392847,2.4873924
Grid_Cell_38,2006,0.19002901,108,695.8815,0.009113695,0.15234786,4002.8818,1047.29,0.000799,59.736626,174.9038,27.735804,2.5352883
Grid_Cell_38,2007,0.19002876,184,683.12756,0.009467424,0.24585342,4041.967,955.56244,0.000717,63.509747,174.9692,27.286982,2.661822
Grid_Cell_38,2008,0.19010381,177,550.34344,0.009464967,0.2343219,3858.7947,922.05853,0.000698,71.85052,150.57623,26.70141,2.563522
Grid_Cell_38,2009,0.19002932,163,663.4423,0.009870547,0.2748611,4000.946,769.325,0.000482,63.140697,152.68622,28.033472,2.6353037
Grid_Cell_38,2010,0.19002903,329,687.3033,0.009545281,0.2807138,4122.575,946.8252,0.001803055,63.8574,168.60814,27.935938,2.613907
Grid_Cell_38,2011,0.19002932,283,624.81335,0.00874432,0.16573298,4343.5356,636.971,0.000715,71.20143,149.23225,27.838495,2.895659
Grid_Cell_38,2012,0.19010381,691,652.7811,0.009205489,0.2549558,4121.067,933.1134,0.00271402,66.48073,162.14737,27.955744,2.874392
Grid_Cell_38,2013,0.19002932,739,616.1839,0.008613613,0.09155029,4291.328,721.15704,0.001476801,66.72539,148.3233,28.854914,2.705501
Grid_Cell_38,2014,0.19002903,959,669.5385,0.008738006,0.0890078,4278.0127,725.058,0.001486127,64.66207,146.7125,28.745356,2.8036532
Grid_Cell_38,2015,0.19002932,955,655.23517,0.008482397,0.095079176,4416.7266,710.721,0.001155558,70.49383,149.64241,27.634851,3.0091429
Grid_Cell_38,2016,0.19010381,792,351.6915,0.008733997,0.08776764,4405.672,263.5173,0.00029,84.68862,91.28271,28.089106,2.900467
Grid_Cell_38,2017,0.19002932,952,248.9686,0.008280202,0.08337111,4739.96,249.98003,0.000367,94.46016,48.70254,27.968744,3.4913185
Grid_Cell_38,2018,0.19002932,1402,342.4349,0.008709569,0.09095395,4906.2617,351.7495,0.000399,93.13587,59.97104,28.227045,3.901693
Grid_Cell_38,2019,0.19002903,1634,470.9897,0.009213146,0.08511404,4654.468,526.15546,0.000842,83.59286,92.06822,28.02514,3.8713841
Grid_Cell_38,2020,0.19010381,2854,696.312,0.009278674,0.0761845,4780.292,869.85724,0.002391165,69.73616,157.92595,27.549158,4.172234
Grid_Cell_38,2021,0.19002932,3528,625.73236,0.008689405,0.08309434,4716.285,682.33105,0.001420298,70.203156,135.8156,27.663843,3.9846327
Grid_Cell_38,2022,0.19002932,3730,627.80896,0.008859379,0.07928595,4599.615,882.4421,0.001804243,67.208984,139.72655,26.668268,4.0722566
Grid_Cell_38,2023,0.19002932,3549,711.74585,0.008618001,0.07861198,4720.7744,728.6749,0.001162664,60.33741,139.57811,28.018457,3.8882759
Grid_Cell_38,2024,0.19010198,4400,745.66815,0.009052184,0.08700406,4711.913,959.9251,0.002493291,70.34278,144.75414,27.499018,3.9941702
Grid_Cell_38,2025,0.19002739,5521,663.8972,0.008222257,0.08425694,4726.5615,860.8613,0.0021404,65.81594,143.70164,27.930414,3.9367006
Grid_Cell_39,2000,0.19115217,142,802.3882,0.006559863,0.26291782,4265.806,778.19794,0.002129699,43.286327,231.12949,28.735376,2.6061285
Grid_Cell_39,2001,0.19108903,108,789.7793,0.009307817,0.30727375,3755.1814,940.3214,0.003261209,49.421936,230.78308,27.236506,2.4580402
Grid_Cell_39,2002,0.19108903,139,736.71967,0.00887243,0.2835851,3976.8784,733.009,0.001456243,52.93853,217.2111,28.186152,2.3969674
Grid_Cell_39,2003,0.19108903,183,709.3063,0.009882493,0.22356926,3610.982,757.3565,0.00171324,56.75346,223.27042,27.490717,2.3293214
Grid_Cell_39,2004,0.19115381,202,754.33435,0.009492943,0.18722315,3697.2822,809.91296,0.00229223,52.242954,225.624,28.037012,2.408445
Grid_Cell_39,2005,0.19108903,114,761.85297,0.010148452,0.32833317,3729.973,874.1325,0.003071202,58.07263,234.60278,27.449518,2.461776
Grid_Cell_39,2006,0.19108903,108,864.79236,0.009072571,0.21664956,4047.3865,1066.5745,0.004218555,48.593113,247.78215,27.602503,2.5220006
Grid_Cell_39,2007,0.19108903,184,832.1892,0.009446609,0.2872278,4027.8323,944.7289,0.003584308,52.88227,244.1147,27.185053,2.6213083
Grid_Cell_39,2008,0.19115381,177,685.7683,0.009523345,0.22012536,3848.0532,929.01416,0.003617428,61.59092,227.40363,26.646265,2.5203867
Grid_Cell_39,2009,0.19108903,163,770.7425,0.009928715,0.33087954,3996.3464,776.57074,0.002200534,55.3059,221.21745,27.972681,2.6072216
Grid_Cell_39,2010,0.19108903,329,802.0209,0.00961591,0.2561062,4100.3677,949.266,0.008936842,55.117146,227.88779,27.83468,2.5694208
Grid_Cell_39,2011,0.19108903,283,686.63367,0.008845778,0.13157089,4359.765,626.9735,0.002953524,65.773766,204.76738,27.804987,2.8040836
Grid_Cell_39,2012,0.19115381,691,755.4896,0.009291725,0.30699527,4101.2773,935.47754,0.009388747,57.85948,212.75667,27.921808,2.8151364
Grid_Cell_39,2013,0.19108903,739,717.53864,0.008698899,0.078771986,4260.587,729.932,0.00685527,59.59048,215.65987,28.805506,2.6415627
Grid_Cell_39,2014,0.19108903,959,741.7959,0.00881389,0.08323015,4300.8716,742.58527,0.005372952,58.507816,198.70964,28.731043,2.7535849
Grid_Cell_39,2015,0.19108903,955,700.9785,0.008435794,0.08028634,4457.031,710.79443,0.004679969,64.4948,188.46732,27.66894,2.9111292
Grid_Cell_39,2016,0.19115381,792,383.96204,0.008697983,0.060278207,4398.224,291.29443,0.002209928,78.474625,131.28775,28.181726,2.802482
Grid_Cell_39,2017,0.19108903,952,254.24008,0.008228283,0.057991054,4798.287,254.94589,0.001136798,89.91506,84.77086,28.178614,3.362243
Grid_Cell_39,2018,0.19108903,1402,353.21548,0.008611377,0.05726346,4954.0117,365.3057,0.001670199,88.99382,96.251884,28.71432,3.7199807
Grid_Cell_39,2019,0.19108903,1634,534.2874,0.0092079,0.05504333,4649.995,607.6134,0.006527044,77.025925,138.01237,28.290949,3.6908705
Grid_Cell_39,2020,0.19115381,2854,799.8563,0.009281987,0.061222915,4702.625,871.1282,0.012291933,61.290215,233.86957,27.560205,3.9212434
Grid_Cell_39,2021,0.19108903,3528,691.2441,0.008661125,0.06940063,4688.1313,678.32745,0.005773219,63.804302,210.83574,27.785517,3.7944615
Grid_Cell_39,2022,0.19108903,3730,725.0986,0.008835848,0.07090409,4582.0415,885.5914,0.009100246,58.83306,210.74265,26.849787,3.8970852
Grid_Cell_39,2023,0.19108903,3549,768.76117,0.008628679,0.07397743,4683.24,729.1987,0.00469363,54.216175,212.26657,28.222223,3.728721
Grid_Cell_39,2024,0.19115378,4400,833.86115,0.009017527,0.07178378,4700.042,959.9264,0.011845447,63.121655,208.72203,27.692865,3.8372083
Grid_Cell_39,2025,0.19108906,5521,767.3729,0.008205519,0.07505618,4664.9185,859.14044,0.010277462,56.934143,224.64268,28.14425,3.7408717
Grid_Cell_4,2000,0.17093973,142,911.8203,0.008537116,0.22919482,3969.7734,964.92084,0.002794178,36.624622,281.2389,28.233362,2.466771
Grid_Cell_4,2001,0.17088465,108,880.79083,0.01054006,0.29666585,3455.8113,1176.9613,0.004814377,44.17577,291.94867,26.523859,2.2498896
Grid_Cell_4,2002,0.17088465,139,871.7737,0.010461005,0.2781189,3718.4517,1004.2099,0.003195178,49.195507,274.77545,27.531488,2.2422755
Grid_Cell_4,2003,0.17088465,183,815.4336,0.010850732,0.22749698,3529.705,968.665,0.002765082,52.523247,285.8319,27.16894,2.2062051
Grid_Cell_4,2004,0.1709429,202,886.28253,0.010772677,0.169894,3553.5151,1087.5105,0.005055311,46.222225,286.93228,27.564783,2.239968
Grid_Cell_4,2005,0.17088465,114,836.6819,0.010861627,0.30856898,3478.9976,1129.8864,0.006619346,50.065395,290.47702,27.37243,2.022906
Grid_Cell_4,2006,0.17088465,108,907.96,0.009710626,0.15549158,3635.2766,1309.2354,0.007503281,43.724907,294.4537,28.11471,2.1879938
Grid_Cell_4,2007,0.17088465,184,909.5647,0.010200527,0.2153019,3528.3687,1210.4175,0.005359521,43.94288,297.11105,27.43609,2.279733
Grid_Cell_4,2008,0.1709429,177,810.81055,0.009898482,0.27319142,3490.7625,1096.1194,0.005965338,52.784195,286.67804,26.885248,2.1975043
Grid_Cell_4,2009,0.17088465,163,872.06696,0.010538948,0.272541,3570.367,955.9383,0.00293176,49.475246,274.9763,27.904413,2.1980433
Grid_Cell_4,2010,0.17088465,329,914.4122,0.010332161,0.23063558,3662.9058,1086.1301,0.009520384,48.193783,290.67737,28.088434,2.2602768
Grid_Cell_4,2011,0.17088465,283,876.40796,0.009425789,0.20035496,3964.7327,867.67413,0.006483777,53.09274,265.9533,28.43365,2.4711726
Grid_Cell_4,2012,0.1709429,691,905.93616,0.01011288,0.3045226,3690.8093,1299.8842,0.022294905,48.93331,283.741,28.405481,2.4741871
Grid_Cell_4,2013,0.17088465,739,924.6049,0.009503743,0.079688266,3840.659,1036.813,0.012903562,46.855663,278.612,29.37826,2.3327272
Grid_Cell_4,2014,0.17088465,959,900.3594,0.009641955,0.08027879,3942.2073,961.45166,0.008989305,49.485672,267.23248,29.274591,2.4706395
Grid_Cell_4,2015,0.17088465,955,815.0514,0.00974466,0.07701479,3986.154,891.24084,0.007101332,57.96999,265.23395,27.7073,2.5031497
Grid_Cell_4,2016,0.1709429,792,928.84015,0.010186661,0.08626394,3777.7957,1789.0853,0.037265427,48.304436,291.62354,27.996576,2.3854053
Grid_Cell_4,2017,0.17088465,952,870.2904,0.009405612,0.101830386,3963.74,1188.1317,0.014862493,51.085125,275.71786,28.173853,2.6608388
Grid_Cell_4,2018,0.17088465,1402,850.1386,0.009766555,0.087025054,4015.2764,1388.8519,0.026699103,58.361294,266.06665,28.21377,2.8454602
Grid_Cell_4,2019,0.17088465,1634,779.3686,0.010272543,0.082045674,3891.2625,865.80255,0.006882075,62.314415,258.00223,28.24917,2.6037815
Grid_Cell_4,2020,0.1709429,2854,888.8873,0.010288439,0.08339953,3831.2166,1107.6427,0.017700177,54.90394,290.98456,27.752497,2.4240098
Grid_Cell_4,2021,0.17088465,3528,818.73376,0.009955484,0.079545036,3814.7375,894.24756,0.010674963,56.313816,271.87784,28.03747,2.416345
Grid_Cell_4,2022,0.17088465,3730,832.8458,0.009738355,0.09045954,3699.4182,1170.2037,0.016600415,53.214413,281.99478,27.509912,2.4682152
Grid_Cell_4,2023,0.17088465,3549,888.11957,0.009594138,0.08763657,3772.4106,1033.2328,0.011899874,47.727283,283.91846,28.85238,2.3698854
Grid_Cell_4,2024,0.17094433,4400,889.99646,0.010110138,0.0859817,3851.391,968.2624,0.009893726,60.383995,276.96472,28.261164,2.4482982
Grid_Cell_4,2025,0.17088357,5521,825.3583,0.009352622,0.08689024,3688.936,1079.7045,0.013662028,54.541714,283.31454,28.733973,2.325941
Grid_Cell_40,2000,0.18491547,142,795.3289,0.006463362,0.27207416,4289.1816,775.81793,0.002247892,45.85203,300.9245,29.246912,2.6206484
Grid_Cell_40,2001,0.18485096,108,792.0775,0.009377653,0.2909079,3781.0007,933.16754,0.003220568,51.092266,303.0755,27.624506,2.4640677
Grid_Cell_40,2002,0.18485096,139,735.6818,0.008942454,0.27121866,4046.7515,735.8202,0.001472161,56.15465,284.15283,28.47207,2.3859742
Grid_Cell_40,2003,0.18485068,183,715.4623,0.009843095,0.2385451,3708.799,758.0206,0.001697603,58.726368,292.5894,27.741083,2.2971296
Grid_Cell_40,2004,0.18491556,202,758.9808,0.009441802,0.28944242,3753.83,814.12964,0.002443326,53.52489,295.08542,28.251245,2.3458765
Grid_Cell_40,2005,0.18485068,114,762.6943,0.010087401,0.2980733,3804.618,862.95135,0.002931452,59.51797,305.1185,27.67782,2.4162965
Grid_Cell_40,2006,0.18485068,108,874.3191,0.008965992,0.19287893,4175.6367,1062.0763,0.00407789,50.41306,320.88037,27.791101,2.4888842
Grid_Cell_40,2007,0.18485068,184,825.47375,0.009353318,0.32517096,4114.307,921.0164,0.003458346,54.575382,314.8045,27.364038,2.5621645
Grid_Cell_40,2008,0.18491584,177,689.1643,0.009515272,0.25094435,3912.0598,922.8039,0.003657985,62.60067,299.5012,26.836298,2.4698403
Grid_Cell_40,2009,0.18485096,163,770.7198,0.009887413,0.30136302,4082.2397,772.14923,0.00219348,56.85617,288.9126,28.175867,2.5644476
Grid_Cell_40,2010,0.18485068,329,791.6561,0.009663486,0.23058559,4156.008,937.4724,0.010806716,57.293625,298.45667,28.002344,2.5227084
Grid_Cell_40,2011,0.18485096,283,676.90607,0.008958265,0.24299993,4390.364,626.9357,0.004103894,67.43503,272.73096,28.083887,2.720967
Grid_Cell_40,2012,0.18491584,691,761.31323,0.009369023,0.25526828,4136.824,935.4506,0.010181209,58.741596,286.0187,28.255,2.7656147
Grid_Cell_40,2013,0.18485096,739,712.42377,0.008772601,0.08790044,4312.183,729.7571,0.007357521,61.762245,285.8753,29.15954,2.600912
Grid_Cell_40,2014,0.18485096,959,737.9954,0.008896558,0.08430744,4358.9404,742.5626,0.005764918,60.34956,268.0545,29.046778,2.7124205
Grid_Cell_40,2015,0.18485096,955,701.2053,0.008395352,0.079305775,4514.192,710.6767,0.004717045,65.3633,258.2501,27.946985,2.8605127
Grid_Cell_40,2016,0.18491584,792,406.1654,0.008670835,0.07421522,4451.7954,282.96988,0.00143429,77.62683,192.29205,28.448633,2.7530625
Grid_Cell_40,2017,0.18485096,952,288.65753,0.008218735,0.058857907,4783.287,277.8678,0.001085702,88.81549,124.297264,28.48739,3.170428
Grid_Cell_40,2018,0.18485096,1402,366.77164,0.008576939,0.06605381,4871.0063,386.45856,0.001708843,88.83196,131.90741,29.139063,3.342515
Grid_Cell_40,2019,0.18485096,1634,550.0921,0.009260722,0.06513042,4507.759,669.708,0.006311733,76.85034,189.35332,28.44787,3.2913158
Grid_Cell_40,2020,0.18491584,2854,782.9466,0.009304008,0.06377079,4582.034,868.6703,0.013212316,63.50535,309.3247,27.682428,3.4859974
Grid_Cell_40,2021,0.18485096,3528,681.509,0.008684512,0.06423419,4569.6074,677.0823,0.005880788,65.49477,285.0257,27.959284,3.4044957
Grid_Cell_40,2022,0.18485096,3730,717.44464,0.008846787,0.07050011,4461.4,881.1644,0.009773131,60.929497,288.44366,27.087702,3.529859
Grid_Cell_40,2023,0.18485096,3549,760.1795,0.008658175,0.069767445,4566.3325,729.1545,0.004218863,55.781525,284.68628,28.509912,3.4018373
Grid_Cell_40,2024,0.18491441,4400,825.1124,0.009047098,0.07207556,4573.547,959.92474,0.011616816,65.595764,287.47287,27.899958,3.4512718
Grid_Cell_40,2025,0.18484932,5521,751.8239,0.008244737,0.07228164,4523.664,857.02814,0.010702527,59.464645,300.84244,28.36831,3.3691692
Grid_Cell_41,2000,0.17450953,142,791.14636,0.006455033,0.34057376,4399.529,765.27,0.00211768,48.509026,297.30463,29.22973,2.5620902
Grid_Cell_41,2001,0.1744504,108,788.29645,0.009386972,0.2596509,3872.7976,921.2638,0.003068897,53.14723,297.93628,27.751368,2.4203691
Grid_Cell_41,2002,0.17445068,139,733.0887,0.008838875,0.33357912,4189.712,732.0888,0.001477428,58.947456,282.52374,28.68838,2.3412824
Grid_Cell_41,2003,0.1744504,183,725.03,0.009672225,0.1856591,3911.5483,766.5354,0.001687332,60.242752,290.75803,27.9844,2.2633283
Grid_Cell_41,2004,0.1745091,202,763.2092,0.009257626,0.27168548,3874.1821,818.9957,0.002649467,54.04102,293.38043,28.423883,2.248165
Grid_Cell_41,2005,0.1744504,114,764.42017,0.009942465,0.26385286,3956.5754,846.9393,0.002731959,60.44562,302.6942,27.983728,2.3404403
Grid_Cell_41,2006,0.1744504,108,874.33954,0.008819315,0.2651609,4258.6143,1032.4508,0.003865907,52.75561,316.1958,28.263727,2.4271033
Grid_Cell_41,2007,0.17445092,184,815.0712,0.00921475,0.23612285,4183.9614,877.65875,0.003086041,56.60915,310.0616,27.790796,2.4842536
Grid_Cell_41,2008,0.17450957,177,693.7784,0.009465992,0.282887,3963.027,901.64526,0.003614286,63.955677,296.95578,27.227503,2.4025931
Grid_Cell_41,2009,0.17445068,163,764.01514,0.00977419,0.3215706,4154.605,754.43616,0.001992873,58.617752,284.94443,28.5888,2.502016
Grid_Cell_41,2010,0.17445068,329,782.70074,0.009641842,0.26370627,4212.2734,912.73285,0.010757589,59.811485,292.22174,28.349543,2.478051
Grid_Cell_41,2011,0.17445095,283,675.0895,0.009026789,0.35048974,4421.484,626.8925,0.004328535,69.3774,271.95242,28.34173,2.671481
Grid_Cell_41,2012,0.17450957,691,766.146,0.009416548,0.23165321,4179.4736,935.568,0.009501339,60.830746,285.3748,28.609552,2.7212842
Grid_Cell_41,2013,0.1744504,739,713.0556,0.008824383,0.06692217,4352.1895,729.90936,0.008496257,64.18452,284.6531,29.509302,2.5650902
Grid_Cell_41,2014,0.1744504,959,736.4467,0.008954496,0.07208418,4402.7856,742.6534,0.006165942,62.63257,266.6108,29.388453,2.6750915
Grid_Cell_41,2015,0.17445095,955,703.4906,0.00837299,0.07195162,4589.3867,710.70044,0.004755709,67.99275,256.3557,28.262445,2.8098621
Grid_Cell_41,2016,0.17450996,792,350.50568,0.008637105,0.044553243,4552.147,220.123,0.000967,83.767685,182.85133,28.702845,2.7134109
Grid_Cell_41,2017,0.17445095,952,225.45917,0.008228685,0.05624697,4857.8677,214.51068,0.00058,96.51142,111.54252,28.708704,3.108647
Grid_Cell_41,2018,0.1744504,1402,367.20258,0.008619247,0.058687504,4910.216,391.40817,0.00186549,92.40181,126.45342,29.259333,3.277652
Grid_Cell_41,2019,0.17445095,1634,564.07166,0.009308259,0.052290857,4519.3096,711.7632,0.006377171,78.3764,191.22557,28.499598,3.191624
Grid_Cell_41,2020,0.17451009,2854,780.59216,0.009312677,0.048364647,4604.4224,867.4576,0.012048067,65.74404,309.6544,27.74206,3.3429646
Grid_Cell_41,2021,0.17445095,3528,681.39233,0.008679635,0.055521905,4606.3994,676.2582,0.0057265,67.125206,285.5072,28.053186,3.3155572
Grid_Cell_41,2022,0.17445095,3730,720.7311,0.008836067,0.062433444,4520.4126,882.7532,0.009558661,63.219097,288.60263,27.22729,3.4465373
Grid_Cell_41,2023,0.17445095,3549,759.0066,0.008666274,0.045744013,4602.1196,729.1188,0.004184192,57.229992,285.16678,28.669764,3.321358
Grid_Cell_41,2024,0.17450817,4400,817.49396,0.009042566,0.0633356,4600.9385,959.93304,0.012473097,68.25494,287.328,27.997553,3.3341525
Grid_Cell_41,2025,0.17444862,5521,751.13965,0.008269112,0.045138285,4571.5776,857.5157,0.010857692,61.854736,300.54184,28.451288,3.3105173
Grid_Cell_42,2000,0.16347434,142,757.84985,0.006428692,0.31812358,4445.3965,746.7632,0.002126891,53.17223,291.31357,29.021235,2.5123806
Grid_Cell_42,2001,0.16341452,108,749.8322,0.009341448,0.25069994,3874.373,903.9276,0.003205884,56.03405,291.6343,27.725641,2.3818073
Grid_Cell_42,2002,0.16341452,139,695.1375,0.00866634,0.33867925,4190.9604,721.0015,0.001773456,58.550747,282.51248,28.778833,2.3069332
Grid_Cell_42,2003,0.16341452,183,705.1569,0.009434613,0.1394024,3965.3533,777.93695,0.001999695,58.819046,294.04214,28.110895,2.2517529
Grid_Cell_42,2004,0.16347349,202,745.51117,0.009008938,0.24677438,3962.5046,823.7218,0.00331625,56.070637,292.98703,28.474665,2.1633286
Grid_Cell_42,2005,0.16341452,114,741.9669,0.009711873,0.23582648,4017.9976,829.75214,0.002912661,61.281322,299.0224,28.283564,2.2626321
Grid_Cell_42,2006,0.16341452,108,839.2352,0.008593448,0.22660168,4126.422,998.0831,0.004265808,53.229343,308.6257,29.001307,2.3621376
Grid_Cell_42,2007,0.16341452,184,781.94,0.008983105,0.22136953,4125.7085,830.98334,0.002831432,58.79632,302.52234,28.533075,2.4280548
Grid_Cell_42,2008,0.16347349,177,669.4726,0.009328038,0.22233324,3883.1797,876.97437,0.003812627,64.605225,292.61972,27.837763,2.3429277
Grid_Cell_42,2009,0.16341452,163,731.6767,0.009548434,0.2574516,4084.2468,734.306,0.002051343,58.86656,280.74792,29.21554,2.4441051
Grid_Cell_42,2010,0.16341452,329,761.42584,0.009424301,0.1033906,4153.404,883.0479,0.007467404,60.328964,286.14685,29.159723,2.4592495
Grid_Cell_42,2011,0.16341452,283,703.0691,0.008866583,0.20642157,4334.064,699.31726,0.004469825,67.579865,279.5679,28.984034,2.6665494
Grid_Cell_42,2012,0.16347349,691,745.5528,0.009241882,0.23990087,4148.42,881.08435,0.009563862,62.050426,286.3122,29.245264,2.7146926
Grid_Cell_42,2013,0.16341452,739,683.94525,0.008646239,0.052003548,4321.541,711.09357,0.00913362,65.99774,277.59717,30.127283,2.5590286
Grid_Cell_42,2014,0.16341452,959,688.7312,0.008786081,0.05808502,4399.4487,707.4896,0.007693596,65.874664,256.94916,30.030268,2.6751602
Grid_Cell_42,2015,0.16341452,955,687.32733,0.008392369,0.055839855,4443.5107,722.4606,0.005167665,69.369896,253.05794,28.872126,2.7052045
Grid_Cell_42,2016,0.16347349,792,365.0415,0.008645944,0.046549667,4406.4487,239.6833,0.000895,82.62759,191.23409,29.257318,2.625945
Grid_Cell_42,2017,0.16341452,952,253.81133,0.008329414,0.04743969,4547.3374,238.21237,0.000569,95.482346,119.76183,29.205194,2.7038867
Grid_Cell_42,2018,0.16341452,1402,435.92728,0.008804343,0.047863957,4426.49,503.39667,0.003463637,88.21201,147.11739,29.398798,2.586693
Grid_Cell_42,2019,0.16341452,1634,580.9553,0.009439965,0.04572118,4109.0073,783.5411,0.010833329,77.20761,216.1909,28.569483,2.5247746
Grid_Cell_42,2020,0.16347349,2854,713.18726,0.009378917,0.052871622,4187.6235,827.80383,0.013471772,69.74193,306.46677,27.797174,2.6703212
Grid_Cell_42,2021,0.16341452,3528,656.24023,0.008711218,0.04815493,4212.122,697.8755,0.006305206,69.10903,289.478,28.129358,2.6753175
Grid_Cell_42,2022,0.16341452,3730,700.60205,0.008898619,0.048681457,4121.007,911.53406,0.012957884,66.29536,295.1088,27.243769,2.756503
Grid_Cell_42,2023,0.16341452,3549,748.90967,0.008697836,0.048938304,4193.425,760.40533,0.005070702,58.62546,294.81012,28.776789,2.6729333
Grid_Cell_42,2024,0.1634738,4400,772.7585,0.009086496,0.0501523,4196.8193,982.2956,0.017125294,71.17146,294.06134,28.003626,2.6590183
Grid_Cell_42,2025,0.16341439,5521,686.4478,0.00835424,0.049360797,4197.488,754.8677,0.007642048,67.87743,297.4259,28.424006,2.66162
Grid_Cell_43,2000,0.16614704,142,767.6221,0.006364923,0.33226553,4622.037,724.841,0.001841606,53.139954,268.90802,28.769617,2.4917793
Grid_Cell_43,2001,0.16608931,108,751.8129,0.009255652,0.30310646,4042.2102,882.67865,0.002789456,57.289326,264.78036,27.628504,2.363417
Grid_Cell_43,2002,0.16608931,139,698.84625,0.008490906,0.38155043,4358.8584,704.5963,0.001676603,59.22784,263.57373,28.790888,2.2934058
Grid_Cell_43,2003,0.16608931,183,719.15375,0.009393791,0.25039697,4087.356,787.27356,0.00199912,58.557858,275.40506,28.136194,2.2318215
Grid_Cell_43,2004,0.16614698,202,758.4681,0.008973428,0.32038233,4057.0496,823.5775,0.003342985,55.791996,275.7709,28.407679,2.1011019
Grid_Cell_43,2005,0.16608931,114,748.52686,0.00968802,0.2630614,4126.9385,810.9007,0.002759079,60.907078,280.0189,28.254938,2.1990705
Grid_Cell_43,2006,0.16608931,108,837.072,0.00849252,0.2500086,4204.2046,968.80536,0.004384134,53.076744,286.72168,29.056879,2.2747746
Grid_Cell_43,2007,0.16608931,184,776.9904,0.008904691,0.17515491,4221.333,787.82,0.002414319,59.31422,280.82074,28.603785,2.3676782
Grid_Cell_43,2008,0.16614698,177,679.62274,0.009333523,0.17635748,3963.6968,851.88666,0.003515366,64.72664,270.7695,27.863703,2.2682693
Grid_Cell_43,2009,0.16608931,163,732.477,0.009477163,0.29024905,4160.8584,715.73224,0.001779346,58.449284,262.87463,29.238855,2.362564
Grid_Cell_43,2010,0.16608931,329,770.9125,0.009278818,0.122505635,4274.6523,859.2609,0.006651729,59.687244,263.916,29.350977,2.4137359
Grid_Cell_43,2011,0.16608931,283,726.8896,0.008728673,0.31310177,4477.8667,703.17395,0.003899264,67.27573,259.2986,29.18429,2.6288097
Grid_Cell_43,2012,0.16614698,691,767.30054,0.009073406,0.26447597,4296.331,877.9157,0.00926389,61.494503,263.37582,29.500788,2.6825204
Grid_Cell_43,2013,0.16608931,739,710.28864,0.008499328,0.06426812,4450.672,710.2059,0.006262541,64.85913,257.6893,30.357782,2.5257752
Grid_Cell_43,2014,0.16608931,959,702.31116,0.008663106,0.062802665,4543.5,705.28754,0.006495394,66.42851,236.3161,30.251764,2.6396806
Grid_Cell_43,2015,0.16608931,955,700.56055,0.00836077,0.051004034,4563.884,724.4683,0.005650144,69.195755,233.22476,28.96551,2.66428
Grid_Cell_43,2016,0.16614698,792,351.8735,0.008598956,0.06830846,4574.2026,228.44212,0.000565,84.86427,169.45355,29.36529,2.6086977
Grid_Cell_43,2017,0.16608931,952,303.8542,0.008345979,0.045417577,4669.887,303.44437,0.000853,93.971275,112.104866,29.273737,2.6503594
Grid_Cell_43,2018,0.16608931,1402,490.05475,0.008807668,0.04435934,4514.5015,578.67804,0.005309504,85.22625,154.22241,29.491968,2.5463164
Grid_Cell_43,2019,0.16608931,1634,609.82477,0.009468231,0.043050848,4235.2607,768.48157,0.010325602,76.268326,212.42474,28.702692,2.523884
Grid_Cell_43,2020,0.16614698,2854,732.94995,0.009354286,0.0498449,4356.9683,819.98553,0.012074782,69.251625,287.3822,27.874475,2.7382858
Grid_Cell_43,2021,0.16608931,3528,685.7566,0.008688331,0.046646595,4427.8706,701.0896,0.006498856,69.3194,268.95236,28.269922,2.761482
Grid_Cell_43,2022,0.16608931,3730,720.45996,0.008923249,0.051653303,4274.5874,924.93036,0.014524812,65.919914,273.98608,27.327204,2.8058865
Grid_Cell_43,2023,0.16608931,3549,780.7773,0.008708733,0.04960028,4368.3813,764.37537,0.004760623,57.69407,275.64456,28.901606,2.7611182
Grid_Cell_43,2024,0.16614693,4400,789.4185,0.009065414,0.055800233,4367.7344,986.0588,0.019792363,71.02929,270.93723,28.128412,2.7258992
Grid_Cell_43,2025,0.16608904,5521,701.44965,0.008375944,0.050817885,4374.3105,737.0149,0.007621175,68.17979,276.608,28.50802,2.7540455
Grid_Cell_44,2000,0.18739042,142,736.86505,0.006208876,0.3327152,4506.231,702.5256,0.001990062,50.08259,227.09935,29.023249,2.4866545
Grid_Cell_44,2001,0.18733177,108,721.2749,0.009117183,0.2654934,3954.4668,859.46185,0.002839678,53.785133,222.90121,27.875544,2.368965
Grid_Cell_44,2002,0.18733177,139,674.7126,0.008374882,0.3081149,4257.121,685.7352,0.001797593,55.90334,225.1664,28.86654,2.288714
Grid_Cell_44,2003,0.18733177,183,700.8963,0.009371763,0.13726434,3981.0417,791.343,0.002260617,53.956234,236.49176,28.161524,2.237472
Grid_Cell_44,2004,0.18739241,202,735.4203,0.008961489,0.29693002,3974.6575,812.17694,0.003224659,53.176792,235.33824,28.354975,2.072345
Grid_Cell_44,2005,0.18733177,114,724.98175,0.00969513,0.23954123,4051.6655,789.1063,0.002764284,58.38872,237.59293,28.226831,2.1578376
Grid_Cell_44,2006,0.18733177,108,809.39166,0.008421195,0.21853931,4102.7334,958.0475,0.004551794,50.102596,242.32303,29.027796,2.2035758
Grid_Cell_44,2007,0.18733206,184,744.58716,0.008852355,0.21323828,4115.248,760.86975,0.002240733,56.17703,236.89359,28.622461,2.3141851
Grid_Cell_44,2008,0.18739289,177,655.36755,0.009352307,0.24291606,3861.557,824.05676,0.003382312,61.62207,229.03397,27.862665,2.210175
Grid_Cell_44,2009,0.18733206,163,714.28656,0.009420626,0.2817692,4058.7822,704.08875,0.001679719,55.06713,225.19635,29.245691,2.293831
Grid_Cell_44,2010,0.18733206,329,762.64514,0.009143948,0.11989101,4176.5664,850.8704,0.005092291,55.376587,225.8236,29.45138,2.314044
Grid_Cell_44,2011,0.18733233,283,723.3914,0.008537525,0.3306776,4364.5464,703.29926,0.003385521,63.26935,221.81007,29.304712,2.490385
Grid_Cell_44,2012,0.18739289,691,765.05164,0.008876674,0.25125432,4184.1763,878.0881,0.00822278,57.00952,224.67247,29.658258,2.55431
Grid_Cell_44,2013,0.18733177,739,701.5212,0.008363126,0.05505448,4311.344,710.39703,0.00695549,60.225285,220.97443,30.442926,2.4075902
Grid_Cell_44,2014,0.18733177,959,704.064,0.008503061,0.05721432,4392.9443,705.443,0.004581891,61.0644,204.81595,30.389002,2.5234478
Grid_Cell_44,2015,0.18733206,955,693.12695,0.008245178,0.052992355,4454.188,724.3852,0.006950795,64.15612,202.32713,29.0516,2.5873964
Grid_Cell_44,2016,0.18739344,792,322.1082,0.008483523,0.05419227,4498.8413,201.05923,0.000578,82.07241,141.95332,29.462427,2.538445
Grid_Cell_44,2017,0.18733233,952,250.63937,0.008274893,0.046716955,4651.6826,249.55992,0.000627,92.13661,86.9957,29.305872,2.7322772
Grid_Cell_44,2018,0.18733177,1402,456.8415,0.00871034,0.04942252,4602.052,523.3086,0.005486058,83.49244,125.384766,29.514063,2.8224807
Grid_Cell_44,2019,0.18733233,1634,571.7504,0.009407204,0.044810735,4336.3853,691.5294,0.007669983,74.37817,168.31862,28.816584,2.852617
Grid_Cell_44,2020,0.18739344,2854,735.23975,0.009288414,0.05363285,4491.047,821.4988,0.013176619,64.85623,241.34575,27.871912,3.142794
Grid_Cell_44,2021,0.18733259,3528,687.5851,0.008641047,0.051020842,4565.6514,701.3228,0.006949182,64.41398,225.80692,28.364618,3.1470983
Grid_Cell_44,2022,0.18733238,3730,738.2098,0.008878578,0.05223411,4374.448,941.0353,0.014417147,60.226883,230.51556,27.487268,3.1731467
Grid_Cell_44,2023,0.18733259,3549,779.9187,0.008729463,0.0455309,4456.2085,764.31274,0.0045805,53.6085,232.35202,28.97204,3.0931387
Grid_Cell_44,2024,0.1873919,4400,790.85376,0.008997159,0.050138444,4486.1074,986.04285,0.019477848,65.24832,226.4612,28.293787,3.132031
Grid_Cell_44,2025,0.18732877,5521,709.7,0.008325701,0.04742591,4508.162,737.1045,0.006634219,63.18327,232.07251,28.652185,3.1317499
Grid_Cell_45,2000,0.20967615,142,717.8529,0.00606437,0.2599297,4337.8867,681.81647,0.002151616,45.362698,225.29135,29.31869,2.5032928
Grid_Cell_45,2001,0.20962,108,699.64136,0.008995249,0.21825534,3850.5276,836.11224,0.002812962,49.870846,221.10945,28.164179,2.391739
Grid_Cell_45,2002,0.20961972,139,661.4059,0.008293991,0.2422721,4088.3572,666.19476,0.001804843,52.25875,223.50761,29.027857,2.3029263
Grid_Cell_45,2003,0.20962,183,689.7961,0.00953226,0.18691824,3823.3738,791.72314,0.002385904,53.780323,234.60905,28.314875,2.2365818
Grid_Cell_45,2004,0.209678,202,713.68976,0.00916211,0.24904914,3723.7415,791.6581,0.002838654,49.164288,235.15886,28.531794,2.0991893
Grid_Cell_45,2005,0.20961972,114,709.10364,0.009824455,0.25736228,3811.7292,760.1332,0.002577223,55.35961,235.56097,28.302881,2.139584
Grid_Cell_45,2006,0.20961995,108,798.9502,0.008412006,0.16053817,4039.6548,959.35425,0.004519302,46.73913,240.30782,28.704584,2.1397061
Grid_Cell_45,2007,0.20961972,184,726.5598,0.008882448,0.19101402,4003.3533,738.87555,0.002048308,53.057777,234.76994,28.30282,2.2486372
Grid_Cell_45,2008,0.20967813,177,642.7047,0.009419646,0.16737086,3734.251,786.5917,0.003209344,57.824493,227.2157,27.64654,2.1567256
Grid_Cell_45,2009,0.20962,163,704.85815,0.00943179,0.22994012,3925.4243,694.683,0.00149851,51.10579,224.447,29.01327,2.2352352
Grid_Cell_45,2010,0.20962,329,746.65356,0.009087164,0.17382886,4022.929,848.9351,0.00891174,50.416428,225.16443,29.283075,2.189318
Grid_Cell_45,2011,0.20962,283,719.9862,0.008375717,0.28077605,4169.079,698.3971,0.003856336,57.977936,221.1431,29.41015,2.313022
Grid_Cell_45,2012,0.20967813,691,765.8239,0.008681353,0.26374692,4020.0637,877.0024,0.010104043,52.511547,223.60657,29.848352,2.3978894
Grid_Cell_45,2013,0.20962,739,689.531,0.00823915,0.07402002,4120.8315,706.7531,0.008937346,54.81832,219.38557,30.575312,2.2725902
Grid_Cell_45,2014,0.20961972,959,694.9056,0.008400615,0.07394146,4214.31,697.3592,0.007733665,56.243256,203.58665,30.49389,2.39903
Grid_Cell_45,2015,0.20962,955,692.3936,0.008115369,0.07415568,4230.232,722.8883,0.00483362,57.998253,199.65755,29.195002,2.4009237
Grid_Cell_45,2016,0.20967813,792,355.70456,0.008367245,0.07069679,4265.1426,228.07162,0.001033999,73.97672,143.86023,29.581812,2.3324683
Grid_Cell_45,2017,0.20962,952,239.35445,0.008190637,0.054708596,4503.0137,237.94775,0.000653,86.49431,83.92787,29.409388,2.6691608
Grid_Cell_45,2018,0.20962,1402,439.0377,0.008584486,0.05805122,4546.325,499.5367,0.007535041,79.07253,122.44144,29.559015,2.9202204
Grid_Cell_45,2019,0.20961972,1634,576.58453,0.009345382,0.05379709,4266.1846,704.3371,0.005957319,68.826904,163.708,28.907373,2.9284048
Grid_Cell_45,2020,0.20967813,2854,746.0631,0.009189323,0.05794729,4401.4062,820.5736,0.011969372,58.16509,239.13547,27.939356,3.1893444
Grid_Cell_45,2021,0.20962,3528,703.2904,0.008582183,0.057442766,4466.9414,704.0239,0.004949531,57.65687,223.36868,28.449488,3.189975
Grid_Cell_45,2022,0.20962,3730,766.85675,0.008835246,0.05941836,4264.52,966.11835,0.016106192,52.89267,231.79169,27.626276,3.2397563
Grid_Cell_45,2023,0.20962,3549,778.8549,0.008738183,0.056007575,4338.8706,760.34595,0.004759435,48.326134,230.98207,29.04754,3.1265635
Grid_Cell_45,2024,0.20967506,4400,811.7581,0.008930717,0.061975084,4396.044,985.17444,0.011891918,57.36254,225.33977,28.416834,3.2117841
Grid_Cell_45,2025,0.20961645,5521,722.32367,0.008293284,0.06349913,4399.02,738.38025,0.004609631,56.42704,230.95522,28.764978,3.1701496
Grid_Cell_46,2000,0.17843874,142,683.5049,0.005900697,0.32754034,4534.2363,650.13074,0.001211773,56.48746,242.36511,29.64535,2.5216734
Grid_Cell_46,2001,0.17838739,108,633.4082,0.008787724,0.28058097,4041.7546,798.74097,0.001904798,58.182228,231.75775,28.56991,2.4016361
Grid_Cell_46,2002,0.17838766,139,620.33673,0.008083557,0.35484537,4225.022,635.9774,0.000991,60.136177,244.71533,29.267511,2.3086112
Grid_Cell_46,2003,0.17838766,183,626.74243,0.0096049,0.21658124,3811.3296,788.8255,0.001657791,61.89326,259.27777,28.573694,2.2377803
Grid_Cell_46,2004,0.17843933,202,647.6893,0.009255843,0.36369428,3806.115,744.3433,0.00151071,59.993446,252.8541,28.865656,2.2030487
Grid_Cell_46,2005,0.17838757,114,642.60156,0.0099369,0.2833328,3919.5024,699.87885,0.001488599,66.14093,251.71901,28.597315,2.1586595
Grid_Cell_46,2006,0.17838766,108,735.00336,0.00833914,0.31308496,4399.7915,964.6064,0.002835329,58.661335,258.2662,28.554163,2.1385758
Grid_Cell_46,2007,0.17838766,184,660.6582,0.008875506,0.29619312,4294.154,697.6919,0.001356236,66.30705,253.40054,28.175867,2.204459
Grid_Cell_46,2008,0.17843933,177,587.9012,0.009471453,0.3060404,3942.6804,709.8368,0.001541551,68.76409,242.596,27.729456,2.1701477
Grid_Cell_46,2009,0.17838739,163,669.11127,0.009381916,0.3436442,4157.935,675.63074,0.000874,60.758575,240.81166,29.016169,2.2591393
Grid_Cell_46,2010,0.17838766,329,666.0856,0.009139609,0.21777998,4218.88,805.9803,0.00407936,62.198658,244.26111,28.98971,2.1369207
Grid_Cell_46,2011,0.17838766,283,646.2751,0.008394402,0.31916958,4332.6567,619.6478,0.001401517,68.82046,234.71336,29.040522,2.2355905
Grid_Cell_46,2012,0.17843933,691,709.0785,0.008675632,0.36082816,4170.281,859.4562,0.006359488,61.94277,242.1567,29.596216,2.31722
Grid_Cell_46,2013,0.17838766,739,619.74255,0.008285479,0.060499337,4316.559,646.10675,0.003656151,65.53786,238.39198,30.21078,2.203378
Grid_Cell_46,2014,0.17838766,959,611.6538,0.008470465,0.07268209,4413.359,559.1041,0.001800675,67.69869,206.0431,30.201258,2.3618724
Grid_Cell_46,2015,0.17838766,955,625.0459,0.008002209,0.05920519,4390.1514,632.62726,0.001532,65.988434,193.982,29.278162,2.3382182
Grid_Cell_46,2016,0.17843907,792,421.7697,0.008292901,0.045849614,4324.6157,352.41913,0.002997247,73.79066,158.98451,29.651697,2.2316484
Grid_Cell_46,2017,0.17838766,952,344.19003,0.007982513,0.043058716,4618.807,341.72495,0.000969,81.04655,109.9291,29.882746,2.6913526
Grid_Cell_46,2018,0.17838766,1402,529.7631,0.008286106,0.053665724,4726.9023,646.80334,0.009129778,75.79033,160.05846,30.63305,3.0214534
Grid_Cell_46,2019,0.17838766,1634,629.31226,0.009206279,0.048804946,4448.483,798.3641,0.00602435,68.2618,208.8396,29.741724,2.9810417
Grid_Cell_46,2020,0.17843933,2854,716.1556,0.008979002,0.041800912,4531.69,868.7059,0.004597367,63.78375,260.55304,28.753443,3.1399593
Grid_Cell_46,2021,0.17838766,3528,693.0488,0.00857871,0.044137277,4588.7666,666.93994,0.002014048,62.39215,236.76472,29.24682,3.1809683
Grid_Cell_46,2022,0.17838766,3730,744.51807,0.008903999,0.05592895,4413.229,924.72736,0.003943267,58.41413,238.63165,28.254572,3.2382495
Grid_Cell_46,2023,0.17838766,3549,698.5299,0.008832432,0.04458897,4498.458,645.5268,0.002465808,59.104195,229.58992,29.63946,3.1544745
Grid_Cell_46,2024,0.17844,4400,728.6497,0.008943483,0.04926542,4506.947,932.8785,0.003068317,68.09423,221.08066,29.008173,3.2034757
Grid_Cell_46,2025,0.17838697,5521,670.66876,0.008344275,0.037987597,4476.779,755.0599,0.002587653,64.99295,246.21008,29.469477,3.1506963
Grid_Cell_47,2000,0.21552418,142,674.2596,0.006501763,0.20827594,4218.474,707.3416,0.001156252,49.325783,213.70616,27.67135,2.4205801
Grid_Cell_47,2001,0.21544082,108,649.3026,0.009359844,0.22295916,3665.4722,892.59625,0.002124709,56.460907,215.68103,26.413904,2.3218074
Grid_Cell_47,2002,0.21544082,139,626.8599,0.008704587,0.23175384,4007.8481,668.74896,0.000862,59.01113,202.82465,27.67953,2.3514879
Grid_Cell_47,2003,0.21544082,183,628.1151,0.009529654,0.13475733,3690.0679,787.01117,0.00141463,56.678787,217.26198,27.166193,2.323979
Grid_Cell_47,2004,0.21552767,202,640.33844,0.009020266,0.23179731,3870.2769,724.3339,0.001144092,56.58099,208.08536,27.818445,2.3798246
Grid_Cell_47,2005,0.21544082,114,640.5312,0.009796976,0.18728048,3760.892,855.8633,0.002214966,59.530518,213.84653,27.491053,2.3973238
Grid_Cell_47,2006,0.21544082,108,686.0967,0.008963708,0.12204126,3928.7056,946.95374,0.002348962,55.009014,223.25705,28.184443,2.481384
Grid_Cell_47,2007,0.21544082,184,699.2358,0.009215791,0.19931324,3909.0916,910.73157,0.002628818,54.739143,226.90125,27.763086,2.587062
Grid_Cell_47,2008,0.21552815,177,576.6945,0.008987662,0.20327309,3840.9592,834.8941,0.002015874,63.371136,203.57957,27.106562,2.5490413
Grid_Cell_47,2009,0.21544082,163,672.186,0.009239529,0.1922498,4030.4841,737.8182,0.001346962,56.255253,201.82631,28.561365,2.588009
Grid_Cell_47,2010,0.21544054,329,701.30005,0.009213222,0.17454751,3983.3835,929.16614,0.005365678,55.573673,216.49084,28.399286,2.519592
Grid_Cell_47,2011,0.21544081,283,696.1992,0.008485751,0.12035298,4414.143,709.5319,0.00224499,62.13881,206.59946,28.527643,3.0653508
Grid_Cell_47,2012,0.21552815,691,722.99615,0.008852978,0.12722714,4273.4136,990.6839,0.007837664,56.55665,213.45692,28.676325,3.1570764
Grid_Cell_47,2013,0.21544082,739,659.9023,0.008278396,0.08765343,4401.618,695.4617,0.003021068,57.64429,200.3771,29.66607,2.9669738
Grid_Cell_47,2014,0.21544082,959,679.6225,0.008444846,0.09353797,4460.5757,693.8439,0.003795716,58.664726,189.47794,29.47323,3.0981739
Grid_Cell_47,2015,0.21544082,955,643.44476,0.008084633,0.090229824,4761.8003,695.62585,0.003780829,62.969856,185.60464,28.641748,3.3911977
Grid_Cell_47,2016,0.21552815,792,409.55057,0.008488249,0.09234626,4639.6353,295.01022,0.000955,77.08039,139.11084,29.084742,3.2200706
Grid_Cell_47,2017,0.21544081,952,251.755,0.007989394,0.093757294,4954.9014,241.69427,0.000803,89.383354,75.179146,28.709894,3.6492293
Grid_Cell_47,2018,0.21544082,1402,278.8143,0.008391343,0.09358894,5014.024,283.3261,0.000779,93.5646,73.63218,28.389704,3.8184054
Grid_Cell_47,2019,0.21544082,1634,439.37592,0.008850776,0.09063686,4814.979,499.19327,0.003313469,81.58429,108.621216,28.057428,3.871213
Grid_Cell_47,2020,0.21552815,2854,755.1943,0.008876847,0.088223524,4929.3555,867.0914,0.00393291,61.307056,209.05444,27.43432,4.1236
Grid_Cell_47,2021,0.21544081,3528,692.5055,0.008232991,0.09444554,4860.783,715.4935,0.00424236,61.133358,189.83626,27.677637,4.0052147
Grid_Cell_47,2022,0.21544081,3730,656.403,0.008493352,0.093387775,4738.367,854.37286,0.005902072,61.65838,185.23312,26.691462,4.071948
Grid_Cell_47,2023,0.21544081,3549,793.98676,0.008231148,0.09579987,4854.0986,869.33954,0.004266384,51.734257,201.86792,28.083612,3.905228
Grid_Cell_47,2024,0.21552601,4400,747.19165,0.008737839,0.096328214,4809.507,916.2891,0.008409631,63.51434,196.33607,27.467554,3.997996
Grid_Cell_47,2025,0.21543837,5521,688.6374,0.007917875,0.09504048,4752.358,822.54926,0.005450947,57.446518,195.90952,27.979578,3.9216366
Grid_Cell_48,2000,0.21821381,142,710.6439,0.006470885,0.22627693,4282.2954,695.4835,0.001731377,46.24294,234.65869,27.555048,2.4876113
Grid_Cell_48,2001,0.2181304,108,722.06,0.009203645,0.2233258,3730.1401,879.7561,0.003259657,51.48817,239.62642,26.406244,2.376602
Grid_Cell_48,2002,0.2181304,139,655.0015,0.008548323,0.22320756,4073.5112,646.78064,0.001240777,55.981064,221.981,27.68545,2.3991249
Grid_Cell_48,2003,0.2181304,183,674.96765,0.009386636,0.21303855,3726.705,766.692,0.002081935,51.449337,235.17711,27.135187,2.366479
Grid_Cell_48,2004,0.2182172,202,692.56665,0.008891461,0.16474968,3935.6514,726.87354,0.001866185,52.455853,232.17525,27.81515,2.4231308
Grid_Cell_48,2005,0.2181304,114,700.8481,0.009728818,0.24407591,3790.5461,852.19775,0.003730223,53.964222,240.81123,27.510553,2.4566731
Grid_Cell_48,2006,0.2181304,108,762.4321,0.008895417,0.21819276,3887.3474,936.0868,0.003918469,47.57661,250.64468,28.37298,2.5410075
Grid_Cell_48,2007,0.2181304,184,769.53516,0.009135784,0.24773462,3906.496,905.35754,0.004026034,48.227997,250.13971,28.017054,2.6709316
Grid_Cell_48,2008,0.2182172,177,631.4312,0.008986337,0.22048199,3849.995,839.5846,0.003412896,59.061256,235.68463,27.28692,2.608638
Grid_Cell_48,2009,0.2181304,163,701.4778,0.009228725,0.17589577,4028.3313,713.5322,0.00193711,52.271027,227.21977,28.761255,2.6585572
Grid_Cell_48,2010,0.2181304,329,753.2524,0.009151639,0.2371524,3979.4846,900.3701,0.008631188,50.620426,238.47395,28.671778,2.5898316
Grid_Cell_48,2011,0.2181304,283,710.3159,0.008471793,0.18194392,4423.2656,685.7222,0.003386031,59.545475,224.78548,28.586756,3.1000082
Grid_Cell_48,2012,0.2182172,691,759.4704,0.008853289,0.23375471,4268.211,921.016,0.010796684,53.327396,231.9724,28.766504,3.1539686
Grid_Cell_48,2013,0.2181304,739,683.3545,0.008231561,0.089582615,4406.1885,677.5942,0.005286891,55.82483,222.07663,29.76272,2.9776587
Grid_Cell_48,2014,0.2181304,959,656.90686,0.008411839,0.096233,4497.429,637.8566,0.006264808,59.596107,198.91032,29.55755,3.1128314
Grid_Cell_48,2015,0.2181304,955,634.07794,0.008098684,0.09635672,4795.5874,680.05975,0.004948455,63.034264,189.97069,28.642878,3.3964717
Grid_Cell_48,2016,0.2182172,792,399.44464,0.0084845,0.094703354,4642.543,281.48572,0.00114055,76.87487,150.07417,29.038416,3.2144012
Grid_Cell_48,2017,0.2181304,952,268.44424,0.008057305,0.09748015,4993.6543,264.23495,0.001465271,87.16515,92.770096,28.718805,3.6709416
Grid_Cell_48,2018,0.2181304,1402,296.12344,0.008473497,0.09633185,5082.1367,302.54688,0.001343997,91.903244,92.95831,28.371424,3.8736107
Grid_Cell_48,2019,0.2181304,1634,407.27075,0.008923759,0.097068734,4849.288,449.4733,0.002168367,82.09334,116.37765,28.20791,3.8230622
Grid_Cell_48,2020,0.2182172,2854,778.54144,0.008921519,0.09001885,4947.387,827.9729,0.005995359,58.479664,238.36845,27.77801,4.0645494
Grid_Cell_48,2021,0.2181304,3528,714.9361,0.00830731,0.09053805,4870.6704,718.51324,0.006583781,58.730698,225.01605,27.969507,3.9052148
Grid_Cell_48,2022,0.2181304,3730,698.0089,0.008557865,0.09328518,4713.943,847.5051,0.009537288,58.246304,225.23233,26.973963,3.9637976
Grid_Cell_48,2023,0.2181304,3549,824.96655,0.008333645,0.10103177,4783.4243,873.72974,0.008171332,48.663128,238.07808,28.31573,3.770536
Grid_Cell_48,2024,0.21821707,4400,795.15625,0.008771877,0.09563539,4789.4585,919.7396,0.014750688,59.033173,235.76494,27.77279,3.8843954
Grid_Cell_48,2025,0.21813013,5521,727.21497,0.007977083,0.09047923,4699.446,818.8145,0.009175311,54.09181,235.44737,28.23495,3.793948
Grid_Cell_49,2000,0.21404879,142,615.9303,0.006455924,0.23671073,4371.1157,690.70953,0.000383,55.646484,171.59929,27.8128,2.545213
Grid_Cell_49,2001,0.21397835,108,591.042,0.009142615,0.25376427,3850.8328,869.2218,0.000649,61.596775,175.16574,26.659296,2.4164991
Grid_Cell_49,2002,0.21397835,139,568.7786,0.008523529,0.19286716,4120.6577,636.6751,0.000278,62.97113,160.55684,27.878656,2.4270358
Grid_Cell_49,2003,0.21397835,183,554.04333,0.009439596,0.08549154,3798.3684,749.0848,0.000446,61.30323,175.47426,27.290918,2.3892872
Grid_Cell_49,2004,0.21405219,202,579.25574,0.008961028,0.17025527,4003.7139,728.7283,0.000423,61.632,166.77354,27.981745,2.4535952
Grid_Cell_49,2005,0.21397835,114,567.9217,0.009771451,0.222026,3840.163,846.41437,0.000742,65.12149,174.37595,27.672266,2.510817
Grid_Cell_49,2006,0.21397835,108,612.17065,0.008893534,0.11037449,3958.0828,936.0317,0.000768,59.364147,180.80595,28.533808,2.5837128
Grid_Cell_49,2007,0.21397835,184,617.3405,0.009133095,0.15322207,4027.0781,899.78796,0.000752,60.897892,183.2619,28.208246,2.729048
Grid_Cell_49,2008,0.21405219,177,494.3067,0.009065257,0.13037202,3933.7932,843.8616,0.000709,71.16271,161.98718,27.455927,2.6527638
Grid_Cell_49,2009,0.21397835,163,601.15436,0.009316708,0.2138558,4118.0786,703.1416,0.000436,61.559025,159.62259,28.921076,2.7071187
Grid_Cell_49,2010,0.21397808,329,627.5738,0.009124445,0.21058512,4139.051,899.0007,0.00214936,61.687042,177.29857,28.947443,2.662503
Grid_Cell_49,2011,0.21397835,283,631.4456,0.008417973,0.10389161,4483.4062,685.7006,0.000932,67.20689,169.69513,28.803675,3.0902138
Grid_Cell_49,2012,0.21405219,691,631.6796,0.008828064,0.1992159,4302.3003,921.04724,0.00278471,64.38974,176.37334,28.967035,3.0894876
Grid_Cell_49,2013,0.21397835,739,586.8349,0.008199715,0.08172076,4457.657,677.45917,0.001479144,63.51544,161.91945,29.973902,2.9234464
Grid_Cell_49,2014,0.21397835,959,612.87415,0.008366376,0.079526775,4506.7134,637.8566,0.001497575,66.11945,156.39339,29.776026,3.0386531
Grid_Cell_49,2015,0.21397835,955,592.66315,0.008127458,0.07743726,4647.4546,680.12787,0.001289993,69.67703,158.88087,28.718897,3.2626019
Grid_Cell_49,2016,0.21405219,792,331.67236,0.008471873,0.08066343,4555.451,228.2235,0.0002,84.64366,104.76289,29.111475,3.0964367
Grid_Cell_49,2017,0.21397835,952,271.1788,0.008138767,0.082413495,4825.685,272.9711,0.000653,91.068886,60.01965,28.767725,3.6094348
Grid_Cell_49,2018,0.21397835,1402,272.98447,0.008567148,0.081257336,4964.2393,272.91275,0.000333,96.72418,57.964718,28.240503,3.9091587
Grid_Cell_49,2019,0.21397835,1634,375.3276,0.00902894,0.08143796,4777.8643,415.17685,0.000524,87.20495,76.77099,28.276667,3.8429937
Grid_Cell_49,2020,0.21405219,2854,666.5391,0.009020846,0.07710908,4994.9297,829.47437,0.001721387,67.53511,167.61134,28.102625,4.114481
Grid_Cell_49,2021,0.21397835,3528,623.66095,0.008455378,0.081340626,4829.754,716.35425,0.001851565,67.23994,154.63158,28.207026,3.8960025
Grid_Cell_49,2022,0.21397835,3730,588.44727,0.00868268,0.08649873,4688.323,847.49005,0.002031034,68.33079,154.34026,27.251734,3.9780784
Grid_Cell_49,2023,0.21397835,3549,707.39124,0.008433117,0.097589426,4806.0596,875.4642,0.002146305,58.344543,165.61649,28.550867,3.79081
Grid_Cell_49,2024,0.21405107,4400,675.51025,0.008868832,0.0822381,4749.3623,919.7409,0.0034477,69.925156,161.7716,28.05282,3.8643975
Grid_Cell_49,2025,0.21397604,5521,613.61847,0.008079371,0.08433416,4705.076,817.1697,0.001960786,64.09621,158.33038,28.481379,3.807979
Grid_Cell_5,2000,0.15348345,142,911.32043,0.008292149,0.2159226,4100.672,975.2112,0.002842211,46.90508,256.0018,27.903345,2.4548132
Grid_Cell_5,2001,0.15345615,108,873.00946,0.010404766,0.34035623,3584.8884,1187.1652,0.004877014,56.099384,266.10403,26.220758,2.2650266
Grid_Cell_5,2002,0.15345588,139,869.065,0.010372984,0.32568777,3696.5657,1012.19867,0.003284229,54.167786,251.88979,27.171656,2.2385428
Grid_Cell_5,2003,0.15345588,183,800.50366,0.010946058,0.2611442,3466.5022,979.6215,0.002835182,60.764927,261.2647,26.791132,2.1540132
Grid_Cell_5,2004,0.1534832,202,873.2847,0.010826844,0.20392998,3534.579,1101.5283,0.005036674,56.642212,263.45435,27.148645,2.2217305
Grid_Cell_5,2005,0.15345533,114,808.3157,0.011049883,0.3297497,3504.6704,1122.2097,0.006893438,59.48488,264.56982,26.736383,2.0535567
Grid_Cell_5,2006,0.15345559,108,894.27637,0.009852421,0.15772714,3825.6216,1351.1675,0.007585404,54.29986,269.79105,27.056604,2.249432
Grid_Cell_5,2007,0.15345533,184,906.09576,0.010334215,0.32817757,3720.2048,1213.9341,0.005261671,55.1401,270.92102,26.466578,2.347233
Grid_Cell_5,2008,0.1534836,177,791.3655,0.010054585,0.3075668,3613.5742,1135.099,0.005887182,61.72465,263.5043,25.935785,2.280462
Grid_Cell_5,2009,0.15345617,163,860.1827,0.010771238,0.32772225,3649.4504,977.75104,0.003284342,58.499268,256.35422,26.905664,2.2586942
Grid_Cell_5,2010,0.15345588,329,888.72864,0.010477773,0.29112706,3778.5598,1081.0779,0.008148318,57.84046,265.0808,27.017359,2.3315783
Grid_Cell_5,2011,0.15345615,283,890.20605,0.00952771,0.23287764,4047.5066,982.23627,0.009213322,60.09233,253.59653,27.261652,2.492782
Grid_Cell_5,2012,0.1534836,691,914.88,0.010182872,0.3294629,3751.9272,1349.6621,0.019197475,55.32809,271.92203,27.350641,2.4544125
Grid_Cell_5,2013,0.15345617,739,951.3543,0.00959104,0.070338614,3871.5454,1097.6105,0.011008874,52.76426,260.5854,28.18667,2.2852957
Grid_Cell_5,2014,0.15345562,959,955.6241,0.009777119,0.07357115,3940.7585,1107.041,0.010663572,53.16186,259.5185,28.125116,2.4092355
Grid_Cell_5,2015,0.15345615,955,875.11664,0.009430184,0.07427609,4223.569,970.05066,0.007111401,62.69496,252.18488,27.091394,2.634314
Grid_Cell_5,2016,0.1534836,792,644.9364,0.009810719,0.07272461,4139.1963,518.1942,0.003638917,73.9448,198.82397,27.513788,2.5387182
Grid_Cell_5,2017,0.15345615,952,494.67078,0.009150092,0.07502519,4293.3535,488.5607,0.001644521,84.16906,136.80078,27.635706,2.7088525
Grid_Cell_5,2018,0.15345615,1402,690.6442,0.009524332,0.079486735,4167.823,834.5117,0.007872044,76.44403,180.6328,28.112024,2.6742272
Grid_Cell_5,2019,0.15345562,1634,776.5573,0.010216913,0.07375801,3876.9717,1059.3569,0.010160168,69.85303,235.96469,27.67013,2.4426856
Grid_Cell_5,2020,0.1534836,2854,854.9732,0.010237834,0.073851846,3926.3982,1129.1449,0.020192442,64.91481,266.30286,27.10116,2.5424523
Grid_Cell_5,2021,0.15345615,3528,794.98676,0.009892639,0.074113324,3843.0754,932.3834,0.012341086,65.44913,255.5065,27.280207,2.395523
Grid_Cell_5,2022,0.15345615,3730,862.7813,0.009639037,0.07688333,3717.5535,1284.9958,0.018515518,60.911427,266.12195,26.546198,2.39277
Grid_Cell_5,2023,0.15345615,3549,883.92804,0.009581867,0.07719647,3745.2017,1035.1875,0.010452469,56.062405,262.93683,27.797571,2.237899
Grid_Cell_5,2024,0.15348344,4400,918.7071,0.00997527,0.07381351,3858.1545,1099.9459,0.012957266,67.2914,260.24792,27.297754,2.3638904
Grid_Cell_5,2025,0.15345548,5521,806.7022,0.009281887,0.07740159,3691.301,1162.987,0.016172923,62.359486,265.05563,27.753534,2.2674704
Grid_Cell_50,2000,0.21156813,142,639.293,0.006402518,0.30292615,4421.482,691.54126,0.000364,55.523434,169.32062,27.927973,2.6177785
Grid_Cell_50,2001,0.21149944,108,611.3028,0.009026204,0.2444173,3899.8503,860.67896,0.000606,60.427986,171.39401,26.76974,2.4698212
Grid_Cell_50,2002,0.21149917,139,583.4439,0.008467704,0.25965214,4136.549,636.34247,0.000266,62.466675,157.67818,27.941767,2.4575496
Grid_Cell_50,2003,0.21149917,183,568.2194,0.009520819,0.21957088,3758.9194,732.4333,0.000393,61.792824,172.27481,27.35238,2.3781912
Grid_Cell_50,2004,0.21157035,202,593.83575,0.009064289,0.24514009,3952.4983,729.89575,0.000405,62.081394,164.1001,28.017145,2.4577959
Grid_Cell_50,2005,0.21149917,114,592.0111,0.009787955,0.30589858,3841.0554,836.62415,0.000659,64.97791,172.39807,27.698328,2.5397553
Grid_Cell_50,2006,0.21149941,108,640.1815,0.008830006,0.1573993,3994.92,950.0933,0.000732,58.081364,180.40347,28.484278,2.611521
Grid_Cell_50,2007,0.21149917,184,637.37555,0.009067072,0.26738203,4083.22,891.5443,0.000679,60.78087,181.08737,28.18136,2.7583632
Grid_Cell_50,2008,0.21157049,177,510.50443,0.009087816,0.23359859,3962.7214,848.2796,0.000667,71.56161,158.92097,27.4125,2.6721287
Grid_Cell_50,2009,0.21149944,163,623.843,0.009354386,0.27878377,4141.0176,706.1645,0.000427,61.41492,157.05386,28.87121,2.7324612
Grid_Cell_50,2010,0.21149917,329,648.9017,0.009111526,0.2525457,4188.52,899.8106,0.001901699,61.58349,173.22275,28.895624,2.6949003
Grid_Cell_50,2011,0.21149944,283,647.6737,0.00841333,0.1802701,4486.779,685.6898,0.000921,67.32777,166.84503,28.644007,3.0500424
Grid_Cell_50,2012,0.21157049,691,645.3452,0.008833754,0.2359002,4269.116,920.8954,0.002393542,64.5291,174.72765,28.772608,3.016366
Grid_Cell_50,2013,0.21149944,739,601.3426,0.008202245,0.086570896,4437.5728,677.40515,0.001393832,63.57748,160.31853,29.788599,2.8616655
Grid_Cell_50,2014,0.21149917,959,625.63873,0.008360304,0.08667603,4461.303,637.9204,0.001289897,65.486664,153.38531,29.615198,2.9572835
Grid_Cell_50,2015,0.21149944,955,605.4903,0.008184599,0.08831658,4548.6797,681.65607,0.001261284,70.00959,155.78914,28.492182,3.1392114
Grid_Cell_50,2016,0.21157049,792,344.79514,0.008489765,0.08522856,4497.136,242.20683,0.000195,83.89379,101.751884,28.917444,2.996027
Grid_Cell_50,2017,0.21149944,952,285.85815,0.008173869,0.087301835,4773.968,291.83655,0.000707,90.83206,59.55463,28.597315,3.5693321
Grid_Cell_50,2018,0.21149944,1402,305.7884,0.008602792,0.09029445,4928.2754,309.36493,0.000413,94.71907,61.88822,28.284266,3.951248
Grid_Cell_50,2019,0.21149917,1634,408.39288,0.009057324,0.087217525,4749.417,453.37106,0.000778,86.37813,85.01806,28.208673,3.929569
Grid_Cell_50,2020,0.21157049,2854,683.689,0.009057147,0.08286628,4962.6523,832.6452,0.002619662,68.415794,165.6874,27.905115,4.241462
Grid_Cell_50,2021,0.21149944,3528,638.0865,0.008455245,0.08912077,4847.4478,715.53455,0.001965634,67.69046,152.09726,27.994959,4.0514135
Grid_Cell_50,2022,0.21149944,3730,606.0545,0.008707516,0.0905487,4711.05,849.366,0.001859349,68.34953,151.78058,27.006495,4.12414
Grid_Cell_50,2023,0.21149944,3549,729.22345,0.008454278,0.08782205,4850.131,869.3849,0.002348997,58.238266,163.32523,28.328302,3.9371798
Grid_Cell_50,2024,0.21156797,4400,698.05426,0.008899639,0.08929961,4779.406,921.7433,0.003153014,70.369514,160.00905,27.8229,4.0077744
Grid_Cell_50,2025,0.21149658,5521,633.1825,0.008089025,0.093214154,4783.636,818.5258,0.002078263,64.49398,156.05179,28.238276,3.9815438
Grid_Cell_51,2000,0.21946594,142,671.91724,0.006293858,0.32333136,4242.26,694.94916,0.005449067,47.545864,116.32503,28.286768,2.6365693
Grid_Cell_51,2001,0.2193904,108,654.82245,0.008979717,0.3118247,3774.255,852.7691,0.009156709,53.536846,118.46162,27.008875,2.47691
Grid_Cell_51,2002,0.2193904,139,610.3046,0.008477906,0.28675815,3960.8936,640.4778,0.003900103,54.570763,104.41276,28.115137,2.4450839
Grid_Cell_51,2003,0.2193904,183,605.2191,0.009675141,0.20181015,3548.1655,715.6717,0.00524562,56.827488,119.33366,27.5003,2.355794
Grid_Cell_51,2004,0.21946721,202,614.55817,0.009240676,0.21794787,3690.0818,731.0396,0.006182357,54.621635,111.05228,28.116602,2.4498384
Grid_Cell_51,2005,0.2193904,114,639.6888,0.009909879,0.34252658,3701.0935,824.9461,0.009495267,59.168457,123.159744,27.618738,2.5211253
Grid_Cell_51,2006,0.2193904,108,702.3755,0.008870698,0.18543129,3898.3608,966.7598,0.012201219,51.224415,132.12369,27.968622,2.5567608
Grid_Cell_51,2007,0.2193904,184,678.35834,0.009141082,0.30414277,4025.1753,883.5221,0.010982174,55.5805,131.24252,27.630121,2.6871302
Grid_Cell_51,2008,0.21946721,177,548.0385,0.00923867,0.24062543,3835.4314,853.0208,0.011823255,65.35186,110.39134,26.988214,2.603276
Grid_Cell_51,2009,0.2193904,163,659.69147,0.009531235,0.34188274,4005.0166,712.95447,0.006169568,55.094147,104.446075,28.418695,2.666023
Grid_Cell_51,2010,0.2193904,329,691.3371,0.009258201,0.28082746,4064.5974,921.8059,0.02454226,55.00577,119.171104,28.26037,2.6379824
Grid_Cell_51,2011,0.2193904,283,627.53064,0.008555131,0.22619149,4343.5225,637.025,0.010766771,64.37307,99.122025,28.08999,2.970933
Grid_Cell_51,2012,0.21946721,691,675.8688,0.008965359,0.29531205,4105.6514,933.0682,0.030823177,57.35888,117.10095,28.19842,2.9247336
Grid_Cell_51,2013,0.2193904,739,626.29486,0.008356181,0.085533544,4229.515,720.98315,0.019154537,59.093567,104.965454,29.089014,2.7691998
Grid_Cell_51,2014,0.2193904,959,674.2484,0.00849866,0.08409265,4251.5166,725.04614,0.014954028,56.46736,97.26663,29.00323,2.8577628
Grid_Cell_51,2015,0.2193904,955,658.8542,0.008219889,0.08734023,4370.1865,710.74365,0.014145898,61.775238,100.157936,27.91604,3.027499
Grid_Cell_51,2016,0.21946721,792,307.58957,0.008479315,0.08534,4395.584,246.21559,0.004374918,79.877426,50.16606,28.353052,2.9250228
Grid_Cell_51,2017,0.2193904,952,277.9504,0.008120869,0.085623235,4708.6133,275.80286,0.006037863,84.321724,29.846403,28.155329,3.5220375
Grid_Cell_51,2018,0.2193904,1402,313.5471,0.008511086,0.08777979,4889.078,314.19577,0.005085599,87.24103,32.3041,28.337336,3.9293985
Grid_Cell_51,2019,0.2193904,1634,389.65814,0.008998136,0.09037073,4669.052,411.25754,0.006102,81.89098,41.593956,28.23916,3.8873432
Grid_Cell_51,2020,0.21946721,2854,580.34607,0.009023507,0.08401945,4845.2344,869.43933,0.001288897,70.647224,94.831276,27.867853,4.162227
Grid_Cell_51,2021,0.2193904,3528,520.07056,0.00839944,0.08567826,4770.8296,679.8816,0.000595,69.98382,82.13077,27.955133,4.0125093
Grid_Cell_51,2022,0.2193904,3730,518.63824,0.008660848,0.08848028,4658.894,879.63513,0.000688,68.19232,84.847725,26.967432,4.105784
Grid_Cell_51,2023,0.2193904,3549,583.9278,0.00842745,0.09030439,4811.208,728.7138,0.000511,62.201267,86.37607,28.307123,3.9259813
Grid_Cell_51,2024,0.21946697,4400,601.5815,0.008863026,0.09080435,4733.261,959.91833,0.001059385,71.33531,89.57306,27.779139,3.994333
Grid_Cell_51,2025,0.2193904,5521,543.191,0.008034284,0.09119081,4788.164,858.582,0.000862,66.67352,87.6833,28.189814,3.9685044
Grid_Cell_52,2000,0.22074291,142,669.5081,0.006188726,0.2995438,4203.602,697.6675,0.006008446,47.462948,116.12582,28.832575,2.63469
Grid_Cell_52,2001,0.22067808,108,647.8943,0.009003492,0.21168822,3766.9104,844.60535,0.009239,53.29765,116.82115,27.410242,2.4700608
Grid_Cell_52,2002,0.22067808,139,610.47736,0.008514204,0.2217601,3970.9275,646.14453,0.004102418,54.788395,104.35861,28.42904,2.4217277
Grid_Cell_52,2003,0.22067808,183,601.03735,0.009675431,0.17536315,3559.0898,703.2701,0.005198264,57.39098,116.9352,27.77392,2.3149722
Grid_Cell_52,2004,0.22074454,202,612.9318,0.009243339,0.21266845,3683.4468,733.4694,0.006702797,54.907387,109.93498,28.351374,2.3971062
Grid_Cell_52,2005,0.22067808,114,633.41284,0.009945263,0.2963341,3694.0447,813.88367,0.009239593,59.28793,122.75974,27.790369,2.4765704
Grid_Cell_52,2006,0.22067808,108,705.10254,0.008872523,0.17228578,3932.2654,980.7501,0.012896616,51.137825,132.29918,27.984522,2.5123088
Grid_Cell_52,2007,0.22067808,184,668.01843,0.009154814,0.27282378,4057.0205,872.7512,0.01135837,56.54622,129.99052,27.65655,2.6232605
Grid_Cell_52,2008,0.22074454,177,542.9377,0.009338612,0.22087136,3829.341,856.36395,0.012238706,65.24826,108.91365,27.059809,2.5446355
Grid_Cell_52,2009,0.22067808,163,658.6244,0.009631163,0.33124113,4002.3513,717.9084,0.006603229,55.302277,105.11882,28.474237,2.6136942
Grid_Cell_52,2010,0.22067808,329,679.6309,0.009360674,0.19459613,4069.6963,925.7674,0.026395133,55.982033,118.15812,28.294123,2.5753112
Grid_Cell_52,2011,0.22067808,283,615.412,0.008676895,0.18208206,4344.209,626.8763,0.010750479,65.030045,99.54212,28.21197,2.9160013
Grid_Cell_52,2012,0.22074454,691,676.36743,0.009096311,0.28460214,4107.4517,935.429,0.0272571,57.23441,117.795204,28.296106,2.8963182
Grid_Cell_52,2013,0.22067808,739,624.8628,0.008469284,0.08543365,4240.4873,730.04004,0.019777164,59.87177,105.52469,29.158625,2.7418368
Grid_Cell_52,2014,0.22067808,959,677.39014,0.008610476,0.09009608,4263.6763,742.6469,0.016242962,56.12676,100.491516,29.094538,2.836804
Grid_Cell_52,2015,0.22067808,955,660.6913,0.008195304,0.09386474,4398.3857,710.78143,0.015091294,61.16438,101.48617,28.050013,3.0107868
Grid_Cell_52,2016,0.22074454,792,303.7391,0.008450487,0.080871135,4420.302,252.89114,0.007559648,78.73164,50.18573,28.52392,2.9152892
Grid_Cell_52,2017,0.22067808,952,247.91235,0.008092472,0.077836,4745.192,233.41608,0.003684182,85.52193,27.542435,28.215357,3.47738
Grid_Cell_52,2018,0.22067808,1402,295.53162,0.008475863,0.07996418,4909.8267,292.57956,0.004302956,88.07963,30.856216,28.37179,3.8144329
Grid_Cell_52,2019,0.22067808,1634,405.8106,0.009002917,0.090086125,4662.702,431.3952,0.007071383,80.31333,43.217262,28.31701,3.7664526
Grid_Cell_52,2020,0.22074454,2854,576.4914,0.009024337,0.080981925,4797.2075,869.50287,0.001167678,70.305954,94.5021,27.915674,4.003552
Grid_Cell_52,2021,0.22067808,3528,513.2277,0.008396495,0.09182973,4739.336,676.48175,0.000542,69.83626,81.65356,28.034723,3.8906944
Grid_Cell_52,2022,0.22067808,3730,520.1686,0.008641684,0.08811591,4649.4106,886.2264,0.000738,67.15765,84.80692,27.101068,3.980784
Grid_Cell_52,2023,0.22067808,3549,575.90125,0.008436826,0.08137611,4785.447,728.9244,0.000467,61.72251,86.030136,28.412409,3.8258786
Grid_Cell_52,2024,0.22074455,4400,598.9906,0.008832538,0.089410156,4735.764,959.9444,0.000991,71.38578,89.11675,27.900415,3.9065597
Grid_Cell_52,2025,0.22067808,5521,538.1848,0.008018115,0.08049173,4768.871,858.69183,0.00093,66.18951,87.05035,28.280664,3.85041
Grid_Cell_53,2000,0.214496,142,666.68427,0.006074725,0.32041112,4204.7676,695.22064,0.006352497,49.26332,114.14671,29.33697,2.6478777
Grid_Cell_53,2001,0.2144274,108,644.89514,0.009014745,0.2970223,3798.3977,835.1122,0.00905139,54.91852,113.81738,27.779596,2.4751637
Grid_Cell_53,2002,0.2144274,139,608.71594,0.008527285,0.2856555,4025.756,650.69244,0.004292582,57.149925,104.563644,28.707422,2.412036
Grid_Cell_53,2003,0.2144274,183,604.8811,0.009593917,0.18466195,3642.5393,703.3446,0.005280075,59.1276,115.712166,28.013819,2.2876775
Grid_Cell_53,2004,0.214497,202,616.9643,0.009159251,0.16822702,3731.1995,740.11694,0.00721861,55.981903,108.72213,28.55575,2.3489504
Grid_Cell_53,2005,0.2144274,114,627.68134,0.009897479,0.28170595,3732.3994,802.2229,0.008916729,60.45939,122.18174,28.00268,2.4249609
Grid_Cell_53,2006,0.2144274,108,704.77527,0.008806839,0.16716409,3993.7075,974.8739,0.012572263,52.639774,131.49936,28.186396,2.4760075
Grid_Cell_53,2007,0.2144274,184,657.8426,0.009095626,0.24963123,4097.61,850.43085,0.011108178,58.313015,128.60114,27.866144,2.5676782
Grid_Cell_53,2008,0.21449727,177,542.4185,0.009365971,0.22138369,3852.724,851.6885,0.011977869,65.95961,107.85673,27.266962,2.5011587
Grid_Cell_53,2009,0.2144274,163,653.65857,0.009635907,0.3254138,4036.2231,712.2902,0.0065665,56.504448,104.2649,28.67425,2.5740023
Grid_Cell_53,2010,0.2144274,329,672.23724,0.009413318,0.22219883,4100.9736,915.4674,0.029451849,57.850304,116.54445,28.510798,2.533359
Grid_Cell_53,2011,0.2144274,283,610.5822,0.008769607,0.18785307,4378.783,626.9357,0.013173986,66.406235,99.356186,28.522547,2.8790493
Grid_Cell_53,2012,0.21449727,691,678.40625,0.009173563,0.30797964,4163.2295,935.4721,0.024828915,58.30706,117.51968,28.637354,2.8998017
Grid_Cell_53,2013,0.2144274,739,626.63727,0.008531831,0.0699594,4319.129,730.0174,0.020868188,61.911297,104.946915,29.536097,2.754063
Grid_Cell_53,2014,0.2144274,959,670.6876,0.008690927,0.07353888,4346.6904,742.58856,0.01966033,58.17602,99.60208,29.409784,2.8438587
Grid_Cell_53,2015,0.2144274,955,658.6339,0.008170335,0.075617604,4462.6714,710.8236,0.014466497,62.1048,101.21695,28.327875,3.0168142
Grid_Cell_53,2016,0.21449727,792,301.43747,0.008429807,0.08030028,4480.1914,244.22414,0.005562964,79.73395,49.945774,28.778925,2.9276867
Grid_Cell_53,2017,0.2144274,952,251.22255,0.008082715,0.061626576,4825.6597,233.89561,0.002999538,86.47003,27.414555,28.549158,3.4657362
Grid_Cell_53,2018,0.2144274,1402,305.9212,0.008439658,0.0684464,4978.99,302.62463,0.004006096,88.48076,31.154675,28.851587,3.7687135
Grid_Cell_53,2019,0.2144274,1634,452.47522,0.0090489,0.07886549,4674.275,504.19476,0.013113113,78.21299,51.319157,28.607447,3.6987815
Grid_Cell_53,2020,0.21449727,2854,566.52,0.009069299,0.06634587,4817.5674,868.1103,0.000981,71.94624,94.70249,28.063623,3.9083676
Grid_Cell_53,2021,0.2144274,3528,504.5467,0.008425074,0.074228294,4778.9233,674.5021,0.000579,71.42965,81.63393,28.212519,3.8341188
Grid_Cell_53,2022,0.2144274,3730,515.6575,0.008664154,0.08141987,4700.6914,887.7654,0.000785,68.757256,84.78887,27.250544,3.9406126
Grid_Cell_53,2023,0.2144274,3549,572.08777,0.008471528,0.081402294,4824.3213,729.0724,0.000408,62.90147,86.14777,28.577509,3.788173
Grid_Cell_53,2024,0.2144941,4400,593.1019,0.008832558,0.07859154,4782.7153,959.93054,0.001033377,73.35693,88.950836,28.06579,3.8608918
Grid_Cell_53,2025,0.21442465,5521,530.2802,0.008050821,0.080688104,4806.3516,858.45044,0.0009,68.03254,86.881134,28.432154,3.804831
Grid_Cell_54,2000,0.21346433,142,725.93243,0.00609834,0.29446915,4288.9624,686.4925,0.001909385,43.604492,224.23032,29.177088,2.5791042
Grid_Cell_54,2001,0.21340273,108,714.6793,0.009006317,0.28331047,3803.2798,824.1545,0.002651469,49.054634,218.93489,27.823328,2.42715
Grid_Cell_54,2002,0.21340273,139,660.3151,0.008391426,0.3143029,4079.9407,652.3513,0.00135239,52.43055,213.36769,28.894617,2.3719673
Grid_Cell_54,2003,0.21340273,183,667.4044,0.009387828,0.17892078,3767.4956,712.54834,0.001623449,52.560837,219.15024,28.256159,2.261479
Grid_Cell_54,2004,0.21346454,202,697.3606,0.008940542,0.27059075,3772.6401,750.0366,0.002456558,48.30834,222.3407,28.724543,2.265856
Grid_Cell_54,2005,0.21340273,114,701.0425,0.009771578,0.3007537,3778.8284,787.02405,0.002617384,52.51238,232.32524,28.28216,2.3647554
Grid_Cell_54,2006,0.21340273,108,790.9884,0.008705794,0.19260032,4034.7712,947.5963,0.003653873,45.164036,242.91609,28.639338,2.4364183
Grid_Cell_54,2007,0.21340302,184,745.4328,0.009006846,0.18898535,4049.4055,810.31,0.002994788,50.226486,238.86594,28.30633,2.5198357
Grid_Cell_54,2008,0.21346502,177,636.4632,0.009365446,0.2589537,3834.9932,837.41327,0.003432883,56.595848,224.41884,27.66601,2.4662201
Grid_Cell_54,2009,0.21340302,163,701.9043,0.009588105,0.2421086,4013.439,694.4389,0.001876298,50.756752,218.89322,29.06576,2.5413654
Grid_Cell_54,2010,0.21340302,329,741.76227,0.009424092,0.14441055,4072.42,892.03033,0.011326017,51.05016,223.9659,28.841944,2.5163043
Grid_Cell_54,2011,0.21340328,283,667.5543,0.008825974,0.2932781,4405.4224,627.0221,0.004723103,60.741875,212.35323,28.770807,2.8624055
Grid_Cell_54,2012,0.21346502,691,755.31726,0.009197124,0.24779934,4165.013,935.6229,0.009830383,52.45095,220.14246,28.95312,2.9059494
Grid_Cell_54,2013,0.21340273,739,700.6431,0.008571814,0.08063972,4345.6104,729.8122,0.009663623,55.18045,220.8573,29.89068,2.7690628
Grid_Cell_54,2014,0.21340273,959,726.1835,0.008735387,0.08383835,4369.629,742.6523,0.007273627,53.217106,208.85942,29.73263,2.8542697
Grid_Cell_54,2015,0.21340302,955,697.205,0.008166513,0.08234889,4526.3926,710.74695,0.005151911,57.841972,201.59149,28.674616,3.000821
Grid_Cell_54,2016,0.21346557,792,306.06662,0.00840549,0.07303933,4534.7515,182.69662,0.00063,76.67959,131.97594,29.100672,2.9153917
Grid_Cell_54,2017,0.21340328,952,206.95984,0.008074955,0.06907773,4912.919,207.18611,0.000589,87.75601,80.11116,28.956537,3.4132705
Grid_Cell_54,2018,0.21340273,1402,299.41312,0.008430905,0.07155496,5024.0933,309.54526,0.001087558,86.878,88.59071,29.363367,3.6660767
Grid_Cell_54,2019,0.21340328,1634,500.41104,0.009126903,0.08069258,4654.3354,591.4728,0.005490137,73.775185,136.67305,28.731165,3.6217268
Grid_Cell_54,2020,0.21346557,2854,782.3478,0.009129866,0.07121811,4765.767,867.2174,0.011633846,56.010853,238.53632,27.992762,3.836339
Grid_Cell_54,2021,0.21340328,3528,682.22174,0.008462132,0.072311334,4774.931,673.87897,0.00598899,57.578655,216.83488,28.294,3.8026464
Grid_Cell_54,2022,0.21340328,3730,716.7621,0.008708715,0.07550003,4659.663,885.85815,0.009978997,54.357845,216.97018,27.39657,3.9184892
Grid_Cell_54,2023,0.21340328,3549,759.2637,0.008523878,0.07198843,4759.8623,729.5184,0.004511613,48.906384,217.9707,28.827295,3.772762
Grid_Cell_54,2024,0.21346363,4400,811.7911,0.008888246,0.07384483,4728.774,959.92883,0.012278477,57.65019,216.39288,28.205347,3.815283
Grid_Cell_54,2025,0.21340069,5521,750.64984,0.008111684,0.06777441,4730.047,858.41724,0.01151924,52.41065,229.89365,28.611689,3.7715223
Grid_Cell_55,2000,0.20388247,142,720.94617,0.006114923,0.2970717,4437.0977,671.6586,0.001762142,47.274975,218.33185,28.814783,2.5209901
Grid_Cell_55,2001,0.2038263,108,693.8753,0.008954297,0.29268146,3884.6958,811.04224,0.002516603,51.374653,211.09206,27.713068,2.3850608
Grid_Cell_55,2002,0.2038263,139,649.3088,0.008195371,0.29822323,4169.546,649.4915,0.001474627,51.740005,212.52222,28.961054,2.3421729
Grid_Cell_55,2003,0.2038263,183,671.5387,0.009121575,0.20731577,3931.194,724.8258,0.001758106,52.02046,220.3081,28.39123,2.2518556
Grid_Cell_55,2004,0.20388387,202,704.82886,0.008662284,0.257052,3937.3909,760.92017,0.002794553,49.346382,221.0613,28.780573,2.192188
Grid_Cell_55,2005,0.2038263,114,699.2292,0.009544041,0.25158674,3908.469,771.3349,0.002610644,52.61588,228.97714,28.554407,2.3161938
Grid_Cell_55,2006,0.2038263,108,782.2642,0.008488773,0.16161144,4013.7605,916.90594,0.003658733,45.274788,236.23755,29.34176,2.4142265
Grid_Cell_55,2007,0.2038263,184,738.8869,0.008807801,0.2468075,4075.8,768.474,0.002599706,51.270744,233.98978,28.990961,2.5002809
Grid_Cell_55,2008,0.20388387,177,638.3566,0.009263304,0.20876849,3846.7078,822.79016,0.003505434,56.64814,219.8032,28.254328,2.4478116
Grid_Cell_55,2009,0.2038263,163,688.76074,0.009404406,0.23153836,4038.0493,674.5054,0.001719473,50.830685,214.44138,29.629847,2.523249
Grid_Cell_55,2010,0.2038263,329,738.5525,0.009287383,0.12821448,4091.0615,864.3866,0.007855866,51.05957,218.77914,29.561335,2.5296948
Grid_Cell_55,2011,0.2038263,283,715.72345,0.008761607,0.17657973,4393.263,699.2287,0.005333295,58.006294,218.2778,29.327204,2.8718233
Grid_Cell_55,2012,0.20388387,691,754.89294,0.009104321,0.25677064,4205.605,880.9874,0.008982176,52.810234,220.18745,29.536066,2.9316325
Grid_Cell_55,2013,0.2038263,739,696.94196,0.00848865,0.075039014,4388.6406,711.0288,0.007691784,55.95466,215.1243,30.440699,2.7970421
Grid_Cell_55,2014,0.2038263,959,696.8636,0.008652139,0.07567195,4443.6265,707.44965,0.006538274,55.63884,199.58733,30.325129,2.8882766
Grid_Cell_55,2015,0.2038263,955,697.8163,0.008221424,0.0790366,4482.386,722.4282,0.005273986,58.826122,197.12997,29.296503,2.9184237
Grid_Cell_55,2016,0.20388387,792,321.8023,0.008447515,0.06139981,4499.786,203.18855,0.00055,76.779045,134.05496,29.709223,2.827277
Grid_Cell_55,2017,0.2038263,952,220.83676,0.008217308,0.058988295,4769.8037,219.63637,0.000619,88.80738,82.638954,29.438135,3.191661
Grid_Cell_55,2018,0.2038263,1402,347.91483,0.008639378,0.062415306,4784.5684,363.00635,0.00150239,85.132195,98.378136,29.44604,3.3343642
Grid_Cell_55,2019,0.2038263,1634,524.4551,0.009283903,0.05487805,4460.3403,653.21967,0.007945743,73.54152,148.65259,28.73739,3.2636788
Grid_Cell_55,2020,0.20388387,2854,743.253,0.009209105,0.06018866,4544.6763,827.1942,0.011638856,59.614384,235.12222,27.99444,3.440574
Grid_Cell_55,2021,0.2038263,3528,681.83514,0.008555447,0.06377311,4553.138,698.6315,0.006332302,58.856483,219.14487,28.360895,3.4308655
Grid_Cell_55,2022,0.2038263,3730,721.61237,0.008777695,0.061835185,4435.0864,912.90027,0.012082829,56.063004,221.44637,27.502832,3.5153387
Grid_Cell_55,2023,0.2038263,3549,779.82794,0.008568267,0.04982849,4515.2393,762.41736,0.004677199,48.256073,224.09464,29.027246,3.4140291
Grid_Cell_55,2024,0.20388322,4400,792.33563,0.008965682,0.05560105,4511.4165,982.29596,0.016432043,60.16437,218.55582,28.283777,3.4360638
Grid_Cell_55,2025,0.20382534,5521,715.3896,0.00820131,0.062225536,4543.4155,755.0329,0.007277162,57.526157,225.95341,28.69015,3.405927
Grid_Cell_56,2000,0.20115973,142,710.8734,0.006102767,0.29919305,4541.3223,654.93066,0.001698118,49.378937,215.04866,28.491419,2.4906178
Grid_Cell_56,2001,0.20110273,108,683.15735,0.008884314,0.3028327,3983.322,796.0993,0.00235888,53.53995,206.0226,27.588404,2.3640678
Grid_Cell_56,2002,0.20110273,139,643.3915,0.008024426,0.3023997,4254.4814,641.2403,0.00155198,52.857067,211.74261,28.990534,2.3324811
Grid_Cell_56,2003,0.20110273,183,672.67267,0.009105147,0.25877133,3959.7097,735.8256,0.001904555,52.153187,221.19156,28.456049,2.2327461
Grid_Cell_56,2004,0.20116119,202,706.33136,0.008644084,0.2555497,3962.9468,765.992,0.002977022,50.452732,222.85054,28.751764,2.1297905
Grid_Cell_56,2005,0.20110273,114,695.5647,0.009491771,0.27884373,3972.1548,754.14886,0.002684767,53.921413,228.44487,28.598047,2.274002
Grid_Cell_56,2006,0.20110273,108,768.2576,0.008363736,0.20268671,4056.6008,891.04535,0.003867942,47.238506,232.99461,29.469751,2.3542266
Grid_Cell_56,2007,0.20110273,184,721.37256,0.008699558,0.262774,4121.8164,728.96765,0.002358976,53.310516,230.98032,29.112513,2.4592192
Grid_Cell_56,2008,0.20116119,177,638.70026,0.009246921,0.23634273,3876.5127,804.9101,0.003421793,57.99518,218.45465,28.35409,2.3936791
Grid_Cell_56,2009,0.20110273,163,677.6562,0.009302242,0.3391679,4067.932,656.7739,0.00159888,52.137875,213.39825,29.724878,2.477016
Grid_Cell_56,2010,0.20110273,329,733.35767,0.009188609,0.16877487,4136.1226,841.50574,0.006764123,52.066227,215.71513,29.72436,2.505962
Grid_Cell_56,2011,0.20110273,283,721.8762,0.008726337,0.33766145,4422.1787,703.2614,0.004396377,58.979042,217.66699,29.475061,2.8376453
Grid_Cell_56,2012,0.20116119,691,761.3617,0.009033782,0.25624287,4252.2114,878.0881,0.009582466,53.59085,219.16519,29.764643,2.9136338
Grid_Cell_56,2013,0.20110273,739,700.6226,0.008445451,0.07251921,4408.0054,710.2587,0.006713839,56.374386,214.87717,30.642664,2.772008
Grid_Cell_56,2014,0.20110273,959,700.25916,0.008613057,0.07744286,4492.7715,705.2724,0.005913336,57.296947,198.34966,30.523859,2.8692355
Grid_Cell_56,2015,0.20110273,955,697.55707,0.008270373,0.06273792,4521.2764,724.4575,0.006362819,60.355568,195.48117,29.435999,2.882499
Grid_Cell_56,2016,0.20116119,792,318.22113,0.008475777,0.054040104,4545.433,203.31996,0.000527,78.577324,132.68399,29.839563,2.8090394
Grid_Cell_56,2017,0.20110273,952,252.19565,0.008297328,0.04402982,4792.42,253.2978,0.000753,89.18517,84.90935,29.622095,3.13101
Grid_Cell_56,2018,0.20110273,1402,408.2577,0.008721058,0.04748851,4765.3345,436.95718,0.003333096,82.501755,112.622284,29.662317,3.2805285
Grid_Cell_56,2019,0.20110273,1634,568.38196,0.009380214,0.039572105,4468.9146,711.6293,0.011265839,71.4649,160.98065,28.927515,3.249706
Grid_Cell_56,2020,0.20116119,2854,739.2518,0.00925408,0.039190896,4616.7896,820.06525,0.01103627,60.79472,234.8565,28.05514,3.4978828
Grid_Cell_56,2021,0.20110273,3528,686.4251,0.008611864,0.042384766,4663.609,703.43854,0.007098326,60.720013,219.131,28.494837,3.4886737
Grid_Cell_56,2022,0.20110273,3730,734.8305,0.008846701,0.051573742,4503.56,928.92096,0.012996062,57.28463,222.8377,27.634577,3.5432153
Grid_Cell_56,2023,0.20110273,3549,787.28864,0.008628942,0.042048275,4601.8564,765.29016,0.004705897,49.385624,224.77007,29.157679,3.4789608
Grid_Cell_56,2024,0.2011614,4400,793.3274,0.008993321,0.04996544,4601.831,986.0619,0.018077163,61.617447,217.36993,28.425196,3.5065885
Grid_Cell_56,2025,0.20110273,5521,706.51263,0.008288951,0.04921276,4617.5303,736.5057,0.00743618,59.211117,225.36275,28.768091,3.46513
Grid_Cell_57,2000,0.20656481,142,694.12823,0.005966816,0.27108005,4437.269,638.6875,0.001775651,48.463917,216.53468,29.030207,2.4811199
Grid_Cell_57,2001,0.20650081,108,670.2902,0.008835957,0.25017008,3932.9558,779.63794,0.002290288,52.582947,207.09346,28.028345,2.3671842
Grid_Cell_57,2002,0.20650081,139,630.7857,0.008034988,0.25981653,4186.642,628.9995,0.001634733,52.150097,215.71855,29.163568,2.3279605
Grid_Cell_57,2003,0.20650081,183,671.8271,0.009123336,0.2529283,3947.408,742.51404,0.002058449,51.00221,226.06494,28.552362,2.2410338
Grid_Cell_57,2004,0.20656776,202,700.87286,0.008663616,0.22472633,3944.979,757.9637,0.002751202,50.146564,226.8618,28.769312,2.1023998
Grid_Cell_57,2005,0.20650081,114,690.4423,0.009487315,0.26595846,3984.2195,736.2749,0.002529257,53.797207,229.72133,28.6878,2.2503376
Grid_Cell_57,2006,0.20650081,108,762.66974,0.008285479,0.21151309,4061.8848,884.44977,0.003798021,46.95458,233.52345,29.55813,2.3057334
Grid_Cell_57,2007,0.20650081,184,706.5247,0.008633253,0.23884979,4107.1836,706.1915,0.002192572,52.956604,230.78137,29.212519,2.422096
Grid_Cell_57,2008,0.20656776,177,635.2742,0.009271095,0.19533223,3852.9417,782.39655,0.003152459,57.218773,220.96645,28.44253,2.3458307
Grid_Cell_57,2009,0.20650081,163,673.9712,0.009239437,0.2345965,4050.041,648.6685,0.001470182,51.24569,215.85478,29.836359,2.4351668
Grid_Cell_57,2010,0.20650081,329,734.8891,0.009069718,0.13360892,4130.789,833.18115,0.005129802,50.82814,216.56252,29.926416,2.4392838
Grid_Cell_57,2011,0.20650081,283,728.53,0.008587131,0.2447703,4386.825,703.2809,0.003260664,57.712185,218.48305,29.719873,2.719529
Grid_Cell_57,2012,0.20656776,691,773.695,0.008885728,0.26168633,4223.0796,877.89954,0.007906014,51.79432,219.84807,30.068293,2.809399
Grid_Cell_57,2013,0.20650081,739,699.36444,0.008359006,0.079967886,4331.561,710.4424,0.007036106,54.064137,217.02258,30.87124,2.6588573
Grid_Cell_57,2014,0.20650081,959,707.7101,0.008520396,0.0812218,4422.9946,705.30585,0.004269935,55.324768,201.69435,30.77395,2.770023
Grid_Cell_57,2015,0.20650081,955,695.9846,0.008232493,0.08424838,4493.096,724.3992,0.006459212,58.109573,197.90797,29.579493,2.867636
Grid_Cell_57,2016,0.20656775,792,349.46307,0.008440152,0.07807682,4517.083,227.13028,0.000857,74.95478,138.85081,29.9779,2.7883425
Grid_Cell_57,2017,0.20650081,952,266.69357,0.008319637,0.07436242,4795.4673,266.74487,0.000775,85.544815,85.76034,29.71734,3.193784
Grid_Cell_57,2018,0.20650081,1402,431.5695,0.008704966,0.06497412,4855.254,476.23788,0.004979089,79.18454,118.007065,29.636011,3.4683027
Grid_Cell_57,2019,0.20650081,1634,546.30023,0.009347944,0.061109122,4590.1353,657.7653,0.009674377,70.8104,153.79893,29.088312,3.442617
Grid_Cell_57,2020,0.20656775,2854,748.9388,0.009210566,0.058058992,4736.093,822.3874,0.011260113,58.44261,235.67268,28.248133,3.6931355
Grid_Cell_57,2021,0.20650081,3528,698.2457,0.008593224,0.056704026,4770.381,702.8705,0.006237675,58.310833,220.54715,28.652796,3.6673038
Grid_Cell_57,2022,0.20650081,3730,753.0889,0.008855173,0.06694845,4605.14,944.37146,0.013795706,54.41302,225.66766,27.75097,3.7318797
Grid_Cell_57,2023,0.20650081,3549,789.6786,0.008689966,0.06527247,4669.2954,765.85284,0.004634582,47.272793,227.2628,29.189753,3.636084
Grid_Cell_57,2024,0.20656845,4400,806.3058,0.008964616,0.05801491,4728.085,986.0534,0.016345264,58.790047,219.92906,28.558039,3.7175293
Grid_Cell_57,2025,0.2065,5521,714.5369,0.008318103,0.05688522,4717.743,736.3528,0.006706006,57.24842,227.11903,28.84167,3.6360922
Grid_Cell_58,2000,0.20467424,142,649.14276,0.005815928,0.3717487,4349.213,624.4419,0.001246467,51.73318,206.48022,29.506922,2.5000472
Grid_Cell_58,2001,0.20461123,108,613.2446,0.008764748,0.1848931,3929.8552,763.46387,0.001451812,56.36507,197.11302,28.405878,2.3905404
Grid_Cell_58,2002,0.20461123,139,588.0361,0.008045176,0.29745522,4145.588,614.2662,0.00109539,57.056023,208.56938,29.307032,2.334981
Grid_Cell_58,2003,0.20461123,183,616.2276,0.009303127,0.12715825,3914.6548,746.6235,0.001414664,59.183716,217.45584,28.651178,2.2259653
Grid_Cell_58,2004,0.20467623,202,634.81744,0.008872192,0.12963575,3849.8066,740.02106,0.001560591,55.62202,213.52411,28.892115,2.1118944
Grid_Cell_58,2005,0.20461123,114,633.8557,0.009597935,0.20196632,3894.9731,714.3422,0.001492209,59.29125,215.97392,28.738184,2.2287621
Grid_Cell_58,2006,0.20461123,108,701.91,0.008251557,0.136969,4156.2373,891.70306,0.002303551,53.12735,219.1235,29.246698,2.256247
Grid_Cell_58,2007,0.20461123,184,644.7951,0.008614462,0.26764438,4143.315,689.7409,0.001285123,58.595303,218.1813,28.902979,2.3661714
Grid_Cell_58,2008,0.20467623,177,571.4396,0.009314486,0.14054528,3866.919,749.76514,0.001835458,63.02495,208.20279,28.218683,2.2935426
Grid_Cell_58,2009,0.20461123,163,642.91693,0.009213948,0.31229773,4067.8628,646.421,0.00086,54.823864,204.84418,29.623285,2.3859203
Grid_Cell_58,2010,0.20461123,329,679.119,0.008988068,0.14615169,4151.506,830.3828,0.005397062,54.878407,208.02583,29.787958,2.3461673
Grid_Cell_58,2011,0.20461123,283,694.5209,0.008432795,0.2509088,4322.3257,698.6671,0.002743712,60.2228,212.73856,29.858301,2.5556247
Grid_Cell_58,2012,0.20467623,691,725.5423,0.008719218,0.19599888,4209.068,876.9711,0.00571694,55.575314,213.51912,30.245356,2.657657
Grid_Cell_58,2013,0.20461123,739,659.5394,0.008255122,0.06565137,4296.273,706.76385,0.004540123,57.124283,209.37656,30.988703,2.5169394
Grid_Cell_58,2014,0.20461123,959,685.62946,0.008434894,0.06700162,4387.5874,697.53204,0.003561189,57.67609,200.01013,30.89248,2.6395779
Grid_Cell_58,2015,0.20461123,955,682.7341,0.008161061,0.06691902,4443.4995,722.8418,0.002850291,59.0155,200.37404,29.692255,2.7736292
Grid_Cell_58,2016,0.20467623,792,402.82547,0.008382201,0.06588082,4413.485,270.47507,0.000924,70.836586,148.62144,30.088984,2.6669285
Grid_Cell_58,2017,0.20461123,952,289.48914,0.008261883,0.06277824,4729.4106,281.50955,0.000614,83.42464,78.62181,29.87646,3.113373
Grid_Cell_58,2018,0.20461123,1402,474.83215,0.008637004,0.05514945,4811.877,573.23267,0.006782065,76.57347,122.84368,29.933405,3.4406314
Grid_Cell_58,2019,0.20461123,1634,561.8641,0.009319831,0.05665619,4553.4033,680.29956,0.00570326,69.3958,162.78027,29.251825,3.391213
Grid_Cell_58,2020,0.20467623,2854,703.3634,0.00916392,0.05542303,4686.486,824.7385,0.006581004,61.92819,220.42033,28.39071,3.5954921
Grid_Cell_58,2021,0.20461123,3528,673.72327,0.008595337,0.055344485,4707.848,706.2336,0.003582202,59.773293,204.77753,28.751612,3.5764477
Grid_Cell_58,2022,0.20461123,3730,717.4176,0.008878102,0.058515284,4566.0957,968.86804,0.009559723,56.914005,211.21378,27.828669,3.6649961
Grid_Cell_58,2023,0.20461123,3549,754.74176,0.00875586,0.051230267,4593.641,762.574,0.003368004,50.39089,211.54034,29.245844,3.536221
Grid_Cell_58,2024,0.20467593,4400,765.8898,0.008962912,0.05483048,4665.078,985.168,0.009016441,61.18735,203.14957,28.628595,3.6561396
Grid_Cell_58,2025,0.20460959,5521,684.78937,0.008327737,0.049032718,4678.469,736.91736,0.003296325,59.712997,209.58055,28.935846,3.5799878
Grid_Cell_59,2000,0.19281274,142,638.33093,0.0056841,0.30283254,4435.1084,612.74115,0.001263389,57.207123,210.95206,29.863398,2.5253973
Grid_Cell_59,2001,0.19275343,108,593.8878,0.008687533,0.19021256,3970.2488,749.3861,0.001523086,58.611324,204.06068,28.699945,2.4108486
Grid_Cell_59,2002,0.19275343,139,573.8211,0.008022303,0.33362168,4225.0635,600.6474,0.001073661,62.166897,215.55554,29.406427,2.3421044
Grid_Cell_59,2003,0.19275343,183,588.43054,0.009425979,0.1575885,3843.7822,749.6809,0.001578021,61.480804,225.08963,28.716944,2.2226434
Grid_Cell_59,2004,0.19281366,202,611.2979,0.009017479,0.13350949,3848.775,717.03687,0.001466694,60.197308,220.04158,28.985437,2.1412318
Grid_Cell_59,2005,0.19275343,114,604.96136,0.009712503,0.2314941,3920.2192,689.1167,0.001489723,62.88,221.96857,28.721277,2.2160568
Grid_Cell_59,2006,0.19275343,108,687.7113,0.008241911,0.12742677,4392.125,901.7978,0.002467243,57.080036,226.53702,28.788477,2.219569
Grid_Cell_59,2007,0.19275343,184,621.1896,0.008625588,0.22510536,4334.8745,672.3021,0.001295904,64.913925,222.49182,28.448694,2.3037398
Grid_Cell_59,2008,0.19281366,177,559.42834,0.009358465,0.16253549,3965.623,711.9349,0.00165332,66.64628,216.25539,27.906092,2.2501683
Grid_Cell_59,2009,0.19275343,163,634.224,0.009210872,0.27632263,4185.8154,645.01056,0.000854,58.56327,212.61462,29.292017,2.3483517
Grid_Cell_59,2010,0.19275343,329,639.85345,0.009031551,0.1372898,4250.422,786.08124,0.004448737,60.02079,214.62508,29.233332,2.2650714
Grid_Cell_59,2011,0.19275343,283,621.81744,0.008455676,0.23429379,4392.8003,619.56146,0.001759695,66.69649,210.27042,29.391382,2.4447
Grid_Cell_59,2012,0.19281366,691,696.72797,0.008718986,0.212606,4246.4346,859.51,0.006403695,59.364876,217.88646,29.815668,2.5412977
Grid_Cell_59,2013,0.19275343,739,596.62726,0.008311396,0.073692106,4374.692,646.2353,0.003773219,63.333027,212.8732,30.430902,2.409508
Grid_Cell_59,2014,0.19275343,959,608.10596,0.00849004,0.07654669,4466.6377,558.98315,0.002280147,64.685844,192.58824,30.434778,2.5452628
Grid_Cell_59,2015,0.19275343,955,616.55927,0.008081698,0.067735195,4534.1133,632.6748,0.002112116,64.070595,180.37103,29.414179,2.6748278
Grid_Cell_59,2016,0.19281366,792,409.2673,0.008323315,0.061705586,4467.6963,313.63348,0.001256411,72.25611,141.40726,29.833735,2.5494082
Grid_Cell_59,2017,0.19275343,952,307.69574,0.008118174,0.070314534,4815.0493,300.28967,0.000634,82.27195,84.74805,29.699305,3.0449142
Grid_Cell_59,2018,0.19275343,1402,513.6441,0.008463453,0.05872776,4900.514,692.04565,0.012136918,75.42847,141.83878,30.107569,3.383234
Grid_Cell_59,2019,0.19275343,1634,586.7776,0.009229191,0.058984805,4625.401,716.72687,0.006071325,69.02914,187.90446,29.45144,3.3151855
Grid_Cell_59,2020,0.19281366,2854,700.6202,0.009061024,0.05066645,4744.486,870.6176,0.005481564,63.587383,227.10101,28.685144,3.5051916
Grid_Cell_59,2021,0.1927534,3528,646.10657,0.008564515,0.05441955,4808.477,626.71106,0.002269096,62.776844,207.75638,29.016626,3.5194614
Grid_Cell_59,2022,0.1927534,3730,724.09955,0.008863246,0.052406415,4623.252,920.6892,0.006476281,58.38303,213.13312,28.020838,3.5996537
Grid_Cell_59,2023,0.1927534,3549,678.3382,0.008804011,0.063028045,4670.4487,645.5257,0.004041712,58.094215,205.10858,29.381708,3.4444401
Grid_Cell_59,2024,0.19281386,4400,721.395,0.008925475,0.06011227,4750.376,932.8863,0.003884448,65.678024,196.64447,28.80926,3.6056929
Grid_Cell_59,2025,0.19275343,5521,654.3896,0.008320049,0.047080107,4728.0117,755.04944,0.003129679,63.19692,218.15706,29.14129,3.5262852
Grid_Cell_6,2000,0.14744547,142,909.3595,0.008475873,0.23592672,4114.3296,983.0527,0.00283616,47.148052,258.3845,28.984674,2.4473994
Grid_Cell_6,2001,0.14741808,108,872.90686,0.010882948,0.3120473,3600.223,1195.2522,0.005088202,56.321583,269.03168,27.317102,2.280335
Grid_Cell_6,2002,0.14741808,139,868.7907,0.010858707,0.32866177,3711.5242,1016.52734,0.003372473,54.232925,253.98132,28.163965,2.2410426
Grid_Cell_6,2003,0.14741808,183,790.8247,0.011556869,0.22159003,3449.2273,988.49695,0.003034103,60.5577,263.82867,27.708185,2.1227462
Grid_Cell_6,2004,0.1474448,202,856.61096,0.011393708,0.18295515,3520.229,1109.2335,0.005268286,56.878853,266.60565,28.027613,2.1893876
Grid_Cell_6,2005,0.14741808,114,804.88776,0.011641973,0.30122152,3549.2573,1116.5569,0.007242894,60.868008,265.90707,27.5263,2.1118786
Grid_Cell_6,2006,0.14741808,108,901.61066,0.010328976,0.1496086,3932.0132,1387.0602,0.007798811,54.917217,272.4741,27.66717,2.325699
Grid_Cell_6,2007,0.14741808,184,918.7253,0.010817318,0.31046274,3823.6748,1215.891,0.005244082,55.107536,273.04285,27.195185,2.4296987
Grid_Cell_6,2008,0.1474448,177,797.0264,0.010580193,0.22932814,3718.202,1168.3647,0.005974747,62.207325,266.28802,26.678064,2.360619
Grid_Cell_6,2009,0.14741808,163,869.8292,0.011357622,0.29059073,3747.8965,997.421,0.003782551,59.55521,259.83203,27.608728,2.3328722
Grid_Cell_6,2010,0.14741808,329,887.02545,0.010944246,0.08401227,3897.6519,1060.1486,0.008563863,59.435406,264.63095,27.611994,2.4500713
Grid_Cell_6,2011,0.14741808,283,898.8569,0.009888923,0.2397911,4176.067,1005.69495,0.007912859,61.47839,255.97806,27.678736,2.6220288
Grid_Cell_6,2012,0.1474448,691,923.142,0.010570991,0.27414948,3897.859,1359.3966,0.01760892,56.42334,274.86368,27.778345,2.575997
Grid_Cell_6,2013,0.14741808,739,958.1551,0.009951588,0.059208024,3983.4316,1109.472,0.01033673,53.194576,263.561,28.577387,2.3965285
Grid_Cell_6,2014,0.14741808,959,968.7385,0.010197037,0.06352367,4033.6821,1136.0564,0.010863168,53.55915,263.5115,28.523523,2.4838588
Grid_Cell_6,2015,0.14741808,955,898.09686,0.009105605,0.06367612,4282.276,967.95654,0.006911127,63.65505,252.10114,27.024836,2.615821
Grid_Cell_6,2016,0.1474448,792,511.47714,0.009486518,0.06428291,4223.8125,354.44073,0.00237777,83.48658,179.63295,27.39358,2.5152552
Grid_Cell_6,2017,0.14741808,952,192.60664,0.008797581,0.06681922,4411.726,173.06569,0.000415,106.100266,91.39623,27.648035,2.5996404
Grid_Cell_6,2018,0.14741808,1402,386.89206,0.009172976,0.07403936,4274.602,408.7433,0.003449623,98.33615,106.94092,28.282007,2.4611452
Grid_Cell_6,2019,0.14741808,1634,700.4119,0.010049841,0.065123454,3797.396,1091.6661,0.010520942,75.791336,194.514,27.357874,2.2261786
Grid_Cell_6,2020,0.1474448,2854,856.9345,0.010042981,0.06574211,3727.9106,1127.6748,0.019657927,65.56816,267.4968,26.455683,2.2460384
Grid_Cell_6,2021,0.14741808,3528,795.7471,0.009669916,0.067303985,3683.6726,929.3638,0.012387921,65.66171,257.50937,26.724878,2.1084683
Grid_Cell_6,2022,0.14741808,3730,863.59344,0.009448643,0.0664265,3588.944,1285.4625,0.017993812,61.115894,268.22174,25.99801,2.162051
Grid_Cell_6,2023,0.14741808,3549,894.6784,0.00937287,0.06906497,3669.5107,1036.4231,0.010081945,56.651897,264.40094,27.340845,2.0118716
Grid_Cell_6,2024,0.14744481,4400,928.4742,0.009730574,0.06804365,3780.6736,1099.9624,0.011804915,67.203766,261.99973,26.823236,2.1426313
Grid_Cell_6,2025,0.1474178,5521,821.7461,0.009053516,0.070192896,3624.6099,1162.9574,0.015927922,62.995594,266.3881,27.245691,2.0122864
Grid_Cell_60,2000,0.16949454,142,628.2388,0.005616583,0.35479474,4551.807,604.3287,0.001197431,62.620556,210.27768,29.897364,2.5110824
Grid_Cell_60,2001,0.16943644,108,580.38995,0.008604201,0.31768492,4072.0698,739.3194,0.001754654,64.61911,202.01562,28.780573,2.3806772
Grid_Cell_60,2002,0.16943644,139,563.5071,0.007911704,0.33546743,4305.2046,590.89825,0.00101376,67.050095,216.3514,29.411829,2.3037825
Grid_Cell_60,2003,0.16943644,183,584.9864,0.009391106,0.10843095,3924.164,751.6832,0.001672774,67.312904,224.99525,28.721796,2.1831229
Grid_Cell_60,2004,0.16949536,202,600.3142,0.008984705,0.3032423,3947.8606,696.79803,0.001451605,66.06629,218.45552,29.027735,2.1595378
Grid_Cell_60,2005,0.16943644,114,590.2853,0.009713312,0.2869311,4023.633,668.65063,0.001478117,68.97306,219.57704,28.808435,2.2021868
Grid_Cell_60,2006,0.16943644,108,681.1816,0.008160366,0.26009926,4541.6743,909.8633,0.002727678,62.402496,225.78278,28.877985,2.2349114
Grid_Cell_60,2007,0.16943644,184,606.777,0.008563574,0.29329786,4457.8423,660.12726,0.00141649,70.41252,221.25945,28.59698,2.2882605
Grid_Cell_60,2008,0.16949536,177,549.9848,0.009320811,0.12173024,4088.8464,682.4022,0.001487261,72.06523,215.86714,28.082178,2.2567596
Grid_Cell_60,2009,0.16943644,163,623.71344,0.009139112,0.36068967,4321.333,642.9564,0.00091,63.950176,213.11584,29.424768,2.3577352
Grid_Cell_60,2010,0.16943644,329,621.9978,0.009001311,0.11268549,4353.547,785.60175,0.004747743,65.58544,216.21574,29.321253,2.2510645
Grid_Cell_60,2011,0.16943644,283,611.7875,0.008423337,0.2914879,4503.2744,619.56146,0.002158,71.63513,213.05798,29.407404,2.4432616
Grid_Cell_60,2012,0.16949536,691,685.25525,0.008689433,0.2660609,4364.623,859.4217,0.007641745,64.74078,220.2276,29.829157,2.5434835
Grid_Cell_60,2013,0.16943644,739,585.38776,0.008309163,0.056770872,4500.2383,646.10785,0.004642353,68.59677,214.70184,30.527063,2.4252615
Grid_Cell_60,2014,0.16943644,959,596.37506,0.008486448,0.061505683,4604.0215,559.103,0.002918928,70.08925,195.96202,30.439478,2.572078
Grid_Cell_60,2015,0.16943644,955,613.15076,0.008002654,0.061616886,4658.309,632.7375,0.001955938,68.49916,186.03654,29.522516,2.6784923
Grid_Cell_60,2016,0.16949536,792,434.96893,0.008256661,0.057937514,4571.47,349.17932,0.002203272,74.73034,153.56473,29.94491,2.558527
Grid_Cell_60,2017,0.16943644,952,342.79037,0.008025225,0.05465627,4931.3496,339.36517,0.000871,83.0702,98.94729,29.931025,3.0460103
Grid_Cell_60,2018,0.16943644,1402,526.5242,0.008326213,0.055427704,5015.7344,693.4443,0.011681154,78.14398,150.31749,30.339106,3.3228574
Grid_Cell_60,2019,0.16943644,1634,585.9676,0.009147831,0.058035206,4747.6963,671.65845,0.003823202,72.72393,187.57343,29.695734,3.2676513
Grid_Cell_60,2020,0.16949536,2854,690.05865,0.008946208,0.053807028,4816.7505,870.7491,0.003854471,67.94461,229.19035,28.850641,3.417111
Grid_Cell_60,2021,0.16943644,3528,656.493,0.008505365,0.05490027,4870.9863,652.58136,0.002423284,66.18367,212.01979,29.272821,3.4407287
Grid_Cell_60,2022,0.16943644,3730,729.16907,0.008850695,0.05700586,4686.2324,925.60535,0.004026551,61.434055,215.0044,28.260675,3.5153728
Grid_Cell_60,2023,0.16943644,3549,673.8357,0.008790172,0.051014137,4734.164,645.07965,0.002163171,62.602196,207.27702,29.619196,3.3711524
Grid_Cell_60,2024,0.16949563,4400,709.6506,0.008874718,0.058348853,4781.928,932.8667,0.003278904,70.940445,199.4333,29.033716,3.4923909
Grid_Cell_60,2025,0.16943495,5521,638.24713,0.008315663,0.05581883,4742.645,753.942,0.002507961,68.47404,220.2006,29.408197,3.4211133
Grid_Cell_61,2000,0.15054263,142,682.1161,0.005556563,0.290758,4727.88,602.05316,0.007593095,61.561146,282.06665,29.961817,2.515353
Grid_Cell_61,2001,0.1504904,108,628.1573,0.008532506,0.32948142,4208.0156,736.4185,0.013085654,64.54994,253.139,28.891657,2.3677664
Grid_Cell_61,2002,0.1504904,139,596.3208,0.007807231,0.2534509,4525.744,588.465,0.006289431,68.684,268.18784,29.45022,2.285529
Grid_Cell_61,2003,0.1504904,183,663.8955,0.009367075,0.08325726,4052.834,752.8464,0.011811946,66.57945,284.7639,28.771845,2.157986
Grid_Cell_61,2004,0.15054317,202,662.6958,0.008963472,0.42860872,4055.5334,683.15076,0.010359976,65.03133,284.99478,29.103754,2.182762
Grid_Cell_61,2005,0.1504904,114,636.2522,0.009758219,0.14276372,4152.064,659.77527,0.0094356,68.56774,277.41534,28.8753,2.203454
Grid_Cell_61,2006,0.1504904,108,766.6031,0.008134989,0.39325202,4698.85,912.5039,0.021547602,59.827343,293.1014,28.960596,2.276658
Grid_Cell_61,2007,0.1504904,184,673.9184,0.008573595,0.15510467,4657.04,660.4297,0.009358116,68.930626,298.29416,28.707727,2.3181577
Grid_Cell_61,2008,0.15054317,177,614.06384,0.009320289,0.16861422,4302.206,672.7389,0.009374416,70.046776,276.45142,28.177698,2.3022175
Grid_Cell_61,2009,0.1504904,163,661.5512,0.009134423,0.27763334,4539.6606,639.28986,0.006479627,63.98271,274.49747,29.490808,2.3991394
Grid_Cell_61,2010,0.1504904,329,679.36633,0.009045332,0.18355986,4551.852,780.7007,0.016892558,64.28018,271.2099,29.321985,2.2891467
Grid_Cell_61,2011,0.1504904,283,647.32166,0.008374597,0.30888486,4759.577,619.7073,0.008598167,71.43612,272.38556,29.360285,2.5202138
Grid_Cell_61,2012,0.15054317,691,730.0896,0.008686875,0.1973736,4614.288,859.397,0.030962002,64.42622,270.04175,29.772058,2.6202254
Grid_Cell_61,2013,0.1504904,739,618.6236,0.008294078,0.06422316,4781.439,646.13916,0.012947236,69.59034,264.25363,30.498774,2.5046792
Grid_Cell_61,2014,0.1504904,959,569.7962,0.008502503,0.0672809,4933.0024,559.062,0.011974634,76.12027,230.74814,30.379755,2.66653
Grid_Cell_61,2015,0.1504904,955,612.43036,0.007899379,0.06388215,4968.4717,632.543,0.0076495,71.69356,220.10501,29.711634,2.7063005
Grid_Cell_61,2016,0.15054317,792,340.18433,0.008168263,0.06447401,4890.5933,333.68494,0.014229178,82.52154,187.98369,30.082056,2.6139915
Grid_Cell_61,2017,0.1504904,952,278.33163,0.007836191,0.06842997,5194.74,289.629,0.004393284,87.50368,158.56377,30.485987,2.9912157
Grid_Cell_61,2018,0.1504904,1402,457.105,0.008087473,0.073751755,5191.0635,569.07904,0.030895118,83.302246,193.25426,31.371546,3.1345696
Grid_Cell_61,2019,0.1504904,1634,565.1463,0.009088756,0.048250526,4838.488,685.814,0.024879232,75.44082,221.94951,30.182703,3.0387814
Grid_Cell_61,2020,0.15054317,2854,759.5919,0.008885511,0.035031848,4840.5327,874.2021,0.02777777,65.535515,310.385,28.94723,3.144809
Grid_Cell_61,2021,0.1504904,3528,700.1304,0.008489608,0.054189917,4813.1455,682.0697,0.017347476,66.11314,294.0689,29.592157,3.1433313
Grid_Cell_61,2022,0.1504904,3730,783.829,0.008942335,0.058162667,4539.276,932.9137,0.026965816,61.51296,283.50958,28.575342,3.1717086
Grid_Cell_61,2023,0.1504904,3549,704.21606,0.008814905,0.05066718,4699.565,644.20166,0.012623596,63.125435,277.82053,30.060358,3.0951593
Grid_Cell_61,2024,0.15054375,4400,770.7659,0.008940524,0.061667133,4692.9053,932.87085,0.021205137,70.44482,266.73163,29.370447,3.1397946
Grid_Cell_61,2025,0.15048972,5521,698.5518,0.008341714,0.04998234,4620.9785,753.92474,0.017466363,67.03046,297.1353,29.895288,3.1153116
Grid_Cell_62,2000,0.23988879,142,622.98206,0.006412545,0.24225932,4156.4097,642.23865,0.001001565,48.08275,211.29277,28.448023,2.356897
Grid_Cell_62,2001,0.23980822,108,604.00415,0.009565437,0.21310368,3584.983,831.8182,0.002089887,55.276676,213.55307,27.053766,2.26578
Grid_Cell_62,2002,0.23980822,139,582.63715,0.008906711,0.23843417,3915.2732,634.50543,0.000846,58.092484,203.64662,28.21792,2.29094
Grid_Cell_62,2003,0.23980822,183,588.7264,0.009678763,0.17690091,3593.688,759.28973,0.001562969,53.25024,219.37274,27.922663,2.3328488
Grid_Cell_62,2004,0.23989071,202,591.7398,0.009103527,0.22428142,3787.6023,663.9437,0.000958,54.46647,206.5777,28.548853,2.3817372
Grid_Cell_62,2005,0.23980822,114,612.9523,0.009755014,0.21402788,3696.2947,810.4849,0.001954223,53.211807,212.89224,28.31286,2.426228
Grid_Cell_62,2006,0.23980822,108,646.3364,0.008867612,0.21459074,3894.9626,888.205,0.002205079,49.18759,223.4786,28.96145,2.484843
Grid_Cell_62,2007,0.23980822,184,655.9213,0.008995961,0.23603995,3960.1025,832.2588,0.002308572,50.676315,225.16235,28.572565,2.5803838
Grid_Cell_62,2008,0.23989071,177,551.26324,0.008862758,0.23972888,3839.3833,774.9638,0.00181568,57.00424,203.5449,27.885614,2.5582283
Grid_Cell_62,2009,0.23980822,163,648.4011,0.008988882,0.18103737,4048.372,713.7461,0.001333575,50.400345,203.69302,29.423182,2.5881805
Grid_Cell_62,2010,0.23980822,329,691.66754,0.00892893,0.26344037,4012.1438,943.9254,0.004999466,48.15578,216.8216,29.09286,2.5328455
Grid_Cell_62,2011,0.23980822,283,707.19684,0.008092183,0.14183187,4575.9614,742.972,0.002578027,53.288353,212.07774,29.073023,3.2019947
Grid_Cell_62,2012,0.23989071,691,760.1274,0.008457616,0.23059955,4411.685,1107.5706,0.00847888,46.644146,221.8866,29.210749,3.3050272
Grid_Cell_62,2013,0.23980822,739,656.7336,0.007944314,0.11152296,4517.5464,708.40656,0.002414154,49.78231,206.02763,30.050287,3.1254668
Grid_Cell_62,2014,0.23980822,959,710.4846,0.008126766,0.12087563,4537.9404,794.04193,0.004524031,48.87294,204.8049,29.984735,3.2243724
Grid_Cell_62,2015,0.23980822,955,679.3256,0.00775439,0.11606248,4731.1274,764.20374,0.004963339,52.55831,208.1499,28.871027,3.3805814
Grid_Cell_62,2016,0.23989071,792,397.88397,0.008149806,0.11116855,4700.9194,264.1237,0.001006079,68.74959,156.1299,29.466242,3.2430215
Grid_Cell_62,2017,0.23980822,952,209.26024,0.007624921,0.10940337,4976.7266,190.73233,0.000891,83.76824,75.42313,28.95547,3.6023457
Grid_Cell_62,2018,0.23980822,1402,146.02505,0.007930357,0.109345265,5069.9487,139.33836,0.000232,95.33885,59.7967,28.831476,3.7465217
Grid_Cell_62,2019,0.23980822,1634,326.3129,0.008508934,0.113535814,4805.165,363.5777,0.00172913,80.585045,82.4265,28.499384,3.7668636
Grid_Cell_62,2020,0.23989071,2854,776.7191,0.008569334,0.110794626,4838.7153,1039.4602,0.009125891,51.627083,219.41168,27.927637,3.9871588
Grid_Cell_62,2021,0.23980822,3528,663.6231,0.007954201,0.113659926,4766.5513,693.8654,0.005354236,55.20868,195.98073,28.098383,3.8907628
Grid_Cell_62,2022,0.23980822,3730,651.35944,0.008247249,0.113689244,4632.793,885.5957,0.006720182,53.75394,188.55983,27.156427,3.923866
Grid_Cell_62,2023,0.23980822,3549,755.81635,0.007995504,0.1129053,4756.0522,854.89453,0.005588613,46.415493,205.76318,28.563257,3.7856388
Grid_Cell_62,2024,0.23989072,4400,728.08514,0.008519165,0.115575604,4674.934,900.8954,0.006478947,55.53216,195.22409,27.930597,3.888003
Grid_Cell_62,2025,0.23980822,5521,683.446,0.007671957,0.112426415,4666.093,839.2513,0.005997862,52.043808,202.53703,28.46258,3.806012
Grid_Cell_63,2000,0.23529786,142,621.2409,0.006194011,0.2287086,4221.778,626.85095,0.000914,49.092964,215.4125,28.03097,2.4353735
Grid_Cell_63,2001,0.23522602,108,608.02606,0.009205742,0.21474406,3658.2068,817.1323,0.001898723,55.97276,217.82832,26.698511,2.3359854
Grid_Cell_63,2002,0.23522602,139,583.1653,0.008546916,0.22035484,4015.2668,604.33234,0.000752,59.453033,207.77574,27.835749,2.351214
Grid_Cell_63,2003,0.23522602,183,597.3276,0.009251253,0.18029597,3764.5576,737.4283,0.001301452,55.19932,218.99388,27.422388,2.3797324
Grid_Cell_63,2004,0.23530054,202,598.1008,0.008719166,0.2208718,3909.9749,659.6205,0.000937,54.62436,211.85214,28.07281,2.426307
Grid_Cell_63,2005,0.23522602,114,614.6436,0.009540729,0.19905792,3797.0771,804.8732,0.0019405,56.526306,218.55466,27.744318,2.4704745
Grid_Cell_63,2006,0.23522602,108,655.97437,0.008715356,0.19534117,3960.08,876.62415,0.002066014,52.285038,228.30989,28.376795,2.523165
Grid_Cell_63,2007,0.23522602,184,663.1908,0.008872191,0.20811395,3967.0396,825.38135,0.002109589,52.544144,229.49437,28.016565,2.6374385
Grid_Cell_63,2008,0.23530054,177,543.7347,0.008767509,0.17962812,3869.081,770.03735,0.001800632,60.496605,210.69897,27.30816,2.5929961
Grid_Cell_63,2009,0.23522602,163,638.9414,0.00890969,0.21752913,4080.4885,682.36664,0.001143397,53.295624,208.03299,28.845545,2.6312284
Grid_Cell_63,2010,0.23522602,329,675.1673,0.008826691,0.23080088,4049.9702,873.53204,0.004551038,51.507626,218.8446,28.737879,2.5856879
Grid_Cell_63,2011,0.23522602,283,680.97986,0.008057015,0.15203872,4591.3413,681.6582,0.001795435,57.40239,210.67598,28.955683,3.257166
Grid_Cell_63,2012,0.23530054,691,708.98694,0.0084046,0.22946575,4444.414,947.7645,0.006106974,51.317284,217.27911,29.136805,3.3464208
Grid_Cell_63,2013,0.23522602,739,646.05566,0.007847509,0.08527415,4576.3223,667.8687,0.002461959,53.091526,207.26508,30.076563,3.1803985
Grid_Cell_63,2014,0.23522602,959,657.5786,0.008027161,0.09483404,4612.6904,665.52515,0.003506788,54.596554,195.47049,29.909113,3.2769067
Grid_Cell_63,2015,0.23522602,955,632.1566,0.007824818,0.09621368,4824.941,695.6442,0.003281832,58.503174,194.98453,28.79632,3.5176704
Grid_Cell_63,2016,0.23530054,792,410.9723,0.008210667,0.0927867,4721.67,282.08456,0.000932,71.05191,156.52994,29.30755,3.3599956
Grid_Cell_63,2017,0.23522602,952,274.4145,0.007776842,0.093850374,4962.9746,261.37946,0.001089089,82.86627,85.662895,28.80581,3.7110786
Grid_Cell_63,2018,0.23522602,1402,249.47176,0.00814161,0.09254031,5009.1924,247.28436,0.000583,91.37446,74.570526,28.462458,3.8208368
Grid_Cell_63,2019,0.23522602,1634,367.64664,0.008580386,0.09444868,4840.0884,402.99335,0.002419103,81.617035,92.6298,28.33822,3.8150144
Grid_Cell_63,2020,0.23530054,2854,750.1052,0.008615006,0.088176414,4931.395,866.74994,0.0041671,56.66118,218.19606,27.923975,4.0463457
Grid_Cell_63,2021,0.23522602,3528,684.75653,0.007991529,0.0902074,4840.7095,712.2319,0.004730664,56.897446,202.3575,28.10406,3.9088793
Grid_Cell_63,2022,0.23522602,3730,655.11676,0.008274232,0.09561527,4725.0366,854.2433,0.00604113,57.47495,197.85657,27.164637,3.9701674
Grid_Cell_63,2023,0.23522602,3549,780.20917,0.008033449,0.09259428,4830.511,869.4454,0.004410692,48.22722,213.77374,28.560785,3.8128648
Grid_Cell_63,2024,0.23530048,4400,741.1787,0.008532879,0.095035106,4785.6304,916.2886,0.008157213,58.458733,209.50145,27.950129,3.9247208
Grid_Cell_63,2025,0.23522602,5521,686.9447,0.007690023,0.090224855,4762.32,822.6509,0.005467839,52.915974,207.97017,28.44317,3.8776166
Grid_Cell_64,2000,0.23240143,142,612.3856,0.006117284,0.23357517,4176.258,616.1329,0.004284633,51.722538,113.69053,28.084528,2.4927018
Grid_Cell_64,2001,0.23232876,108,600.0319,0.009048841,0.23326403,3699.125,803.96063,0.009093038,57.91415,119.56448,26.787409,2.3822527
Grid_Cell_64,2002,0.23232876,139,564.0471,0.008403936,0.2157263,4019.5115,581.9656,0.00345289,61.601826,101.99778,27.889032,2.385666
Grid_Cell_64,2003,0.23232876,183,584.063,0.009141627,0.22091143,3762.226,717.15454,0.005963576,57.47465,120.0766,27.394495,2.4051433
Grid_Cell_64,2004,0.23240437,202,582.27576,0.008628886,0.19581372,3939.7156,656.1567,0.004839392,56.843136,108.25233,28.066523,2.4525023
Grid_Cell_64,2005,0.23232876,114,599.2773,0.009531298,0.21266346,3787.4617,799.65576,0.009944901,58.902313,120.22444,27.664484,2.5123239
Grid_Cell_64,2006,0.23232876,108,642.7282,0.008703287,0.21826679,3902.2795,867.1514,0.010639959,54.21342,129.72066,28.275293,2.5585759
Grid_Cell_64,2007,0.23232876,184,645.8557,0.008868866,0.21492285,3969.5781,819.46185,0.010251891,54.71422,131.91515,27.960535,2.6915138
Grid_Cell_64,2008,0.23240437,177,521.01215,0.008821392,0.15001208,3857.243,766.0167,0.009793662,64.7466,112.32986,27.233881,2.630052
Grid_Cell_64,2009,0.23232876,163,611.4457,0.008969544,0.23169865,4078.9622,656.3614,0.005173808,56.065037,102.09647,28.769983,2.6728723
Grid_Cell_64,2010,0.23232876,329,646.8497,0.00887477,0.23268603,4044.2625,844.5082,0.021534894,54.755573,119.143196,28.6719,2.6240098
Grid_Cell_64,2011,0.23232876,283,645.78046,0.008162854,0.2244146,4474.015,658.25244,0.008940076,60.88817,104.2339,28.848902,3.215111
Grid_Cell_64,2012,0.23240437,691,665.96313,0.008493539,0.2153656,4328.238,886.4578,0.024803497,55.715473,118.104576,29.061457,3.2507582
Grid_Cell_64,2013,0.23232876,739,612.7365,0.00790342,0.09600877,4449.128,652.0392,0.013625661,56.9034,102.87539,30.010675,3.088104
Grid_Cell_64,2014,0.23232876,959,589.80536,0.008079393,0.1055564,4508.322,616.01794,0.014744164,60.399986,82.46861,29.842615,3.1889272
Grid_Cell_64,2015,0.23232876,955,603.5323,0.007836242,0.10450851,4656.759,679.9982,0.014692915,62.619194,91.348175,28.758112,3.4302387
Grid_Cell_64,2016,0.23240437,792,318.77686,0.008201849,0.09786875,4656.811,251.19264,0.002861496,79.94873,52.11843,29.243189,3.2805214
Grid_Cell_64,2017,0.23232876,952,278.7431,0.00783578,0.10160265,4846.9673,276.80618,0.006717137,84.74371,30.414724,28.841333,3.6766267
Grid_Cell_64,2018,0.23232876,1402,245.21548,0.008208322,0.1058788,4948.362,227.97827,0.003713551,93.898186,28.201487,28.476831,3.8542273
Grid_Cell_64,2019,0.23232876,1634,348.21747,0.008610992,0.102389485,4731.683,352.64914,0.003686863,84.15222,34.46695,28.351587,3.792172
Grid_Cell_64,2020,0.23240437,2854,565.27496,0.008637277,0.09504473,4913.06,827.66925,0.000593,70.36802,95.02935,28.088923,4.0442286
Grid_Cell_64,2021,0.23232876,3528,520.91296,0.008012714,0.10608415,4848.335,709.83325,0.000621,69.46729,86.039116,28.237085,3.9238791
Grid_Cell_64,2022,0.23232876,3730,493.27335,0.008296222,0.09937691,4684.228,847.3388,0.00092,69.800476,86.704414,27.240198,3.9858522
Grid_Cell_64,2023,0.23232876,3549,588.6669,0.008066668,0.09752043,4866.63,873.42303,0.000665,62.335575,92.32457,28.563196,3.82944
Grid_Cell_64,2024,0.23240459,4400,553.48956,0.008526491,0.09796966,4773.3403,919.72784,0.001213318,72.60677,91.02318,28.021753,3.9219787
Grid_Cell_64,2025,0.23232876,5521,512.9522,0.007709933,0.09531172,4769.5566,818.7646,0.000796,66.10395,88.517,28.448267,3.8726907
Grid_Cell_65,2000,0.2252986,142,619.04944,0.006079703,0.29156774,4252.9497,611.67126,0.004134178,53.380764,114.40963,28.219446,2.534041
Grid_Cell_65,2001,0.22521944,108,606.47626,0.008939465,0.25049773,3778.4377,791.11945,0.008265432,58.458828,118.95609,26.932154,2.4047527
Grid_Cell_65,2002,0.22521944,139,562.88934,0.008335111,0.30079263,4069.4866,570.3361,0.003252942,62.6173,102.39446,27.988672,2.3977208
Grid_Cell_65,2003,0.22521944,183,583.4873,0.009193938,0.19448127,3788.0215,700.2482,0.005445034,58.6748,119.413734,27.450617,2.4078145
Grid_Cell_65,2004,0.22530054,202,585.92914,0.008687629,0.2657763,3981.281,655.07104,0.004842135,58.63104,109.55665,28.141321,2.4645584
Grid_Cell_65,2005,0.22521944,114,606.6807,0.009569941,0.24295987,3834.0552,792.4068,0.009447627,60.334484,121.83143,27.705347,2.5463307
Grid_Cell_65,2006,0.22521944,108,650.5463,0.008688407,0.1921714,3953.689,865.35974,0.010451058,54.8242,132.24306,28.296198,2.5878224
Grid_Cell_65,2007,0.22521944,184,650.0623,0.008851431,0.32258782,4050.3647,814.62024,0.009518689,55.731663,133.89874,28.026789,2.7348015
Grid_Cell_65,2008,0.22530054,177,523.29224,0.008880842,0.18919846,3928.284,765.0291,0.009719887,67.15232,114.67961,27.289515,2.6609263
Grid_Cell_65,2009,0.22521944,163,612.1909,0.009035005,0.32974488,4144.518,644.32904,0.005010757,57.684235,102.38328,28.819056,2.7058175
Grid_Cell_65,2010,0.22521944,329,649.891,0.008883677,0.23870489,4129.459,841.7963,0.02271838,56.227474,118.88105,28.786097,2.6629825
Grid_Cell_65,2011,0.22521944,283,645.0871,0.008201224,0.13567276,4485.0176,658.2535,0.009568202,62.64689,105.51813,28.908716,3.1262069
Grid_Cell_65,2012,0.22530054,691,667.6692,0.008524707,0.29574677,4297.4565,886.3135,0.025760334,57.694187,120.13611,29.125086,3.1041393
Grid_Cell_65,2013,0.22521944,739,611.67706,0.007914208,0.09066746,4420.3774,651.98627,0.013634335,58.62461,106.33637,30.093073,2.955467
Grid_Cell_65,2014,0.22521944,959,595.2194,0.008078606,0.09148762,4491.5815,615.97797,0.014251404,62.001442,84.74447,29.9331,3.0435848
Grid_Cell_65,2015,0.22521944,955,602.9869,0.007864753,0.090801224,4587.8774,679.9658,0.015666733,65.05048,91.74545,28.819666,3.2257183
Grid_Cell_65,2016,0.22530054,792,299.1035,0.00820908,0.09191378,4591.541,228.25903,0.002409368,82.57485,52.747856,29.28692,3.0948317
Grid_Cell_65,2017,0.22521944,952,277.0216,0.007923161,0.09173472,4818.4307,287.1018,0.008987905,87.22832,31.324919,28.903894,3.5669005
Grid_Cell_65,2018,0.22521944,1402,233.11194,0.008304908,0.09950985,4959.507,217.11456,0.003561192,96.60556,27.54851,28.44958,3.8396726
Grid_Cell_65,2019,0.22521944,1634,322.6247,0.008692557,0.100012705,4790.651,327.21085,0.004241449,87.63138,32.585102,28.355738,3.843165
Grid_Cell_65,2020,0.22530054,2854,573.31726,0.008705805,0.08555574,5027.3887,828.12805,0.000613,71.14493,97.16193,28.165827,4.1453214
Grid_Cell_65,2021,0.22521944,3528,527.02686,0.008108341,0.09688548,4944.159,708.12573,0.000679,70.472595,88.758446,28.313288,4.010797
Grid_Cell_65,2022,0.22521944,3730,501.0288,0.008385393,0.10164198,4778.6533,847.5624,0.00089,71.49039,89.331314,27.283442,4.0741744
Grid_Cell_65,2023,0.22521944,3549,600.82983,0.00813734,0.09423999,4978.6167,874.77625,0.000717,62.484352,94.75188,28.627039,3.9398854
Grid_Cell_65,2024,0.22530049,4400,564.7192,0.008588568,0.102851935,4867.6646,919.7364,0.00125034,73.30976,93.6815,28.105494,3.9960585
Grid_Cell_65,2025,0.22521918,5521,521.89124,0.00777638,0.08998996,4888.8916,817.041,0.000833,67.1371,91.14835,28.532038,3.9667208
Grid_Cell_66,2000,0.22820717,142,627.9942,0.006042716,0.25798678,4277.6997,611.9331,0.004050287,52.62869,112.94306,28.357325,2.5885336
Grid_Cell_66,2001,0.22813697,108,612.74133,0.008830595,0.2868554,3795.6655,778.2923,0.007558048,56.882214,116.20567,27.079584,2.4401293
Grid_Cell_66,2002,0.22813697,139,565.1336,0.008285029,0.24301304,4065.9006,567.1123,0.003105075,61.617256,101.133354,28.116663,2.415803
Grid_Cell_66,2003,0.22813697,183,583.8276,0.009321675,0.17677468,3726.6116,685.2903,0.004878291,58.96882,116.93738,27.583216,2.3802803
Grid_Cell_66,2004,0.22820984,202,588.95996,0.008826737,0.19838928,3913.3936,656.00806,0.004775669,58.521988,108.7881,28.256739,2.4532535
Grid_Cell_66,2005,0.22813697,114,618.6212,0.009616267,0.31004313,3807.159,780.3151,0.008369476,59.479313,121.19908,27.796473,2.5544128
Grid_Cell_66,2006,0.22813697,108,664.98376,0.008644468,0.19040234,3962.3994,872.6767,0.010130011,53.169395,132.41043,28.305414,2.596658
Grid_Cell_66,2007,0.22813697,184,655.41156,0.008803441,0.26751634,4077.2285,809.3779,0.008834761,54.942715,133.08644,28.06991,2.7433631
Grid_Cell_66,2008,0.22820984,177,531.08575,0.008921457,0.18867218,3942.1624,767.2952,0.00924626,67.000336,113.83929,27.325647,2.6698403
Grid_Cell_66,2009,0.22813697,163,623.17664,0.009087553,0.29602307,4155.3203,645.85077,0.004903093,56.899403,101.44104,28.854517,2.7145162
Grid_Cell_66,2010,0.22813697,329,656.3105,0.00888975,0.24655925,4152.4653,840.1212,0.021907052,55.555756,116.344986,28.851435,2.6767151
Grid_Cell_66,2011,0.22813697,283,648.8466,0.008235203,0.27746293,4469.959,658.27515,0.009606182,62.197666,104.48197,28.904078,3.0818577
Grid_Cell_66,2012,0.22820984,691,672.8423,0.00854677,0.2159091,4266.017,886.51807,0.027477039,57.160427,119.12806,29.109583,3.0345695
Grid_Cell_66,2013,0.22813697,739,612.66095,0.007931711,0.0797973,4398.4814,651.9053,0.015157243,58.41098,105.46956,30.085108,2.9005353
Grid_Cell_66,2014,0.22813697,959,599.6993,0.008092379,0.0806762,4451.203,616.0245,0.011997531,61.11414,84.13394,29.933405,2.9725232
Grid_Cell_66,2015,0.22813697,955,606.06055,0.007911561,0.07977517,4503.217,681.49945,0.015099311,64.0662,92.44445,28.755274,3.1280813
Grid_Cell_66,2016,0.22820984,792,294.86316,0.008221579,0.07974449,4525.766,222.19202,0.002164085,81.51306,52.536774,29.244226,3.005863
Grid_Cell_66,2017,0.22813697,952,285.52554,0.007978006,0.08316948,4768.2686,299.23453,0.009551747,85.854195,31.952736,28.852076,3.5210102
Grid_Cell_66,2018,0.22813697,1402,259.70477,0.008366114,0.08858363,4913.5186,250.37747,0.004155397,93.51067,29.081764,28.481043,3.8377547
Grid_Cell_66,2019,0.22813697,1634,324.76526,0.008751515,0.09124767,4774.2007,335.75687,0.005795278,87.01065,33.37249,28.448877,3.8654938
Grid_Cell_66,2020,0.22820984,2854,584.0544,0.008754415,0.084823936,5003.6514,831.6543,0.000749,70.73997,97.608894,28.19024,4.1755466
Grid_Cell_66,2021,0.22813697,3528,535.4563,0.008138618,0.0934269,4930.737,714.1478,0.000648,69.15829,89.261734,28.297235,4.054975
Grid_Cell_66,2022,0.22813697,3730,511.23373,0.008426088,0.09224646,4775.9214,849.43945,0.000739,70.39292,89.73297,27.25509,4.120236
Grid_Cell_66,2023,0.22813697,3549,607.57336,0.008179929,0.09034831,4956.1235,870.95844,0.000737,61.58577,95.12765,28.62234,3.9668717
Grid_Cell_66,2024,0.22821015,4400,580.14874,0.00862154,0.093501605,4865.2783,921.74475,0.001169103,72.26173,94.314415,28.117334,4.0298085
Grid_Cell_66,2025,0.22813697,5521,528.9429,0.007838111,0.09227475,4876.931,817.95264,0.000842,66.76233,91.795456,28.502802,3.995676
Grid_Cell_67,2000,0.23737581,142,612.4104,0.005985859,0.2605844,4130.463,614.506,0.00437179,47.217884,116.188545,28.707819,2.6036344
Grid_Cell_67,2001,0.23730136,108,605.4276,0.008799526,0.25857538,3721.8914,765.30743,0.00754011,52.993065,117.26517,27.386072,2.4406774
Grid_Cell_67,2002,0.23730136,139,556.8532,0.008302354,0.2394382,3923.3125,568.00336,0.003200164,55.563316,103.98771,28.409052,2.4017618
Grid_Cell_67,2003,0.23730136,183,567.44934,0.00953462,0.16688065,3566.0188,670.3376,0.004777942,56.766308,118.438576,27.863153,2.3482256
Grid_Cell_67,2004,0.23737705,202,565.4178,0.009052011,0.2087898,3681.234,657.5611,0.005203262,53.21551,111.3843,28.497705,2.4360063
Grid_Cell_67,2005,0.23730136,114,608.34503,0.00974614,0.2706408,3691.6846,766.7395,0.008142548,55.952595,124.27343,27.938684,2.5241733
Grid_Cell_67,2006,0.23730136,108,657.3644,0.008674671,0.16170819,3900.6626,882.0662,0.010687918,48.99719,132.71964,28.190393,2.5441923
Grid_Cell_67,2007,0.23730136,184,636.0817,0.008847644,0.2703739,4047.935,804.3203,0.009139517,52.975796,132.41855,27.943415,2.6796303
Grid_Cell_67,2008,0.23737705,177,521.07996,0.009052509,0.21171857,3853.8262,770.60175,0.009519207,62.683895,113.278404,27.270868,2.610619
Grid_Cell_67,2009,0.23730136,163,618.73895,0.00923267,0.26011288,4041.9924,651.159,0.005218305,52.49996,105.36296,28.780268,2.6544132
Grid_Cell_67,2010,0.23730136,329,647.3756,0.009011065,0.19017625,4061.8032,859.6292,0.023207702,51.709255,119.19552,28.626123,2.624318
Grid_Cell_67,2011,0.23730136,283,606.62616,0.008358484,0.21710545,4377.4336,614.52325,0.010108435,60.266735,103.80171,28.590815,3.0300767
Grid_Cell_67,2012,0.23737705,691,660.7416,0.008672992,0.2332076,4156.4214,902.9054,0.027983274,53.178368,120.47724,28.758509,2.9673223
Grid_Cell_67,2013,0.23730136,739,606.02435,0.008070352,0.095030956,4260.6113,694.1625,0.01936276,55.146843,109.62737,29.643213,2.8354669
Grid_Cell_67,2014,0.23730136,959,644.83136,0.008234411,0.09492614,4284.477,690.6006,0.01276786,53.247078,100.66341,29.541101,2.9021807
Grid_Cell_67,2015,0.23730136,955,643.54626,0.007911465,0.09521502,4384.774,710.7308,0.015484455,56.267982,107.97476,28.339228,3.0586293
Grid_Cell_67,2016,0.23737705,792,278.68155,0.008196917,0.09740954,4444.642,206.78159,0.00347096,76.36339,55.04427,28.812403,2.9685678
Grid_Cell_67,2017,0.23730136,952,250.5292,0.007908396,0.098290205,4735.0977,259.1417,0.008797229,81.856064,29.856613,28.467218,3.508065
Grid_Cell_67,2018,0.23730136,1402,248.12285,0.008275254,0.10062104,4883.9956,236.13875,0.002615144,87.69439,28.16448,28.489588,3.8385081
Grid_Cell_67,2019,0.23730136,1634,355.75586,0.008766543,0.09783912,4676.8125,390.81094,0.010837651,78.94242,38.78132,28.476526,3.8329937
Grid_Cell_67,2020,0.23737705,2854,571.7965,0.008764177,0.09270787,4878.951,867.4597,0.00117875,66.3135,98.64702,28.19964,4.124693
Grid_Cell_67,2021,0.23730136,3528,506.41507,0.008143556,0.09921441,4802.007,679.23035,0.000576,65.120316,87.28189,28.276423,4.002749
Grid_Cell_67,2022,0.23730136,3730,505.1047,0.00844863,0.0942686,4648.4966,878.4223,0.000706,64.714905,89.93118,27.288233,4.0574617
Grid_Cell_67,2023,0.23730136,3549,566.1532,0.008214895,0.088451006,4819.589,729.6977,0.000528,58.668835,91.18084,28.62536,3.9128306
Grid_Cell_67,2024,0.23737697,4400,584.3944,0.008643324,0.096612446,4756.576,959.90955,0.001198695,66.39031,94.23765,28.127924,3.997568
Grid_Cell_67,2025,0.23730136,5521,527.8084,0.007851149,0.097048044,4802.3726,858.8387,0.000862,63.20931,92.47887,28.473352,3.9515073
Grid_Cell_68,2000,0.23658372,142,609.57355,0.005910134,0.2549731,4119.0015,616.74054,0.004755634,47.530594,115.77352,29.080774,2.6029854
Grid_Cell_68,2001,0.23650685,108,599.46497,0.008785543,0.27902818,3746.218,752.65845,0.007516826,53.118114,115.35637,27.716608,2.43078
Grid_Cell_68,2002,0.23650685,139,556.08105,0.008292238,0.27556768,3954.4734,571.2779,0.003339747,56.144066,103.698814,28.705774,2.3820357
Grid_Cell_68,2003,0.23650685,183,561.46075,0.009521054,0.17035192,3594.7239,659.4167,0.004808052,57.94956,116.53027,28.128016,2.3101091
Grid_Cell_68,2004,0.23658523,202,562.7995,0.009048226,0.24254923,3687.1719,660.7934,0.005731885,53.422558,110.697845,28.724024,2.3949544
Grid_Cell_68,2005,0.23650685,114,599.0991,0.009764373,0.31024855,3688.2847,753.5797,0.007958904,56.1324,123.86543,28.133142,2.4799266
Grid_Cell_68,2006,0.23650685,108,654.31116,0.008670568,0.15894443,3922.1787,889.19104,0.011316983,49.06224,132.41167,28.294703,2.5021377
Grid_Cell_68,2007,0.23650685,184,624.9566,0.008851472,0.29360348,4086.1582,797.38885,0.009457575,54.38278,131.23204,28.054071,2.625692
Grid_Cell_68,2008,0.23658523,177,516.8978,0.009147297,0.21898419,3858.994,773.3579,0.009990277,62.75737,112.016205,27.420801,2.5663567
Grid_Cell_68,2009,0.23650685,163,615.76245,0.009320996,0.3420537,4039.6965,654.95734,0.005638017,52.777122,106.362465,28.896845,2.6062968
Grid_Cell_68,2010,0.23650685,329,638.7519,0.009075113,0.19298615,4091.4004,861.5873,0.023777332,52.73312,118.526535,28.812403,2.5814412
Grid_Cell_68,2011,0.23650685,283,597.58655,0.008432984,0.14883935,4440.557,605.7018,0.010045993,61.041355,103.01217,28.831842,3.0450425
Grid_Cell_68,2012,0.23658523,691,662.9086,0.008762732,0.29116273,4223.0146,906.34766,0.02652602,53.597244,119.97856,28.95791,3.0109358
Grid_Cell_68,2013,0.23650685,739,607.7945,0.008137338,0.09109972,4332.733,702.7225,0.018514883,55.816376,109.71214,29.811335,2.88283
Grid_Cell_68,2014,0.23650685,959,644.8983,0.00830978,0.0875695,4357.788,705.618,0.016892003,53.323544,102.25721,29.703485,2.9448862
Grid_Cell_68,2015,0.23650685,955,644.58093,0.007901294,0.09156611,4438.8203,710.8193,0.015759226,56.13689,108.204926,28.491907,3.0940058
Grid_Cell_68,2016,0.23658523,792,274.44336,0.008178779,0.09612265,4499.14,211.41182,0.00611558,76.361664,54.729424,28.951868,3.0116348
Grid_Cell_68,2017,0.23650685,952,235.18672,0.007898664,0.09436059,4818.621,231.37811,0.006581579,82.48095,28.054735,28.641901,3.5463183
Grid_Cell_68,2018,0.23650685,1402,252.34998,0.008259188,0.099671476,4933.1357,243.7236,0.002915,87.17581,28.828375,28.715448,3.8382342
Grid_Cell_68,2019,0.23650685,1634,349.19052,0.008772379,0.1028609,4707.072,372.62592,0.007587897,79.109024,37.710865,28.604212,3.8088841
Grid_Cell_68,2020,0.23658523,2854,562.913,0.00876043,0.08975787,4889.108,866.73914,0.001001629,66.68083,97.93981,28.244043,4.069809
Grid_Cell_68,2021,0.23650685,3528,499.31403,0.008141423,0.09594964,4822.973,675.8208,0.000565,65.500885,86.365395,28.351526,3.9654546
Grid_Cell_68,2022,0.23650685,3730,504.595,0.008453311,0.097741164,4685.896,884.34503,0.000763,64.42611,89.366905,27.385126,4.0275645
Grid_Cell_68,2023,0.23650685,3549,558.4377,0.008229548,0.09098044,4842.855,730.35,0.000516,58.985275,90.564125,28.712976,3.884269
Grid_Cell_68,2024,0.23658535,4400,575.70184,0.008645569,0.09659321,4763.6494,959.918,0.001200422,67.37515,93.50433,28.192072,3.9533858
Grid_Cell_68,2025,0.23650685,5521,521.9483,0.007848905,0.09131194,4828.606,858.92,0.000888,63.55042,91.658646,28.542475,3.9226937
Grid_Cell_69,2000,0.23574957,142,606.4157,0.005839658,0.12682912,4127.045,615.5241,0.005039139,48.046547,114.13757,29.466547,2.6174028
Grid_Cell_69,2001,0.23567808,108,595.6925,0.008779207,0.19958584,3776.6304,741.2979,0.007363781,53.401394,112.22676,28.068628,2.4406774
Grid_Cell_69,2002,0.23567808,139,556.0713,0.008276786,0.23309737,4005.0427,576.39166,0.003517336,57.07034,103.55379,29.018976,2.3814538
Grid_Cell_69,2003,0.23567808,183,563.6067,0.009440609,0.15904115,3674.636,659.37885,0.004926586,59.00946,115.17341,28.410212,2.2936366
Grid_Cell_69,2004,0.23575136,202,565.6041,0.008976523,0.14828542,3722.5012,669.0996,0.006224177,52.908028,109.54208,28.967402,2.3688273
Grid_Cell_69,2005,0.23567808,114,589.82513,0.009740397,0.2508836,3707.233,741.80334,0.00776188,56.194084,123.2198,28.382624,2.444002
Grid_Cell_69,2006,0.23567808,108,650.05273,0.008643061,0.12541686,3956.4075,881.4992,0.011014681,49.68621,131.50858,28.55404,2.474706
Grid_Cell_69,2007,0.23567808,184,613.7754,0.008832524,0.22829811,4109.657,781.0193,0.009242106,55.44443,130.05057,28.315393,2.5887742
Grid_Cell_69,2008,0.23575136,177,515.62366,0.009216402,0.19386688,3866.062,772.7052,0.010116414,62.307034,110.78382,27.696344,2.544533
Grid_Cell_69,2009,0.23567808,163,606.98315,0.009372235,0.2665216,4040.4941,649.3738,0.005626867,52.8257,105.78214,29.135767,2.5832489
Grid_Cell_69,2010,0.23567808,329,632.841,0.009127557,0.12162312,4125.8257,853.9268,0.027338544,53.434845,117.126175,29.10946,2.5641468
Grid_Cell_69,2011,0.23567808,283,597.3749,0.00850897,0.1278877,4514.1113,605.6964,0.011022774,61.27757,101.579544,29.199335,3.0778165
Grid_Cell_69,2012,0.23575136,691,666.62555,0.008839945,0.25176546,4314.3203,906.3789,0.028849306,53.893715,117.87643,29.339289,3.0923564
Grid_Cell_69,2013,0.23567808,739,607.505,0.008200393,0.09423328,4447.9673,702.66205,0.019613698,56.462708,108.1288,30.132044,2.9699533
Grid_Cell_69,2014,0.23567808,959,643.92847,0.00839527,0.0959865,4451.879,705.5175,0.017014867,53.446606,101.74115,30.063257,3.0245438
Grid_Cell_69,2015,0.23567808,955,642.1671,0.007912911,0.09369752,4494.248,710.7199,0.015815236,56.113495,107.86115,28.791407,3.137054
Grid_Cell_69,2016,0.23575136,792,290.92114,0.008182147,0.09772186,4550.4424,230.0954,0.006046568,75.256096,55.888496,29.180231,3.0552142
Grid_Cell_69,2017,0.23567808,952,222.3466,0.007916301,0.09430846,4887.2817,205.08876,0.002791688,83.68719,26.667742,28.913904,3.573339
Grid_Cell_69,2018,0.23567808,1402,256.1613,0.008257391,0.096133135,4983.3726,250.42824,0.003800695,87.21188,29.57328,29.020136,3.8316245
Grid_Cell_69,2019,0.23567808,1634,355.86816,0.008816324,0.10179979,4720.4434,368.55106,0.004422613,78.65669,36.712677,28.814325,3.7818294
Grid_Cell_69,2020,0.23575136,2854,553.1851,0.008803627,0.090676315,4889.7886,866.53235,0.000993,67.13561,98.037056,28.382013,4.0266056
Grid_Cell_69,2021,0.23567808,3528,495.55997,0.00816468,0.09783622,4856.4873,671.7913,0.000569,66.49282,85.82512,28.473017,3.9620643
Grid_Cell_69,2022,0.23567808,3730,501.8961,0.008467218,0.09914614,4732.803,885.7544,0.000832,65.13788,88.835945,27.475916,4.0354414
Grid_Cell_69,2023,0.23567808,3549,557.7098,0.008267593,0.09744713,4876.607,729.4687,0.000446,59.641632,90.10188,28.815393,3.8825223
Grid_Cell_69,2024,0.2357513,4400,570.5239,0.008649813,0.100796,4786.711,959.9349,0.001141713,68.07509,93.035904,28.284723,3.95555
Grid_Cell_69,2025,0.23567808,5521,519.58936,0.007858009,0.094909556,4866.501,858.85846,0.000885,64.0925,91.21397,28.635675,3.9301686
Grid_Cell_7,2000,0.14846878,142,899.9278,0.007996741,0.31424433,3909.7126,983.77136,0.002795118,46.029785,295.71268,28.127802,2.4617827
Grid_Cell_7,2001,0.14842685,108,864.5077,0.010496005,0.33690637,3463.371,1195.5579,0.005321216,56.589832,307.36118,26.483362,2.31078
Grid_Cell_7,2002,0.14842685,139,857.6808,0.010478495,0.27902225,3601.0107,1009.7481,0.003399181,53.882137,288.5529,27.221186,2.2629263
Grid_Cell_7,2003,0.14842685,183,776.9845,0.011211705,0.12388484,3346.5518,991.22943,0.003138552,59.945183,302.0537,26.676752,2.1353147
Grid_Cell_7,2004,0.14846803,202,835.57837,0.011022486,0.30669206,3410.5142,1099.2213,0.005375557,56.742786,304.85727,26.958063,2.1804395
Grid_Cell_7,2005,0.14842685,114,811.4844,0.011164877,0.2859936,3491.857,1107.6394,0.007008843,59.888554,303.14114,26.493189,2.175954
Grid_Cell_7,2006,0.14842685,108,909.3402,0.009830722,0.24772878,3900.2322,1386.3982,0.007753972,54.326065,310.77206,26.55279,2.3833704
Grid_Cell_7,2007,0.14842685,184,921.0419,0.010297828,0.3269378,3778.5044,1205.8373,0.005032,54.01354,311.27246,26.119257,2.4830892
Grid_Cell_7,2008,0.14846803,177,800.17786,0.010126067,0.2512098,3667.386,1163.8422,0.005856288,61.53302,303.19815,25.611109,2.4107897
Grid_Cell_7,2009,0.14842685,163,875.62775,0.010862584,0.29182562,3704.0015,1002.2076,0.003917226,58.703606,295.08112,26.531092,2.3874955
Grid_Cell_7,2010,0.14842685,329,877.05273,0.010543068,0.110289335,3819.617,1049.3647,0.008713072,59.097176,300.36093,26.42547,2.5079482
Grid_Cell_7,2011,0.14842685,283,881.39,0.009635169,0.15565231,4015.6174,1005.59235,0.008249233,61.328125,293.3462,26.241999,2.6423712
Grid_Cell_7,2012,0.14846803,691,903.1186,0.010253225,0.26890814,3793.7188,1359.4482,0.018287996,57.27201,314.6015,26.38766,2.6174932
Grid_Cell_7,2013,0.14842685,739,945.34845,0.009686362,0.06529488,3885.4841,1109.5099,0.011179278,53.92648,301.02542,27.179285,2.4718025
Grid_Cell_7,2014,0.14842685,959,951.27704,0.00994567,0.06822597,3889.2644,1136.1621,0.011439407,54.068794,301.34784,27.052088,2.520845
Grid_Cell_7,2015,0.14842685,955,889.067,0.009417516,0.0669779,4162.1323,968.9231,0.007251384,63.624805,287.86493,26.6477,2.64678
Grid_Cell_7,2016,0.14846803,792,914.7513,0.009848632,0.07617896,3925.089,1245.8077,0.013550492,56.0731,298.30792,26.983027,2.5553849
Grid_Cell_7,2017,0.14842685,952,815.461,0.009103017,0.09766706,4077.7,871.22516,0.005283483,62.371326,273.6668,27.185968,2.7006335
Grid_Cell_7,2018,0.14842685,1402,808.6072,0.009392367,0.0736594,4072.207,938.48114,0.008975915,68.236176,263.82266,27.688745,2.6583712
Grid_Cell_7,2019,0.14842685,1634,836.64966,0.010208043,0.09390701,3812.7717,1152.4734,0.012974144,65.08149,285.212,27.449854,2.4041924
Grid_Cell_7,2020,0.14846803,2854,881.6334,0.010165362,0.06784511,3834.788,1127.8396,0.016002156,62.633503,303.9288,26.99972,2.3402667
Grid_Cell_7,2021,0.14842683,3528,815.4182,0.00976156,0.074942365,3800.4944,929.1996,0.010801178,62.506405,290.27765,27.25155,2.2590847
Grid_Cell_7,2022,0.14842685,3730,882.7646,0.009575078,0.071034156,3679.2207,1286.2562,0.018128764,57.742847,304.18396,26.473413,2.3318455
Grid_Cell_7,2023,0.14842685,3549,918.70624,0.009479137,0.07282324,3792.4514,1034.7264,0.009754791,53.92963,298.81226,27.86645,2.184954
Grid_Cell_7,2024,0.14846705,4400,943.6645,0.009832945,0.07106524,3864.1797,1099.9554,0.011529131,64.08478,296.3427,27.312922,2.2830322
Grid_Cell_7,2025,0.14842466,5521,832.31976,0.00916951,0.077066116,3688.3967,1163.2311,0.015405388,59.838528,302.82843,27.669275,2.160506
Grid_Cell_70,2000,0.23825043,142,599.04724,0.005926016,0.20112962,4198.908,609.84076,0.005163878,48.26722,109.30378,29.256372,2.5648575
Grid_Cell_70,2001,0.23819178,108,591.8671,0.008775879,0.26753494,3839.394,731.65576,0.007182853,53.45043,107.33798,28.122797,2.411328
Grid_Cell_70,2002,0.23819178,139,552.233,0.008153827,0.33498394,4096.3135,582.20746,0.003882569,56.753334,101.45935,29.194696,2.3598099
Grid_Cell_70,2003,0.23819178,183,565.7117,0.009213123,0.1814279,3809.2776,667.3633,0.005233963,57.32301,112.99668,28.626307,2.2775748
Grid_Cell_70,2004,0.23825136,202,567.89606,0.008733223,0.2101332,3814.1042,681.7829,0.006864303,51.446712,106.419914,29.122034,2.3103917
Grid_Cell_70,2005,0.23819178,114,578.8167,0.009621945,0.19499804,3769.5818,728.4352,0.007624983,55.008797,119.97397,28.636957,2.4138308
Grid_Cell_70,2006,0.23819178,108,637.48914,0.008567907,0.17354749,3991.8896,857.0891,0.010182004,49.961964,126.54506,28.98733,2.46861
Grid_Cell_70,2007,0.23819178,184,598.245,0.00877216,0.22755508,4107.3457,750.68744,0.008490894,55.024044,125.635544,28.741053,2.5724041
Grid_Cell_70,2008,0.23825136,177,516.3032,0.009241696,0.19915898,3877.3096,768.1084,0.010395628,60.895943,107.59355,28.096613,2.5435083
Grid_Cell_70,2009,0.23819178,163,589.93646,0.009364029,0.2307476,4048.643,633.0474,0.005244414,52.138107,101.76667,29.496729,2.585475
Grid_Cell_70,2010,0.23819178,329,627.74445,0.009147016,0.19996351,4144.2686,838.5293,0.025614336,53.021576,114.028465,29.45904,2.5767837
Grid_Cell_70,2011,0.23819178,283,593.853,0.008555744,0.17252213,4563.4097,605.7558,0.012402887,61.039284,98.57236,29.456354,3.1157618
Grid_Cell_70,2012,0.23825136,691,670.50397,0.008875492,0.27307457,4365.1484,906.42737,0.023873845,53.265568,115.178986,29.637537,3.162541
Grid_Cell_70,2013,0.23819178,739,608.3453,0.008239451,0.091474555,4524.0024,702.61884,0.019092223,56.256886,104.649445,30.416468,3.0480354
Grid_Cell_70,2014,0.23819178,959,643.0278,0.008450797,0.09002816,4516.1777,705.67633,0.016326517,53.1335,99.04505,30.338282,3.0928655
Grid_Cell_70,2015,0.23819178,955,634.91174,0.007933198,0.08939866,4552.2686,710.76526,0.017232787,56.392162,105.468994,29.132502,3.1828415
Grid_Cell_70,2016,0.23825136,792,255.4313,0.008182088,0.090425685,4628.8584,184.48022,0.002469003,76.28632,50.077847,29.554071,3.0987592
Grid_Cell_70,2017,0.23819178,952,207.43181,0.007951503,0.09544723,4943.5513,184.84416,0.001944483,84.34737,25.728626,29.24087,3.585702
Grid_Cell_70,2018,0.23819178,1402,245.4142,0.008272761,0.10064865,5010.8945,232.00668,0.002812702,87.27911,28.526323,29.360987,3.7989533
Grid_Cell_70,2019,0.23819178,1634,387.5111,0.008894729,0.103143066,4722.929,412.9164,0.007486891,75.80955,42.84603,29.027521,3.772891
Grid_Cell_70,2020,0.23825136,2854,537.9922,0.008865102,0.10513117,4922.314,866.73486,0.001070324,67.44886,95.65125,28.46206,4.0391397
Grid_Cell_70,2021,0.23819178,3528,483.9532,0.008223067,0.0829085,4875.1855,672.23737,0.000594,66.95987,83.0237,28.607782,3.962715
Grid_Cell_70,2022,0.23819178,3730,488.51376,0.008525561,0.09117256,4759.729,884.98334,0.000871,65.71309,86.074005,27.582422,4.055647
Grid_Cell_70,2023,0.23819178,3549,542.6297,0.008346408,0.08779443,4893.098,729.1415,0.000463,60.189026,87.716934,28.947535,3.9026594
Grid_Cell_70,2024,0.23825148,4400,552.5232,0.008696962,0.09766232,4809.1914,959.9286,0.001303789,69.010925,90.47694,28.394526,3.974427
Grid_Cell_70,2025,0.23819178,5521,505.0349,0.007930161,0.0896306,4869.2007,858.84607,0.001006818,64.843765,88.47739,28.763971,3.9213152
Grid_Cell_71,2000,0.23073703,142,489.30368,0.006019778,0.117515,4606.1694,599.98236,0.005772036,57.696632,89.218544,28.895166,2.5261147
Grid_Cell_71,2001,0.23067123,108,474.82535,0.008749053,0.12674809,4090.0654,723.13556,0.007992425,60.568226,88.15565,28.06878,2.3944786
Grid_Cell_71,2002,0.23067123,139,442.2674,0.007992368,0.16119027,4361.392,586.4908,0.005192603,60.98031,86.55429,29.285242,2.3549125
Grid_Cell_71,2003,0.23067123,183,461.8567,0.008939678,0.11134964,4117.4844,678.2583,0.00649987,61.508064,96.59085,28.767542,2.279972
Grid_Cell_71,2004,0.2307377,202,471.42157,0.008442117,0.13141361,4182.2695,695.7587,0.008635134,58.8075,89.169,29.198603,2.262509
Grid_Cell_71,2005,0.23067123,114,474.22955,0.009412102,0.10384123,4056.1326,714.65216,0.008438089,60.772423,98.45342,28.927698,2.4017417
Grid_Cell_71,2006,0.23067123,108,520.50244,0.008389201,0.12293588,4262.0386,829.8612,0.011005417,55.664673,102.38039,29.69787,2.4846034
Grid_Cell_71,2007,0.23067123,184,490.32272,0.008616921,0.10689831,4354.86,718.2799,0.008428086,60.91122,102.308,29.447138,2.5853496
Grid_Cell_71,2008,0.2307377,177,428.4699,0.009177689,0.09451108,4118.037,763.3931,0.011789529,65.342354,89.44411,28.699976,2.559731
Grid_Cell_71,2009,0.23067123,163,473.77377,0.009232896,0.11118419,4312.211,614.84186,0.005578463,58.07185,83.76291,30.048029,2.6109202
Grid_Cell_71,2010,0.23067123,329,519.0425,0.009076099,0.08067979,4377.9624,815.1743,0.020310102,58.605137,95.48541,30.15423,2.6199002
Grid_Cell_71,2011,0.23067123,283,526.4081,0.008550792,0.10405475,4785.2534,667.0058,0.012369192,64.466736,90.98141,30.001001,3.1691864
Grid_Cell_71,2012,0.2307377,691,544.80914,0.008847886,0.06980837,4678.1113,857.8826,0.029305933,60.51393,95.08466,30.223444,3.247377
Grid_Cell_71,2013,0.23067123,739,495.82437,0.008227283,0.04199278,4838.3867,685.77405,0.01979949,62.305305,84.93246,31.093134,3.1435149
Grid_Cell_71,2014,0.23067123,959,506.70154,0.008430629,0.04174566,4851.882,674.07874,0.019004103,60.97074,78.85488,30.96145,3.1814616
Grid_Cell_71,2015,0.23067123,955,525.8382,0.007992612,0.042616304,4780.4907,722.3818,0.018493136,62.577908,88.58848,29.786585,3.1763346
Grid_Cell_71,2016,0.2307377,792,196.13652,0.008221855,0.045018252,4841.3516,163.16325,0.001307428,78.91984,43.982464,30.205835,3.07977
Grid_Cell_71,2017,0.23067123,952,172.1428,0.008101133,0.042582884,5090.276,186.04836,0.002099712,86.5193,25.131405,29.84878,3.5258732
Grid_Cell_71,2018,0.23067123,1402,199.43213,0.008441391,0.04870043,5130.845,227.59596,0.002636565,89.95934,27.355062,29.69613,3.685974
Grid_Cell_71,2019,0.23067123,1634,315.09384,0.009031468,0.048680544,4878.0415,405.19333,0.006797997,81.371796,38.64302,29.05697,3.7042952
Grid_Cell_71,2020,0.2307377,2854,428.63403,0.008968568,0.043086134,5046.246,826.8485,0.001017637,75.415115,78.17538,28.400202,3.9908814
Grid_Cell_71,2021,0.23067123,3528,393.9406,0.008345005,0.042276237,5039.1533,702.64905,0.000635,72.83841,68.104706,28.656092,3.9273381
Grid_Cell_71,2022,0.23067123,3730,401.7336,0.008647626,0.045110635,4876.485,907.4333,0.001078503,71.733475,71.87238,27.697168,3.9927015
Grid_Cell_71,2023,0.23067123,3549,449.62875,0.008438299,0.06927827,5040.2476,761.1808,0.000428,65.689384,74.28957,29.165064,3.864851
Grid_Cell_71,2024,0.23073754,4400,448.47247,0.008811765,0.044667725,4957.554,982.2979,0.001236409,76.75752,74.51806,28.48739,3.9279442
Grid_Cell_71,2025,0.23067123,5521,404.83105,0.008052954,0.043865822,5055.6025,755.6768,0.000648,72.661255,72.4663,28.865381,3.8787878
Grid_Cell_72,2000,0.21823467,142,653.18097,0.0060796,0.24382924,4484.6055,589.21466,0.001514387,48.27342,215.06885,28.558924,2.516822
Grid_Cell_72,2001,0.21817808,108,627.00275,0.008697029,0.21288249,3966.9626,713.9545,0.001951497,52.35692,202.39224,27.97201,2.3979719
Grid_Cell_72,2002,0.21817808,139,591.626,0.007851461,0.24668033,4244.487,585.77686,0.001396339,52.612614,210.99948,29.305628,2.3664536
Grid_Cell_72,2003,0.21817808,183,633.49133,0.008924766,0.20018709,4032.4236,687.95465,0.001790699,52.240334,219.62556,28.815607,2.2719243
Grid_Cell_72,2004,0.21823715,202,658.268,0.008417875,0.25629127,4004.249,703.0471,0.002391598,48.735794,222.66531,29.162867,2.2161293
Grid_Cell_72,2005,0.21817808,114,654.6371,0.009348602,0.2520376,3959.4734,700.3368,0.00234863,50.566875,228.88037,28.991693,2.3896527
Grid_Cell_72,2006,0.21817808,108,714.1907,0.008275174,0.21090278,4063.647,807.6186,0.002925308,45.561058,232.68338,29.837183,2.4548774
Grid_Cell_72,2007,0.21817808,184,682.35645,0.008518352,0.23745362,4146.855,688.15656,0.002238178,50.48516,232.56853,29.572046,2.5671988
Grid_Cell_72,2008,0.21823715,177,615.5846,0.009182768,0.21316615,3917.6997,755.5543,0.003248197,54.81417,222.20049,28.80572,2.528686
Grid_Cell_72,2009,0.21817808,163,630.6373,0.009144344,0.16761911,4100.117,599.45935,0.001360695,49.816444,213.97244,30.165369,2.5955434
Grid_Cell_72,2010,0.21817808,329,696.90875,0.009053777,0.12482781,4160.0845,799.96136,0.005750836,48.669266,215.43385,30.247675,2.6074686
Grid_Cell_72,2011,0.21817808,283,699.8323,0.008606929,0.22684152,4599.1265,670.36145,0.004713877,54.96351,216.93542,30.117792,3.1580904
Grid_Cell_72,2012,0.21823715,691,746.70306,0.008884109,0.25966752,4454.874,854.9433,0.008544286,49.795513,216.42812,30.413355,3.2507923
Grid_Cell_72,2013,0.21817808,739,680.2787,0.00829729,0.08551278,4611.873,685.0041,0.005102079,51.95958,216.18289,31.256922,3.1364257
Grid_Cell_72,2014,0.21817808,959,676.133,0.008491904,0.08843017,4629.821,672.1877,0.004426229,52.572254,200.38805,31.114405,3.1806738
Grid_Cell_72,2015,0.21817808,955,687.21936,0.00809304,0.087196395,4617.8833,724.36896,0.00572863,55.258965,199.63887,29.908503,3.1659923
Grid_Cell_72,2016,0.21823715,792,301.54947,0.008300701,0.07897358,4682.839,166.53549,0.00047,75.057274,138.54233,30.299677,3.0677142
Grid_Cell_72,2017,0.21817808,952,206.21788,0.008213716,0.05936912,4970.505,205.93872,0.000718,87.59631,81.06321,29.965448,3.4920375
Grid_Cell_72,2018,0.21817808,1402,247.71783,0.008550901,0.06802546,5006.103,252.52235,0.000945,88.94192,85.5507,29.893366,3.6616244
Grid_Cell_72,2019,0.21817808,1634,429.63217,0.009195091,0.066691205,4750.7,479.91852,0.003249459,76.7757,119.01469,29.232813,3.6443636
Grid_Cell_72,2020,0.21823715,2854,743.5417,0.009108674,0.07362813,4833.532,821.1531,0.009792517,56.687847,236.82222,28.378412,3.896619
Grid_Cell_72,2021,0.21817808,3528,697.7943,0.008507724,0.07248297,4826.164,720.5015,0.007623843,56.02978,225.10872,28.780481,3.8361738
Grid_Cell_72,2022,0.21817808,3730,732.85406,0.008800102,0.078130916,4638.0967,922.5662,0.013902366,53.59741,227.74777,27.850122,3.8838317
Grid_Cell_72,2023,0.21817808,3549,783.1749,0.008600041,0.07366358,4720.2256,765.8064,0.005140236,46.50974,229.77315,29.314966,3.7945087
Grid_Cell_72,2024,0.21823734,4400,800.5644,0.008935309,0.07540413,4728.9185,986.0515,0.014740541,56.24141,223.73738,28.641657,3.861919
Grid_Cell_72,2025,0.21817808,5521,707.77094,0.008215939,0.07285666,4779.2046,736.89886,0.007189177,54.43893,230.59227,28.99853,3.8137841
Grid_Cell_73,2000,0.2111588,142,641.23566,0.0059415,0.2583946,4399.854,579.3046,0.001620707,49.68955,217.8275,29.036036,2.518872
Grid_Cell_73,2001,0.21109615,108,619.44385,0.008659259,0.20654553,3955.3833,703.5692,0.001907815,54.50398,204.3203,28.310053,2.4154375
Grid_Cell_73,2002,0.21109615,139,581.9071,0.007874933,0.28154397,4211.6904,579.6522,0.001493699,54.735836,215.0635,29.390802,2.3734057
Grid_Cell_73,2003,0.21109615,183,633.09503,0.008915424,0.14219928,4049.6367,693.7553,0.001925425,53.430134,224.87354,28.818903,2.2919927
Grid_Cell_73,2004,0.2111612,202,655.7725,0.008402892,0.22994426,4023.552,696.09906,0.002243354,50.847992,226.46165,29.09463,2.208479
Grid_Cell_73,2005,0.21109615,114,650.33215,0.009308787,0.32911098,4011.9224,686.7752,0.002218853,53.025063,229.51634,29.014612,2.394139
Grid_Cell_73,2006,0.21109615,108,712.44977,0.008191212,0.10572909,4117.5967,804.019,0.002892264,48.065998,232.95755,29.860804,2.4411445
Grid_Cell_73,2007,0.21109615,184,670.6817,0.008448763,0.16797309,4177.7017,669.8171,0.002159654,53.07303,232.64789,29.606531,2.5532262
Grid_Cell_73,2008,0.2111612,177,610.7863,0.009215654,0.13354588,3927.0325,739.88104,0.003003334,56.983467,224.52664,28.816126,2.5058033
Grid_Cell_73,2009,0.21109615,163,630.6719,0.009081197,0.30798644,4129.4614,594.93744,0.00124523,51.692337,216.29233,30.216364,2.5832489
Grid_Cell_73,2010,0.21109615,329,693.64606,0.009023849,0.093331695,4178.6553,793.10986,0.005045596,50.680298,216.12871,30.293634,2.5710645
Grid_Cell_73,2011,0.21109615,283,703.07666,0.008614765,0.29006574,4567.2485,670.2858,0.002279188,56.186592,220.32292,30.184656,3.0907617
Grid_Cell_73,2012,0.2111612,691,756.5214,0.008893091,0.21115293,4435.9575,854.9778,0.005447995,50.34305,220.51138,30.536524,3.196694
Grid_Cell_73,2013,0.21109615,739,680.8543,0.00836976,0.07133978,4575.1157,685.0775,0.004768021,53.464146,220.03844,31.317377,3.0743368
Grid_Cell_73,2014,0.21109615,959,677.8502,0.008550198,0.060579322,4603.3047,672.2925,0.003947503,54.442455,204.3703,31.19015,3.1311533
Grid_Cell_73,2015,0.21109615,955,687.0563,0.008149848,0.06292549,4648.4663,724.35815,0.005892753,56.486073,203.19615,29.960047,3.1822593
Grid_Cell_73,2016,0.2111612,792,320.96112,0.008351508,0.05866528,4683.2026,184.95412,0.000677,74.535385,144.44298,30.349665,3.076799
Grid_Cell_73,2017,0.21109615,952,234.72449,0.008274414,0.07820995,4987.084,235.80936,0.001162627,86.27639,84.734184,30.10055,3.5137155
Grid_Cell_73,2018,0.21109615,1402,305.3877,0.008596261,0.05765917,5033.353,315.0943,0.001862651,85.92738,95.19056,30.188349,3.7293642
Grid_Cell_73,2019,0.21109615,1634,481.30368,0.009272485,0.06025475,4754.148,579.84656,0.005660175,73.78861,135.68414,29.436823,3.6577199
Grid_Cell_73,2020,0.2111612,2854,735.9054,0.009175563,0.06567005,4810.378,824.6147,0.010649864,58.502857,241.41267,28.52334,3.8460386
Grid_Cell_73,2021,0.21109615,3528,696.8979,0.008596703,0.07443143,4810.005,724.70593,0.007436637,57.64416,230.4884,28.949457,3.7942903
Grid_Cell_73,2022,0.21109615,3730,747.96655,0.00891079,0.053750288,4598.834,946.84247,0.015040637,54.02053,234.59735,27.992609,3.8210578
Grid_Cell_73,2023,0.21109615,3549,778.425,0.008739114,0.0539625,4663.847,765.8075,0.004881161,47.932476,234.63942,29.466822,3.730502
Grid_Cell_73,2024,0.21116094,4400,798.35394,0.009016126,0.05499651,4716.08,986.0722,0.014768534,57.799522,229.0672,28.80575,3.827282
Grid_Cell_73,2025,0.21109588,5521,704.67303,0.008322801,0.053890582,4745.2437,737.25366,0.00718182,56.147724,234.56343,29.157526,3.7642043
Grid_Cell_74,2000,0.19949177,142,631.42145,0.005805507,0.36044934,4361.0044,571.141,0.001753328,52.424374,221.64212,29.518671,2.5516016
Grid_Cell_74,2001,0.19943178,108,609.10394,0.008623919,0.21612628,3979.5747,693.0511,0.001904014,57.098454,208.84978,28.65362,2.4532115
Grid_Cell_74,2002,0.19943178,139,572.15356,0.007917738,0.3559855,4202.6094,569.57904,0.001519363,58.37807,220.31773,29.508448,2.3893304
Grid_Cell_74,2003,0.19943178,183,631.16504,0.009088267,0.18427898,4013.5696,697.46075,0.002030771,58.3408,229.98141,28.894373,2.2787392
Grid_Cell_74,2004,0.19949397,202,645.06775,0.008588336,0.31217209,3970.149,678.3137,0.00202113,55.18097,230.32379,29.184504,2.2130213
Grid_Cell_74,2005,0.19943178,114,641.48047,0.009412164,0.16166571,3982.0698,671.2027,0.002073086,57.37217,230.81947,29.055353,2.3856115
Grid_Cell_74,2006,0.19943178,108,716.49866,0.008167431,0.14216854,4241.0117,814.27893,0.002882928,51.707848,235.90341,29.639978,2.426932
Grid_Cell_74,2007,0.19943178,184,658.4172,0.008436348,0.3176925,4251.119,655.4196,0.002027897,56.97167,234.35722,29.403467,2.521822
Grid_Cell_74,2008,0.19949397,177,602.534,0.009286532,0.15140234,3971.553,713.3135,0.002676291,60.517838,228.99991,28.664728,2.475988
Grid_Cell_74,2009,0.19943178,163,632.13855,0.009074081,0.36459413,4189.6323,597.888,0.001160545,54.85292,220.77621,30.091883,2.5613997
Grid_Cell_74,2010,0.19943178,329,682.44104,0.009011016,0.10966656,4241.3013,788.4367,0.007404041,53.906387,221.09618,30.16482,2.520311
Grid_Cell_74,2011,0.19943178,283,693.88257,0.00855908,0.3325483,4581.3643,667.03394,0.00275813,58.999664,225.32996,30.200617,2.985248
Grid_Cell_74,2012,0.19949397,691,750.7592,0.008837227,0.3077292,4486.4487,853.91797,0.008151786,53.383286,226.79317,30.577845,3.1103551
Grid_Cell_74,2013,0.19943178,739,670.42584,0.008378626,0.08842322,4597.237,682.006,0.006401253,55.73375,224.95415,31.293146,3.0147476
Grid_Cell_74,2014,0.19943178,959,673.16736,0.008568184,0.08608964,4633.9966,665.4258,0.004060613,57.70044,210.37567,31.183802,3.0652628
Grid_Cell_74,2015,0.19943178,955,689.98846,0.008134482,0.07662098,4697.0024,722.94763,0.003332004,57.892918,208.84413,30.001612,3.147499
Grid_Cell_74,2016,0.19949397,792,358.76123,0.008338396,0.07646916,4714.756,219.1052,0.000873,74.1349,156.19647,30.407068,3.0287113
Grid_Cell_74,2017,0.19943178,952,248.48691,0.008258352,0.060679257,5053.734,245.74321,0.00121288,86.89696,89.31768,30.217524,3.498784
Grid_Cell_74,2018,0.19943178,1402,401.8058,0.008586014,0.06810882,5076.6187,437.92166,0.004953562,81.33747,117.36862,30.35354,3.7385423
Grid_Cell_74,2019,0.19943178,1634,528.436,0.0092783,0.06062358,4780.4995,681.32666,0.010765158,71.89212,160.65181,29.570581,3.638576
Grid_Cell_74,2020,0.19949397,2854,734.02594,0.009160355,0.063289374,4856.169,824.996,0.00900611,60.880474,246.43329,28.707727,3.8107927
Grid_Cell_74,2021,0.19943178,3528,696.4713,0.008624693,0.063550696,4862.2056,716.5854,0.005594181,59.30539,235.33916,29.078272,3.7606943
Grid_Cell_74,2022,0.19943178,3730,766.5241,0.008958674,0.06576156,4637.486,968.4533,0.015591161,55.50273,241.58905,28.069635,3.789551
Grid_Cell_74,2023,0.19943178,3549,770.5961,0.008832727,0.05834791,4695.5815,763.6507,0.005608928,50.85505,239.39264,29.502314,3.6874537
Grid_Cell_74,2024,0.1994941,4400,796.91675,0.009063124,0.062233906,4744.129,985.16815,0.015605145,59.98831,235.3434,28.873377,3.7935367
Grid_Cell_74,2025,0.1994315,5521,704.64355,0.008382608,0.06283011,4771.1123,739.21045,0.005552263,58.18065,240.04987,29.241022,3.7371523
Grid_Cell_75,2000,0.17988825,142,592.34674,0.005684985,0.23405033,4485.4697,564.9135,0.001186994,62.003872,213.67665,29.9172,2.5903785
Grid_Cell_75,2001,0.17982191,108,558.116,0.008583235,0.23030128,4068.827,684.167,0.001303206,63.44947,206.55655,28.941492,2.4849238
Grid_Cell_75,2002,0.17982191,139,530.55524,0.007927892,0.2727685,4328.733,559.6884,0.001007045,67.569725,218.42969,29.607874,2.4009743
Grid_Cell_75,2003,0.17982191,183,561.4651,0.009216965,0.13623698,3999.974,700.1813,0.001482764,65.86351,226.60783,28.9638,2.2734654
Grid_Cell_75,2004,0.17989016,202,573.6971,0.00873114,0.2461321,4022.3374,655.45447,0.001266045,64.70558,220.69995,29.267939,2.230576
Grid_Cell_75,2005,0.17982191,114,572.2946,0.00952814,0.18416312,4033.525,653.4119,0.00136736,65.13906,223.35193,29.055964,2.372598
Grid_Cell_75,2006,0.17982191,108,645.7036,0.008165701,0.107551485,4497.597,827.8502,0.002087418,61.246964,228.77159,29.320063,2.409158
Grid_Cell_75,2007,0.17982191,184,590.18823,0.008443691,0.24377064,4480.175,639.8741,0.001331993,68.5089,225.43616,29.108057,2.4720275
Grid_Cell_75,2008,0.17989016,177,534.4139,0.009349168,0.12578915,4103.341,682.0468,0.001507889,69.89503,221.20143,28.468988,2.441903
Grid_Cell_75,2009,0.17982191,163,596.6821,0.009086413,0.30545565,4346.9097,602.3192,0.00079,62.22358,215.09041,29.892267,2.5334888
Grid_Cell_75,2010,0.17982191,329,607.33246,0.009028403,0.12783286,4398.6064,749.6799,0.00424887,63.345043,217.50703,29.846521,2.4633932
Grid_Cell_75,2011,0.17982191,283,606.4242,0.008518203,0.16045207,4700.9873,610.5478,0.001499346,68.603615,215.71538,29.93017,2.9011726
Grid_Cell_75,2012,0.17989016,691,678.8231,0.008795001,0.18750992,4614.3975,834.3663,0.005762787,62.139423,222.2507,30.28274,3.0318375
Grid_Cell_75,2013,0.17982191,739,575.86316,0.008386722,0.052520134,4735.4277,632.07104,0.003399428,66.02078,218.09995,30.924036,2.9526246
Grid_Cell_75,2014,0.17982191,959,587.289,0.008584551,0.055201616,4782.1733,552.2375,0.002440455,67.834885,201.65887,30.88656,3.0165985
Grid_Cell_75,2015,0.17982191,955,611.642,0.008045591,0.05856647,4852.4507,632.66724,0.002278685,65.91143,192.68938,29.790247,3.0994854
Grid_Cell_75,2016,0.17989016,792,348.56482,0.008248406,0.066128254,4827.24,233.42995,0.000595,78.08838,146.50723,30.199366,2.9810338
Grid_Cell_75,2017,0.17982191,952,252.76805,0.008077798,0.059052613,5248.25,240.16824,0.000639,88.794266,80.58704,30.144953,3.5205307
Grid_Cell_75,2018,0.17982191,1402,457.20868,0.008405945,0.04967991,5285.131,578.8314,0.007141592,80.840866,127.99525,30.56869,3.7766588
Grid_Cell_75,2019,0.17982191,1634,539.73065,0.009185875,0.051341254,4972.7812,704.6471,0.011393195,73.67607,177.58067,29.764887,3.685528
Grid_Cell_75,2020,0.17989016,2854,681.1763,0.009061554,0.047488898,5060.0483,872.4766,0.003983883,67.78714,232.30287,28.85769,3.8558064
Grid_Cell_75,2021,0.17982191,3528,643.13873,0.008560947,0.062479615,5063.2837,642.951,0.003040336,65.34053,216.4408,29.350275,3.8093245
Grid_Cell_75,2022,0.17982191,3730,717.4803,0.008950143,0.05802802,4818.67,924.034,0.00677799,61.871143,221.50749,28.381372,3.829825
Grid_Cell_75,2023,0.17982191,3549,668.8104,0.008863867,0.06845473,4882.4326,645.0527,0.002865024,61.206448,212.32172,29.79391,3.7043033
Grid_Cell_75,2024,0.17989056,4400,704.3149,0.009039032,0.0717133,4933.5776,932.88025,0.005560915,68.97322,206.14293,29.173914,3.836969
Grid_Cell_75,2025,0.17982191,5521,635.7035,0.008398357,0.05617776,4898.3716,755.391,0.003237594,66.02779,225.07648,29.575495,3.7600234
Grid_Cell_76,2000,0.16240259,142,637.90967,0.005599822,0.23315354,4680.922,561.1027,0.008332956,61.10817,313.29364,30.02273,2.5786943
Grid_Cell_76,2001,0.16234246,108,583.46686,0.0085118,0.28338328,4191.5376,678.645,0.009971603,64.23483,282.01224,29.020899,2.4543417
Grid_Cell_76,2002,0.16234246,139,553.64996,0.007826748,0.25924793,4496.3135,552.70514,0.006813421,68.340454,311.14734,29.612299,2.3576865
Grid_Cell_76,2003,0.16234246,183,623.267,0.009197013,0.0926477,4101.671,702.21497,0.011266624,64.97652,318.6292,28.973993,2.2155201
Grid_Cell_76,2004,0.1624038,202,618.98914,0.008730347,0.30745015,4117.876,636.1386,0.009502091,64.31576,321.8348,29.291681,2.2146947
Grid_Cell_76,2005,0.16234246,114,615.1933,0.009533729,0.20146492,4199.3345,638.89886,0.009389312,65.23875,314.7395,29.114222,2.335406
Grid_Cell_76,2006,0.16234246,108,712.9239,0.008090321,0.2717337,4702.4785,839.2648,0.018686993,59.880463,325.13647,29.351038,2.4029937
Grid_Cell_76,2007,0.16234246,184,630.1309,0.008377701,0.07468066,4687.718,628.8462,0.009758431,67.90331,330.82907,29.187433,2.4315138
Grid_Cell_76,2008,0.1624038,177,596.10077,0.009312427,0.09168113,4304.2705,657.3145,0.01021808,67.858025,322.72562,28.560205,2.4191232
Grid_Cell_76,2009,0.16234246,163,634.03284,0.009023495,0.3419789,4557.7607,605.0754,0.006335137,62.028282,314.4439,29.956598,2.5144818
Grid_Cell_76,2010,0.16234246,329,641.43024,0.008947082,0.074922554,4622.1787,746.70984,0.022318246,63.089718,300.4956,29.879023,2.4338043
Grid_Cell_76,2011,0.16234246,283,631.0557,0.008384108,0.17471708,4945.4224,610.4668,0.008959435,68.44917,304.9729,29.929193,2.8834672
Grid_Cell_76,2012,0.1624038,691,701.858,0.008670011,0.17981568,4871.2593,834.40076,0.031238688,62.8245,298.53705,30.295374,3.021079
Grid_Cell_76,2013,0.16234246,739,593.6162,0.008286061,0.061779175,5021.587,632.1888,0.02019293,67.422195,301.62802,30.96142,2.9584122
Grid_Cell_76,2014,0.16234246,959,569.6461,0.008489537,0.071428575,5094.0054,552.1036,0.012478195,72.13612,267.5935,30.867243,3.0349205
Grid_Cell_76,2015,0.16234246,955,603.9384,0.007931455,0.0768092,5142.8276,632.9286,0.011864726,68.50779,252.01874,29.9313,3.0922594
Grid_Cell_76,2016,0.1624038,792,303.68954,0.008123222,0.07195255,5137.5757,232.17087,0.00388417,81.86359,207.38242,30.372278,2.988855
Grid_Cell_76,2017,0.16234246,952,247.85728,0.007886527,0.07408293,5601.7617,251.9046,0.003236863,88.39089,159.0085,30.503595,3.5083046
Grid_Cell_76,2018,0.16234246,1402,423.9274,0.008177943,0.06469999,5619.048,573.4941,0.03683793,83.18092,198.46051,31.163752,3.7079945
Grid_Cell_76,2019,0.16234246,1634,518.28827,0.009044804,0.057700057,5203.3906,628.2155,0.02357111,76.29612,232.14049,30.156214,3.5654595
Grid_Cell_76,2020,0.1624038,2854,742.2579,0.008898275,0.06553798,5150.627,871.34357,0.027368173,65.327805,337.96063,29.077387,3.619399
Grid_Cell_76,2021,0.16234246,3528,684.76086,0.00845619,0.07272727,5118.2446,678.12335,0.019832568,64.88685,327.80988,29.601038,3.5944958
Grid_Cell_76,2022,0.16234246,3730,788.2862,0.008882681,0.07139054,4809.3877,938.97687,0.028564874,58.76436,318.84406,28.60003,3.6031468
Grid_Cell_76,2023,0.16234246,3549,697.8301,0.008798433,0.06878016,4935.281,644.56665,0.014845473,60.901146,311.22006,30.039057,3.4897826
Grid_Cell_76,2024,0.16240413,4400,765.0402,0.008921874,0.06671484,4997.1206,932.8663,0.023196219,66.8421,294.64102,29.423548,3.6143153
Grid_Cell_76,2025,0.16234246,5521,686.75415,0.008310261,0.06425373,4929.685,754.2893,0.01813634,64.39792,335.06067,29.8565,3.5437675
Grid_Cell_77,2000,0.15324911,142,652.4203,0.005512979,0.13423322,4687.012,561.7071,0.006997543,61.735172,283.83246,30.120722,2.5860054
Grid_Cell_77,2001,0.1531989,108,589.8183,0.008438054,0.35051334,4215.9907,679.3178,0.010366668,65.63451,250.90498,29.092981,2.4401293
Grid_Cell_77,2002,0.1531989,139,556.67285,0.00771592,0.2891453,4511.9717,551.19745,0.005527099,69.66562,264.984,29.609766,2.3321385
Grid_Cell_77,2003,0.1531989,183,627.8343,0.00915874,0.28960583,4083.8909,703.94617,0.009727199,66.61549,281.21136,28.982386,2.1765475
Grid_Cell_77,2004,0.15325081,202,618.0241,0.008713261,0.23947795,4103.7397,625.4155,0.008506424,65.91259,279.48914,29.306604,2.206908
Grid_Cell_77,2005,0.1531989,114,606.0101,0.009547503,0.10145744,4162.42,632.0462,0.008066644,67.12735,272.82007,29.111567,2.2953718
Grid_Cell_77,2006,0.1531989,108,722.6741,0.008012927,0.28443763,4685.488,844.72205,0.017479377,60.14986,292.90753,29.313868,2.3854594
Grid_Cell_77,2007,0.1531989,184,648.1918,0.008309291,0.04811487,4655.479,628.4055,0.008450603,67.85562,299.48596,29.15426,2.3914795
Grid_Cell_77,2008,0.15325081,177,596.03503,0.009238537,0.14344749,4295.6,647.6038,0.008009389,69.3074,279.0331,28.538813,2.394055
Grid_Cell_77,2009,0.1531989,163,633.7704,0.00895115,0.29207414,4545.5693,603.12384,0.005751325,63.32239,274.24783,29.903894,2.4900982
Grid_Cell_77,2010,0.1531989,329,654.4259,0.008847376,0.045680113,4601.8755,741.49774,0.012870781,63.513725,269.42358,29.792963,2.4221947
Grid_Cell_77,2011,0.1531989,283,642.2889,0.008182908,0.2311866,4965.747,610.6223,0.007934213,68.936,270.81085,29.84344,2.8906589
Grid_Cell_77,2012,0.15325081,691,732.2943,0.008507521,0.19539861,4874.097,834.264,0.019168183,61.633297,270.78146,30.261591,3.021694
Grid_Cell_77,2013,0.1531989,739,621.37006,0.008124074,0.06608428,5041.7666,632.32275,0.008965867,67.13602,268.17096,30.981104,2.944645
Grid_Cell_77,2014,0.1531989,959,571.7132,0.008353082,0.06985353,5159.621,552.1619,0.00965776,74.25177,233.4507,30.814173,3.0497491
Grid_Cell_77,2015,0.1531989,955,610.9119,0.007809164,0.058028214,5164.5356,632.569,0.007857654,70.03711,223.03041,30.077936,3.047225
Grid_Cell_77,2016,0.15325081,792,280.58792,0.00801311,0.06104915,5145.623,233.55165,0.003837237,84.70517,182.40523,30.483454,2.9656992
Grid_Cell_77,2017,0.1531989,952,227.46687,0.007730808,0.0535538,5608.7046,233.21089,0.002786593,90.072495,151.84172,30.747156,3.499743
Grid_Cell_77,2018,0.1531989,1402,415.69672,0.008004247,0.055796426,5671.105,536.4695,0.033006158,85.198906,187.19566,31.399317,3.72433
Grid_Cell_77,2019,0.1531989,1634,500.29874,0.008948961,0.051894076,5247.653,620.6825,0.03239102,78.3996,206.31213,30.306726,3.577343
Grid_Cell_77,2020,0.15325081,2854,762.72394,0.008803449,0.05254771,5177.837,872.3312,0.024026575,64.97217,308.53613,29.128534,3.6324797
Grid_Cell_77,2021,0.1531989,3528,707.74115,0.008376666,0.05564924,5159.1494,686.8174,0.01745636,64.50932,298.9668,29.701838,3.6335368
Grid_Cell_77,2022,0.1531989,3730,790.43427,0.008824972,0.057559818,4828.8604,933.76263,0.026334316,59.308006,285.62836,28.697107,3.6325305
Grid_Cell_77,2023,0.1531989,3549,702.7732,0.008712953,0.05638616,5014.1875,644.51807,0.014576062,61.847584,278.13754,30.169794,3.5591662
Grid_Cell_77,2024,0.1532503,4400,771.66956,0.008812345,0.055450946,5043.8066,932.8613,0.021576414,68.26725,267.07037,29.550379,3.6503756
Grid_Cell_77,2025,0.15319863,5521,702.1804,0.008224119,0.054739553,4951.3057,753.9535,0.01631907,64.8433,300.02325,30.01208,3.5883296
Grid_Cell_78,2000,0.25465834,142,566.6235,0.006258493,0.21803424,4274.276,558.0903,0.003752945,52.73403,109.19219,28.66842,2.4012089
Grid_Cell_78,2001,0.25459287,108,556.3297,0.009489016,0.20445152,3693.3965,756.1868,0.009069442,59.863438,115.98609,27.365046,2.3065677
Grid_Cell_78,2002,0.25459287,139,532.1299,0.008796553,0.19851202,3966.0347,577.74927,0.003678942,61.31187,105.601776,28.447077,2.3022413
Grid_Cell_78,2003,0.25459287,183,540.23444,0.009520692,0.1533573,3675.0737,704.97217,0.007384322,57.344826,124.63388,28.07583,2.3244927
Grid_Cell_78,2004,0.25466174,202,541.6721,0.008895217,0.17908403,3905.0698,604.6995,0.004001319,57.935165,107.037796,28.72915,2.376751
Grid_Cell_78,2005,0.25459287,114,572.14777,0.009509658,0.18188748,3768.6414,757.24524,0.008647853,55.40955,117.32234,28.744379,2.4549952
Grid_Cell_78,2006,0.25459287,108,605.75543,0.008600109,0.18007813,3915.3118,806.0904,0.009441271,50.227497,127.987076,29.658289,2.5172746
Grid_Cell_78,2007,0.25459287,184,597.7838,0.008634407,0.18467718,4012.5293,733.28864,0.00877688,52.393936,127.25116,29.34234,2.6216507
Grid_Cell_78,2008,0.25466174,177,497.03055,0.008643519,0.21826768,3892.1216,712.25476,0.008614597,59.23948,109.52974,28.559381,2.5844238
Grid_Cell_78,2009,0.2545926,163,595.3138,0.008632156,0.20017274,4119.997,651.8966,0.005609702,51.27136,105.241455,30.193293,2.6100984
Grid_Cell_78,2010,0.25459287,329,602.6939,0.008547061,0.16532466,4093.3337,778.4737,0.020505205,51.251495,112.12125,30.067377,2.5783591
Grid_Cell_78,2011,0.25459287,283,581.366,0.007740083,0.14252749,4654.065,584.63855,0.009173394,59.891026,95.54831,30.055384,3.3214467
Grid_Cell_78,2012,0.25466174,691,598.0326,0.008105243,0.20890723,4560.294,743.25226,0.01690914,54.34405,103.520966,30.26385,3.442732
Grid_Cell_78,2013,0.25459287,739,506.35117,0.007577893,0.109918736,4677.167,517.0565,0.009213606,56.829273,83.8502,31.151209,3.313549
Grid_Cell_78,2014,0.25459287,959,493.5698,0.007771965,0.09933577,4760.4443,539.91034,0.014422311,60.21995,71.68178,31.034449,3.3930025
Grid_Cell_78,2015,0.25459275,955,543.96277,0.007455201,0.10006695,4797.6074,598.67316,0.011774185,57.169044,85.81354,29.917933,3.4987662
Grid_Cell_78,2016,0.25466147,792,251.78871,0.007826302,0.09270499,4795.7983,191.76753,0.002728371,75.91887,47.87357,30.472223,3.3448317
Grid_Cell_78,2017,0.25459287,952,186.7336,0.007446876,0.09616849,4966.6235,177.50664,0.005388092,82.32924,26.101477,29.851618,3.6511471
Grid_Cell_78,2018,0.25459287,1402,155.46533,0.007779076,0.09226404,5002.46,127.78992,0.00094,91.57914,22.989202,29.224482,3.7336109
Grid_Cell_78,2019,0.25459287,1634,283.6378,0.008171019,0.09594326,4824.842,288.09753,0.003434181,80.35642,32.18686,28.908014,3.7736444
Grid_Cell_78,2020,0.25466174,2854,507.83917,0.008256,0.09459375,4956.283,724.5547,0.000462,65.88682,91.19256,28.465296,4.0739417
Grid_Cell_78,2021,0.25459287,3528,445.46634,0.007591228,0.09611639,4937.7427,602.43915,0.000699,66.15336,76.99743,28.62533,3.9810367
Grid_Cell_78,2022,0.25459287,3730,453.94623,0.007932738,0.09619421,4738.2295,748.7478,0.000746,64.01269,82.40255,27.618158,4.0265713
Grid_Cell_78,2023,0.25459287,3549,481.17447,0.007739579,0.098201364,4915.531,614.695,0.000493,61.92837,84.31315,28.943995,3.8428648
Grid_Cell_78,2024,0.2546624,4400,494.89847,0.008216527,0.10769129,4818.2373,771.26996,0.000805,67.29234,82.70289,28.415033,3.9988935
Grid_Cell_78,2025,0.25459245,5521,441.24338,0.007412722,0.09724322,4813.9097,682.81573,0.000562,65.77685,80.17317,28.872065,3.8712
Grid_Cell_79,2000,0.24926634,142,608.9853,0.00603356,0.19294067,4253.586,547.1889,0.000995,46.10738,220.65302,28.989954,2.477601
Grid_Cell_79,2001,0.24919644,108,626.33636,0.009279512,0.24574897,3666.586,744.9419,0.002454849,53.811623,221.7635,27.580896,2.376465
Grid_Cell_79,2002,0.24919644,139,572.29504,0.008607738,0.19191489,3985.1938,551.7644,0.000998,56.992306,217.04338,28.58111,2.361214
Grid_Cell_79,2003,0.24919644,183,611.32324,0.009299455,0.16694584,3712.097,684.2027,0.001794555,49.61411,228.2012,28.140497,2.3677804
Grid_Cell_79,2004,0.24926995,202,600.43805,0.008712141,0.21314666,3921.651,593.341,0.001127302,52.64743,222.92754,28.78393,2.4123724
Grid_Cell_79,2005,0.24919644,114,653.92316,0.009488962,0.1784209,3797.6467,750.573,0.002499832,51.380886,229.53874,28.514673,2.4853718
Grid_Cell_79,2006,0.24919644,108,710.72284,0.008607434,0.17045976,3951.0598,797.553,0.002767849,43.573257,244.03352,29.082544,2.521384
Grid_Cell_79,2007,0.24919644,184,691.8086,0.008688791,0.23030718,4018.164,726.4091,0.00236536,45.87493,241.64693,28.740107,2.6448014
Grid_Cell_79,2008,0.24926995,177,582.8337,0.008709647,0.2457952,3865.8948,694.7635,0.00243389,52.882366,231.27383,28.012781,2.5926204
Grid_Cell_79,2009,0.24919617,163,638.87775,0.00873781,0.17869042,4102.8633,618.7233,0.001434295,48.37525,221.88387,29.626398,2.6218448
Grid_Cell_79,2010,0.24919644,329,653.7336,0.008629386,0.1883875,4099.1294,716.3597,0.005983579,47.719284,220.1704,29.370173,2.576133
Grid_Cell_79,2011,0.24919644,283,585.9247,0.007812008,0.15946817,4751.467,524.3411,0.002129983,59.26313,199.3698,29.448603,3.275111
Grid_Cell_79,2012,0.24926995,691,613.0359,0.008162367,0.18939829,4571.6187,705.464,0.005495577,52.933727,196.03706,29.6495,3.3563933
Grid_Cell_79,2013,0.24919644,739,555.23627,0.007626564,0.09270149,4682.2456,510.33887,0.002454418,53.96085,195.6356,30.402582,3.2110147
Grid_Cell_79,2014,0.24919644,959,513.201,0.007822715,0.100261554,4769.9956,505.70355,0.004012318,59.210518,165.89879,30.433466,3.2921805
Grid_Cell_79,2015,0.2491963,955,531.8419,0.007479023,0.096979916,4815.229,550.35504,0.003099788,59.162174,169.40912,28.935175,3.351506
Grid_Cell_79,2016,0.24926968,792,317.82477,0.007857908,0.09702396,4766.2676,237.64229,0.001032579,70.78865,130.9306,29.567621,3.2553508
Grid_Cell_79,2017,0.24919644,952,211.9354,0.007415856,0.09808264,5001.781,209.98332,0.001430284,80.51026,88.65678,29.154963,3.589195
Grid_Cell_79,2018,0.24919644,1402,133.94202,0.007699788,0.09524546,5117.829,128.42928,0.000263,92.57546,77.61552,29.29159,3.7388163
Grid_Cell_79,2019,0.24919644,1634,277.57788,0.008155474,0.0986648,4902.9663,307.52136,0.00119673,80.69193,91.57039,28.939325,3.7692952
Grid_Cell_79,2020,0.24926995,2854,644.6093,0.008250959,0.09374101,5022.391,641.67786,0.002668528,57.032906,204.6832,28.358545,4.080601
Grid_Cell_79,2021,0.24919644,3528,569.44604,0.007626242,0.09797506,4972.8706,565.94916,0.005194301,57.64942,189.26326,28.609095,3.9768586
Grid_Cell_79,2022,0.24919644,3730,627.4299,0.007982044,0.10135037,4764.112,756.769,0.006427466,52.844326,201.35172,27.626154,4.0056124
Grid_Cell_79,2023,0.24919644,3549,669.6388,0.007764819,0.09855973,4893.363,634.7506,0.004681486,49.822056,218.87978,29.036676,3.8288922
Grid_Cell_79,2024,0.2492696,4400,707.29175,0.008265792,0.09800953,4820.0625,804.7985,0.008343691,54.16366,211.77231,28.4201,3.9662585
Grid_Cell_79,2025,0.24919519,5521,632.6082,0.007439166,0.09717627,4814.515,659.8135,0.005764125,52.385468,223.91455,28.92187,3.8805861
Grid_Cell_8,2000,0.18299782,142,894.1076,0.008446358,0.14837067,4035.093,928.0893,0.014077188,34.57742,384.05927,29.430628,2.4853222
Grid_Cell_8,2001,0.1829266,108,886.2341,0.010678136,0.16671467,3474.22,1138.0403,0.02954936,39.646336,391.1429,27.718378,2.2861226
Grid_Cell_8,2002,0.18292685,139,857.9799,0.0104078,0.15310706,3768.9595,947.9149,0.016253706,44.759872,380.70255,28.722956,2.2896044
Grid_Cell_8,2003,0.18292685,183,820.84326,0.01092678,0.22831637,3592.164,932.6081,0.016411941,46.70645,391.32214,28.241327,2.27552
Grid_Cell_8,2004,0.183,202,884.4451,0.010767353,0.12462789,3653.3896,1020.8606,0.024748422,41.582363,386.57056,28.750635,2.303083
Grid_Cell_8,2005,0.18292685,114,856.4912,0.010923075,0.19436027,3599.324,1095.9646,0.03502733,45.9992,390.642,28.53335,2.1175637
Grid_Cell_8,2006,0.18292685,108,930.0341,0.009837478,0.11306054,3679.375,1237.9673,0.042407203,40.380333,395.24356,29.375666,2.194398
Grid_Cell_8,2007,0.18292685,184,929.30817,0.010358154,0.101715915,3593.697,1177.349,0.034604747,41.11573,398.67578,28.747736,2.2993906
Grid_Cell_8,2008,0.183,177,815.7057,0.009998584,0.16553447,3559.8005,1039.0563,0.032928444,49.81496,385.46857,28.185816,2.2085698
Grid_Cell_8,2009,0.18292685,163,858.56586,0.010611272,0.19871077,3663.753,908.3038,0.0136726,47.248535,370.77972,29.290247,2.237016
Grid_Cell_8,2010,0.18292685,329,935.06824,0.010286181,0.2062224,3725.536,1096.9592,0.038843,44.361008,382.31833,29.362574,2.2528796
Grid_Cell_8,2011,0.18292685,283,867.0368,0.009265189,0.13447036,4006.6064,867.6309,0.023116024,49.555965,360.3444,29.569513,2.540933
Grid_Cell_8,2012,0.183,691,927.6764,0.009901421,0.2186903,3781.1743,1299.8917,0.07613253,44.14444,365.84534,29.59649,2.6196446
Grid_Cell_8,2013,0.18292685,739,915.156,0.009297061,0.08086981,3892.524,1036.8561,0.050021067,43.77861,376.5999,30.515833,2.437145
Grid_Cell_8,2014,0.18292685,959,868.0382,0.009432465,0.08553959,3984.0771,961.524,0.035104074,46.888107,352.41165,30.395197,2.5669067
Grid_Cell_8,2015,0.18292685,955,810.8577,0.009107232,0.085580304,4212.025,883.9195,0.028613264,52.866,341.24792,29.525385,2.760273
Grid_Cell_8,2016,0.183,792,383.71216,0.009488468,0.086527996,4328.7876,293.75763,0.012898183,77.893936,262.06943,29.94546,2.6439435
Grid_Cell_8,2017,0.18292685,952,193.89076,0.008890787,0.08742724,4597.814,184.13892,0.003523668,90.19995,185.5046,29.866938,2.9848115
Grid_Cell_8,2018,0.18292685,1402,348.36414,0.009418449,0.0836554,4628.425,392.23874,0.01181488,87.59902,191.77615,29.690516,3.184467
Grid_Cell_8,2019,0.18292685,1634,498.0437,0.009931677,0.08406354,4381.8496,592.64355,0.014040222,76.89081,221.64052,29.118341,3.150802
Grid_Cell_8,2020,0.183,2854,906.77496,0.010021468,0.08421085,4178.1475,1109.2701,0.0697765,49.99716,381.28452,28.129236,3.1529374
Grid_Cell_8,2021,0.18292685,3528,803.104,0.009641755,0.082437724,4133.5527,889.0355,0.041938107,53.53448,355.003,28.41488,3.0578177
Grid_Cell_8,2022,0.18292685,3730,828.9179,0.009528123,0.0822957,4022.3093,1160.8975,0.067037255,49.686764,360.49387,27.762293,3.1833866
Grid_Cell_8,2023,0.18292685,3549,899.3213,0.009307757,0.08507907,4069.5667,1035.8064,0.049556527,43.559063,376.61273,29.179682,3.0303307
Grid_Cell_8,2024,0.18300003,4400,874.32904,0.009873446,0.08347634,4128.993,961.4237,0.03520566,57.0079,360.95148,28.503656,3.0893154
Grid_Cell_8,2025,0.18292466,5521,840.25024,0.009066575,0.085067205,3969.721,1080.4789,0.05720541,48.600777,367.536,29.053217,2.997613
Grid_Cell_80,2000,0.24822746,142,567.0027,0.005883711,0.29970464,4225.952,539.51666,0.003113024,51.210354,110.42007,29.121729,2.5239282
Grid_Cell_80,2001,0.24815755,108,561.72003,0.009082036,0.19111082,3734.8533,733.3945,0.007368641,59.482777,116.49069,27.672785,2.4096158
Grid_Cell_80,2002,0.24815755,139,524.67786,0.008442677,0.22974873,4027.5928,531.45825,0.003090391,61.942226,104.70197,28.619837,2.3889194
Grid_Cell_80,2003,0.24815755,183,545.9768,0.009182839,0.17785043,3731.647,665.3157,0.005474,55.581806,121.760506,28.132624,2.3857942
Grid_Cell_80,2004,0.24823087,202,544.61456,0.008623923,0.22018194,3969.2117,584.19574,0.003822756,57.663296,109.539795,28.774988,2.4306784
Grid_Cell_80,2005,0.24815752,114,579.69476,0.009484763,0.28039268,3847.7397,744.3975,0.008170705,58.14937,120.5703,28.305567,2.5090704
Grid_Cell_80,2006,0.24815755,108,614.4927,0.008595246,0.13775875,3985.9478,790.412,0.009191835,51.94764,132.10208,28.635675,2.5307333
Grid_Cell_80,2007,0.24815755,184,604.5316,0.008694232,0.314209,4090.4834,720.6624,0.007657274,53.55011,132.40611,28.306177,2.669048
Grid_Cell_80,2008,0.24823087,177,493.22104,0.008758741,0.23155703,3909.767,680.0273,0.008117889,62.07957,115.23124,27.616632,2.6047447
Grid_Cell_80,2009,0.24815755,163,573.0852,0.008806711,0.14493297,4153.177,590.94794,0.004308288,54.581776,103.236885,29.212427,2.6358516
Grid_Cell_80,2010,0.24815755,329,572.4884,0.008670839,0.25939804,4160.7324,690.01196,0.017614236,54.99623,109.97484,28.994532,2.5965784
Grid_Cell_80,2011,0.24815752,283,514.57446,0.007922933,0.267067,4643.019,501.46564,0.006340996,66.05411,81.96661,29.237116,3.205796
Grid_Cell_80,2012,0.24823087,691,558.8366,0.008241885,0.2766417,4426.941,690.7827,0.015802572,58.814026,96.93714,29.447535,3.2249043
Grid_Cell_80,2013,0.24815755,739,502.9783,0.007687852,0.092240505,4548.503,507.816,0.009182291,59.495876,85.90669,30.207697,3.0865285
Grid_Cell_80,2014,0.24815755,959,472.50443,0.007867236,0.094600186,4594.9644,492.7932,0.010302616,63.527702,69.06352,30.217005,3.1511533
Grid_Cell_80,2015,0.24815755,955,498.6956,0.007521725,0.09043579,4623.97,539.5799,0.012313572,64.10377,72.773,28.633234,3.185547
Grid_Cell_80,2016,0.24823087,792,281.7156,0.007889017,0.093512855,4641.7476,238.45331,0.003276636,76.62971,45.84813,29.2586,3.1154258
Grid_Cell_80,2017,0.24815755,952,228.95187,0.007488249,0.088076614,4847.5156,223.63884,0.005032452,82.0879,28.096344,28.823694,3.48625
Grid_Cell_80,2018,0.24815755,1402,210.78725,0.007810374,0.103292204,4960.9346,198.01907,0.003421483,90.019005,27.317272,28.928858,3.6855972
Grid_Cell_80,2019,0.24815755,1634,285.30637,0.008218362,0.08748666,4784.2812,281.76337,0.002307031,82.572266,30.13358,28.730585,3.7139869
Grid_Cell_80,2020,0.24823087,2854,509.00452,0.008300156,0.08699512,4945.1016,622.9652,0.000266,68.28017,90.055336,28.439753,4.042965
Grid_Cell_80,2021,0.24815752,3528,456.51044,0.007686169,0.09229697,4910.095,547.98987,0.000462,67.862114,80.22533,28.576258,3.9457629
Grid_Cell_80,2022,0.24815752,3730,462.0484,0.007999136,0.09633624,4728.4873,758.6363,0.000613,66.13838,83.79039,27.59115,3.9928043
Grid_Cell_80,2023,0.24815752,3549,511.79785,0.007799124,0.09427172,4891.302,638.2422,0.000416,62.62943,89.13558,28.917292,3.8113236
Grid_Cell_80,2024,0.2482306,4400,517.3351,0.00827454,0.09836736,4804.7954,812.3215,0.00085,69.18058,89.968124,28.38128,3.9364533
Grid_Cell_80,2025,0.24815755,5521,461.70578,0.007473527,0.092980154,4839.836,654.1345,0.000542,65.937996,87.54068,28.778284,3.8844984
Grid_Cell_81,2000,0.24550991,142,571.5343,0.00579864,0.33285075,4223.5107,536.38135,0.002981647,51.59026,109.15961,29.02276,2.547297
Grid_Cell_81,2001,0.24543972,108,565.0615,0.008882235,0.22018898,3754.4348,719.7854,0.006628901,58.72552,113.93344,27.599512,2.4108827
Grid_Cell_81,2002,0.24543972,139,522.21655,0.008287724,0.2500545,4020.4006,519.33203,0.002848373,61.767174,103.020966,28.522394,2.386214
Grid_Cell_81,2003,0.24543972,183,544.62897,0.009154455,0.17057358,3699.0146,650.90625,0.005008093,55.419727,119.48436,28.011011,2.3814447
Grid_Cell_81,2004,0.24551338,202,545.9361,0.00861505,0.22716676,3953.6558,580.8914,0.003827906,58.55059,109.339325,28.661402,2.4334106
Grid_Cell_81,2005,0.24543972,114,586.1316,0.009470308,0.28441566,3833.1504,735.804,0.007724972,58.44871,120.682594,28.140528,2.5247896
Grid_Cell_81,2006,0.24543972,108,618.0599,0.008533722,0.13675714,3983.0857,786.98737,0.009065932,51.768764,132.7145,28.430414,2.5504253
Grid_Cell_81,2007,0.24543972,184,606.90015,0.008627685,0.23276712,4102.8516,717.4472,0.007357794,53.32929,133.31775,28.151514,2.6964796
Grid_Cell_81,2008,0.24551338,177,497.316,0.008763936,0.2111779,3921.607,673.1525,0.007844632,63.185684,116.054085,27.462427,2.6246219
Grid_Cell_81,2009,0.24543972,163,570.4489,0.008812821,0.10895156,4160.0117,577.6164,0.00410225,55.32443,101.33997,29.048365,2.6547215
Grid_Cell_81,2010,0.24543972,329,570.4191,0.008680667,0.18042248,4168.336,685.66284,0.017475586,55.958694,108.28094,28.83047,2.6133249
Grid_Cell_81,2011,0.24543972,283,512.28705,0.00802459,0.19135357,4542.161,501.3684,0.006590277,66.699684,83.17368,28.98556,3.09107
Grid_Cell_81,2012,0.24551338,691,556.1128,0.008304871,0.2423416,4315.8535,690.64703,0.01698077,59.94239,98.30086,29.226587,3.0598087
Grid_Cell_81,2013,0.24543972,739,500.85287,0.007727968,0.09359639,4451.5723,507.8311,0.009818304,60.863056,87.59679,30.000422,2.941563
Grid_Cell_81,2014,0.24543972,959,467.51804,0.007894493,0.095301084,4481.6465,492.7662,0.012923603,64.1565,69.31653,29.997736,2.992626
Grid_Cell_81,2015,0.24543972,955,498.56384,0.007577444,0.092325255,4542.197,539.5572,0.011629938,65.1401,72.760254,28.564814,3.0403416
Grid_Cell_81,2016,0.24551338,792,284.51917,0.007924878,0.09840094,4541.3228,239.59282,0.003152323,76.40293,46.78451,29.14895,2.9776525
Grid_Cell_81,2017,0.24543972,952,251.13617,0.007578301,0.09647088,4789.127,251.68318,0.005852483,81.59428,29.443865,28.763025,3.4085102
Grid_Cell_81,2018,0.24543972,1402,236.47722,0.007913114,0.100925304,4928.008,241.2115,0.007947716,88.85073,29.708574,28.883265,3.667823
Grid_Cell_81,2019,0.24543972,1634,293.8535,0.0083248,0.0983799,4764.174,297.65665,0.00342614,82.51859,31.540829,28.707575,3.7106993
Grid_Cell_81,2020,0.24551338,2854,517.7685,0.008374712,0.085527964,4946.309,622.8963,0.000332,68.663185,91.08599,28.495722,4.032616
Grid_Cell_81,2021,0.24543972,3528,465.1288,0.007776522,0.09465479,4918.545,544.50903,0.000419,67.87448,80.9934,28.607813,3.9540162
Grid_Cell_81,2022,0.24543972,3730,470.30173,0.008093962,0.098721355,4733.043,758.7853,0.000599,66.907585,84.72365,27.56872,4.0022907
Grid_Cell_81,2023,0.24543972,3549,523.7449,0.007857566,0.09211166,4898.568,640.99945,0.000408,62.003593,90.08624,28.929193,3.8358443
Grid_Cell_81,2024,0.24551214,4400,527.79047,0.008353251,0.09422078,4811.244,812.32214,0.000827,69.351585,91.14735,28.407953,3.9242032
Grid_Cell_81,2025,0.24543835,5521,471.8007,0.00753738,0.09355919,4857.8755,653.0696,0.000577,65.85201,88.86119,28.792902,3.9039829
Grid_Cell_82,2000,0.24862002,142,574.7881,0.005743714,0.2913512,4223.2437,536.8651,0.002976659,50.737,107.16243,29.048273,2.5833747
Grid_Cell_82,2001,0.24855205,108,567.0001,0.008729896,0.21163939,3774.1313,704.268,0.006078932,57.44595,110.625725,27.650873,2.4289308
Grid_Cell_82,2002,0.24855232,139,520.16565,0.008187286,0.24444322,4019.2783,513.7592,0.002683976,61.126915,100.23833,28.56692,2.3927207
Grid_Cell_82,2003,0.24855205,183,540.30896,0.009220763,0.123267055,3639.6687,639.8978,0.004636205,55.55864,116.314125,28.053247,2.352301
Grid_Cell_82,2004,0.24862356,202,544.8106,0.00869269,0.23564456,3890.364,582.7019,0.00390918,58.155117,108.162674,28.69375,2.414729
Grid_Cell_82,2005,0.24855205,114,590.0466,0.009499246,0.27042708,3793.4238,720.83307,0.007014921,57.50705,119.270546,28.153315,2.5197897
Grid_Cell_82,2006,0.24855205,108,621.8183,0.008495185,0.13650043,3971.2095,786.7562,0.008893839,50.427456,131.01617,28.37478,2.5505965
Grid_Cell_82,2007,0.24855228,184,607.0329,0.008581886,0.24019249,4106.586,716.3316,0.007086253,52.440872,131.98952,28.128077,2.6938083
Grid_Cell_82,2008,0.24862377,177,503.10727,0.008803926,0.2133703,3921.4438,673.6846,0.007469727,62.99114,114.83606,27.445734,2.628242
Grid_Cell_82,2009,0.24855232,163,574.7894,0.008859338,0.31059456,4150.896,577.7514,0.004062623,54.60471,99.65425,29.026789,2.657016
Grid_Cell_82,2010,0.24855232,329,566.7407,0.008719277,0.19124605,4163.036,680.1084,0.017617712,55.719063,105.462685,28.8305,2.6101058
Grid_Cell_82,2011,0.24855232,283,510.9565,0.008097121,0.28516787,4503.4897,501.43323,0.006922997,66.142624,82.383026,28.969904,3.0622344
Grid_Cell_82,2012,0.24862377,691,551.73566,0.008367309,0.29387853,4274.304,690.7321,0.019351741,59.825306,97.37913,29.187891,3.0078278
Grid_Cell_82,2013,0.24855205,739,502.394,0.007775568,0.09229449,4421.1655,507.84195,0.008626658,60.530415,87.5322,29.959375,2.9045765
Grid_Cell_82,2014,0.24855205,959,467.52454,0.007928496,0.093067564,4439.6787,492.67004,0.0136459,63.20533,69.00203,29.961145,2.9546807
Grid_Cell_82,2015,0.24855232,955,501.25195,0.007596616,0.09950768,4511.1357,540.9223,0.010917003,64.01265,71.86751,28.588007,3.0300677
Grid_Cell_82,2016,0.24862404,792,279.92123,0.007923769,0.09729099,4507.1284,233.32225,0.002647828,75.25828,45.498657,29.13952,2.9584928
Grid_Cell_82,2017,0.24855232,952,245.41107,0.007616024,0.09772381,4781.833,245.32417,0.006051637,81.19006,29.12835,28.782984,3.4239895
Grid_Cell_82,2018,0.24855205,1402,248.4393,0.007960528,0.101291515,4906.7075,252.61847,0.006710993,86.97264,30.905884,28.887995,3.6950493
Grid_Cell_82,2019,0.24855232,1634,292.75403,0.008387824,0.09367236,4767.19,299.1287,0.004911685,81.70562,31.262484,28.74093,3.7596376
Grid_Cell_82,2020,0.24862404,2854,522.0142,0.0084063,0.091193765,4942.43,627.7645,0.000346,67.69185,90.63622,28.470148,4.068477
Grid_Cell_82,2021,0.24855232,3528,470.1638,0.007805478,0.09591824,4910.995,553.51404,0.000377,66.43877,80.656334,28.59289,3.993845
Grid_Cell_82,2022,0.24855232,3730,472.411,0.008146849,0.09857764,4727.58,760.2768,0.000575,66.232605,84.13549,27.521448,4.0362635
Grid_Cell_82,2023,0.24855232,3549,525.78064,0.007902809,0.09044807,4884.931,641.1777,0.000414,60.73656,89.38291,28.896479,3.8739607
Grid_Cell_82,2024,0.24862333,4400,531.7239,0.008377569,0.091956295,4811.566,809.0245,0.000797,68.516464,90.37303,28.392145,3.9573135
Grid_Cell_82,2025,0.24855137,5521,475.6341,0.007578329,0.08678623,4854.2715,653.4377,0.000599,65.06441,88.27965,28.761957,3.9314349
Grid_Cell_83,2000,0.25905207,142,576.83734,0.005683505,0.22373308,4212.0938,539.01025,0.003078264,48.643257,104.82079,29.169,2.5952642
Grid_Cell_83,2001,0.25898767,108,561.8787,0.008633126,0.2053248,3752.5967,687.66626,0.005834486,54.33188,108.06637,27.804834,2.4244444
Grid_Cell_83,2002,0.25898767,139,516.957,0.008124669,0.23652895,3973.1116,511.31412,0.002650438,58.20803,98.36856,28.730127,2.3743646
Grid_Cell_83,2003,0.25898767,183,531.2759,0.009339168,0.15835701,3545.452,629.4888,0.004564849,54.374523,113.85752,28.181055,2.3196297
Grid_Cell_83,2004,0.2590552,202,537.7958,0.008817902,0.2055811,3769.2542,585.9902,0.004258412,55.33643,107.54834,28.80105,2.3985064
Grid_Cell_83,2005,0.25898767,114,583.9122,0.009553489,0.213758,3741.689,704.2993,0.006654452,56.75603,118.434364,28.25805,2.4936252
Grid_Cell_83,2006,0.25898767,108,628.95276,0.00847865,0.16571197,3977.7751,787.83624,0.008915894,48.8506,128.15007,28.410517,2.5201511
Grid_Cell_83,2007,0.25898767,184,606.09656,0.008560644,0.27674943,4105.0254,715.5184,0.007067757,52.112724,129.19826,28.190302,2.661377
Grid_Cell_83,2008,0.2590552,177,500.67316,0.008867665,0.20306966,3888.1475,676.35565,0.007594556,61.445793,113.16536,27.527979,2.6026955
Grid_Cell_83,2009,0.25898767,163,574.6771,0.008930927,0.28934997,4106.3335,581.715,0.004309438,52.7051,100.25682,29.085077,2.622701
Grid_Cell_83,2010,0.25898767,329,568.3877,0.008764582,0.18973517,4124.5034,694.7997,0.015382907,54.2067,107.93326,28.946863,2.5947974
Grid_Cell_83,2011,0.25898767,283,505.06726,0.008150381,0.2657536,4484.143,488.3987,0.008003452,64.41716,82.37997,29.035425,3.0850425
Grid_Cell_83,2012,0.2590552,691,562.8002,0.008421284,0.25810757,4262.651,732.8684,0.020924341,57.270317,100.03254,29.20083,3.022172
Grid_Cell_83,2013,0.25898767,739,530.07983,0.007829931,0.092381015,4405.987,543.61475,0.010940281,57.161198,93.82316,30.01272,2.928823
Grid_Cell_83,2014,0.25898767,959,468.33777,0.007973794,0.10242665,4439.141,495.9338,0.013180048,61.3774,72.057045,29.976618,2.9814272
Grid_Cell_83,2015,0.25898767,955,533.2502,0.007603955,0.09691758,4502.606,568.2539,0.010284068,59.51581,76.86533,28.685328,3.0991087
Grid_Cell_83,2016,0.2590552,792,263.89905,0.007909141,0.09893474,4528.5566,208.97554,0.001913641,73.73099,45.25184,29.240839,3.0231445
Grid_Cell_83,2017,0.25898767,952,240.38043,0.007642719,0.09881964,4800.6104,238.22748,0.006279072,79.1157,28.907532,28.891169,3.4958732
Grid_Cell_83,2018,0.25898767,1402,257.6614,0.007985387,0.103637874,4905.7676,254.72015,0.004077124,83.43527,31.208273,29.04571,3.7538164
Grid_Cell_83,2019,0.25898767,1634,304.69022,0.008452492,0.0994078,4753.426,318.36456,0.008043414,78.70613,32.64697,28.842371,3.8026855
Grid_Cell_83,2020,0.25905517,2854,522.18115,0.008448435,0.094727874,4939.0776,710.50244,0.000735,65.377365,92.06929,28.506525,4.0967216
Grid_Cell_83,2021,0.25898767,3528,447.29803,0.007837005,0.10528105,4904.5146,531.5285,0.000372,65.58557,79.21445,28.640528,4.040044
Grid_Cell_83,2022,0.25898767,3730,472.7663,0.008186999,0.10076887,4710.2207,786.77673,0.000714,64.10222,85.1562,27.581415,4.0673933
Grid_Cell_83,2023,0.25898767,3549,515.32513,0.007959795,0.09488348,4868.6787,601.63776,0.000351,58.941734,86.8191,28.934717,3.8982759
Grid_Cell_83,2024,0.25905406,4400,517.17267,0.00839304,0.096555725,4813.3247,746.74384,0.000789,67.514,87.339264,28.44839,3.994704
Grid_Cell_83,2025,0.2589863,5521,478.9456,0.007605671,0.09571635,4845.4116,673.524,0.000569,62.132042,87.22125,28.78866,3.9711218
Grid_Cell_84,2000,0.2577987,142,573.70526,0.005609809,0.24851973,4225.8115,541.04114,0.003280045,49.079613,108.961464,29.25033,2.5976214
Grid_Cell_84,2001,0.257726,108,556.01,0.008539084,0.25631768,3800.8596,671.5191,0.005677449,54.728252,110.103424,27.941523,2.418554
Grid_Cell_84,2002,0.257726,139,513.9427,0.008030615,0.23528862,4014.5515,511.52686,0.002702384,58.76828,102.02848,28.868341,2.3609056
Grid_Cell_84,2003,0.257726,183,523.1726,0.009269754,0.1762295,3584.6223,621.87805,0.004667288,55.50297,116.35906,28.273859,2.2931914
Grid_Cell_84,2004,0.25780055,202,532.7401,0.008757425,0.23434305,3797.695,590.7658,0.004737247,55.876934,110.844185,28.861506,2.3752139
Grid_Cell_84,2005,0.257726,114,570.05255,0.009522979,0.24908271,3749.121,688.22675,0.006570408,57.220726,121.49491,28.318048,2.4662623
Grid_Cell_84,2006,0.257726,108,618.06525,0.00843879,0.15133908,3991.996,786.8459,0.009537004,49.084473,130.5269,28.454218,2.4998431
Grid_Cell_84,2007,0.257726,184,590.90314,0.008529352,0.11239267,4140.3813,713.6413,0.007386668,53.566685,131.8472,28.250422,2.6365824
Grid_Cell_84,2008,0.25780055,177,494.9023,0.008920725,0.1798845,3906.2437,679.31,0.007970799,61.918537,116.23664,27.621851,2.5897856
Grid_Cell_84,2009,0.257726,163,569.68536,0.008974663,0.27140784,4106.0312,584.44415,0.004699493,52.94172,106.123375,29.12478,2.60479
Grid_Cell_84,2010,0.257726,329,554.7365,0.008802085,0.19137743,4159.1143,692.9539,0.01705175,55.73856,112.47712,29.06338,2.584489
Grid_Cell_84,2011,0.257726,283,503.6276,0.008192977,0.12322728,4549.427,485.74622,0.007750298,64.664345,88.4055,29.137903,3.1441863
Grid_Cell_84,2012,0.25780055,691,564.06244,0.008471237,0.28362975,4352.234,741.55914,0.020050406,58.011284,104.555855,29.278406,3.108545
Grid_Cell_84,2013,0.257726,739,526.1162,0.007870393,0.09862263,4502.672,550.4641,0.013977476,58.377064,98.51134,30.08465,3.0081723
Grid_Cell_84,2014,0.257726,959,464.5556,0.008034701,0.09631871,4527.3066,496.37558,0.013985401,62.05131,77.531456,30.012964,3.061256
Grid_Cell_84,2015,0.257726,955,530.7619,0.007635801,0.10009928,4563.6143,568.2615,0.011747969,59.89399,82.03847,28.80575,3.167773
Grid_Cell_84,2016,0.25780055,792,262.9125,0.007914199,0.09915699,4594.856,207.67447,0.002679915,73.87749,47.94248,29.334558,3.0935678
Grid_Cell_84,2017,0.257726,952,253.6666,0.007692818,0.09350344,4875.1445,252.35822,0.004978873,78.446075,29.813587,29.020166,3.5621402
Grid_Cell_84,2018,0.257726,1402,256.60516,0.008004829,0.098959185,4965.939,254.55817,0.003089952,83.60591,31.493813,29.15182,3.7972066
Grid_Cell_84,2019,0.257726,1634,290.5044,0.008509834,0.09984729,4803.7104,301.7833,0.00663863,79.75345,32.969967,28.988794,3.8216238
Grid_Cell_84,2020,0.25780055,2854,512.02997,0.008512332,0.09535208,4995.3037,710.55524,0.000769,66.61713,94.27288,28.566889,4.122746
Grid_Cell_84,2021,0.257726,3528,442.05246,0.007884512,0.10676391,4967.4883,532.08685,0.000366,66.534546,81.70687,28.710382,4.0829206
Grid_Cell_84,2022,0.257726,3730,470.9109,0.008231174,0.10431112,4776.868,789.75867,0.000715,64.62509,87.51942,27.649378,4.0956125
Grid_Cell_84,2023,0.257726,3549,507.87854,0.008030716,0.1003328,4936.4473,600.8288,0.00039,60.053493,89.24984,29.001368,3.9411867
Grid_Cell_84,2024,0.25780028,4400,511.6043,0.008423343,0.102669336,4871.4688,746.7586,0.000818,68.599846,89.29479,28.50564,4.0391273
Grid_Cell_84,2025,0.257726,5521,472.00665,0.007638579,0.10029289,4898.541,673.82404,0.000584,62.81087,89.42332,28.83755,4.0033746
Grid_Cell_85,2000,0.25780803,142,574.33344,0.005561282,0.22316831,4242.7725,541.27716,0.0034393,48.95497,106.02897,29.429071,2.6141913
Grid_Cell_85,2001,0.2577367,108,553.63513,0.008481636,0.26069325,3835.1897,658.86804,0.005499195,54.39461,105.79638,28.181604,2.4301636
Grid_Cell_85,2002,0.2577367,139,517.13513,0.007962518,0.26738566,4068.523,515.9538,0.002773175,58.795334,99.35293,29.1065,2.3683372
Grid_Cell_85,2003,0.2577367,183,526.60486,0.009182729,0.15002406,3649.557,621.93207,0.004692589,55.68594,113.31879,28.470331,2.293157
Grid_Cell_85,2004,0.2578112,202,538.60895,0.008676932,0.13789454,3840.3308,600.05426,0.005070782,55.101006,108.12853,29.021845,2.372755
Grid_Cell_85,2005,0.2577367,114,564.0888,0.009497099,0.27985555,3766.8398,676.1794,0.00637387,56.914574,118.817894,28.48562,2.4562964
Grid_Cell_85,2006,0.2577367,108,615.8891,0.008408599,0.14191529,4024.04,777.0978,0.009129226,49.425377,127.479805,28.65481,2.4956992
Grid_Cell_85,2007,0.2577367,184,583.74927,0.008511828,0.26550967,4154.9272,704.66437,0.007113867,53.997387,129.42955,28.445093,2.6271303
Grid_Cell_85,2008,0.2578112,177,497.90622,0.00898744,0.21589696,3913.5298,683.42004,0.008133395,60.99476,113.76493,27.852655,2.5976067
Grid_Cell_85,2009,0.2577367,163,562.9191,0.009025636,0.30927163,4093.7969,579.3325,0.004582045,52.552353,103.83069,29.292597,2.6095161
Grid_Cell_85,2010,0.2577367,329,552.6704,0.008840503,0.166081,4191.846,688.4741,0.018701093,55.805824,109.9169,29.317865,2.6032906
Grid_Cell_85,2011,0.2577367,283,500.63174,0.008255104,0.22727682,4620.2515,485.71918,0.008884134,64.93438,84.08275,29.413294,3.212337
Grid_Cell_85,2012,0.2578112,691,565.7631,0.008542689,0.28596216,4439.9854,741.62915,0.02108032,57.97637,101.09353,29.572748,3.2162635
Grid_Cell_85,2013,0.2577367,739,529.178,0.007931811,0.093782365,4599.3076,550.3896,0.012896007,58.26637,94.85744,30.34524,3.116289
Grid_Cell_85,2014,0.2577367,959,461.44736,0.008121366,0.091085404,4614.5405,496.32047,0.015362833,62.01183,73.67086,30.279657,3.1510506
Grid_Cell_85,2015,0.2577367,955,524.2905,0.007662565,0.08726306,4600.6367,568.3662,0.013379685,59.837402,78.25612,28.990107,3.2154443
Grid_Cell_85,2016,0.2578112,792,261.97546,0.007919318,0.11226725,4626.3936,212.63536,0.003300325,74.134155,46.339703,29.474207,3.1332538
Grid_Cell_85,2017,0.2577367,952,259.63034,0.007737674,0.084198624,4911.7515,254.99771,0.003990993,78.30727,29.855528,29.170069,3.6004279
Grid_Cell_85,2018,0.2577367,1402,246.45966,0.008012699,0.093083665,4999.8633,238.10437,0.002765695,84.44019,29.754274,29.252619,3.808645
Grid_Cell_85,2019,0.2577367,1634,301.73965,0.008563595,0.08722163,4811.6797,312.39865,0.005358832,78.91268,33.148315,29.051722,3.831898
Grid_Cell_85,2020,0.2578112,2854,506.59732,0.008560658,0.08018114,4991.3716,711.11957,0.000961,67.10798,92.92304,28.583551,4.106148
Grid_Cell_85,2021,0.2577367,3528,442.276,0.007928502,0.092300735,4980.61,532.00476,0.000357,67.28484,79.52058,28.727808,4.0933657
Grid_Cell_85,2022,0.2577367,3730,472.1788,0.00827716,0.10147825,4797.7764,792.08496,0.000733,65.0634,85.38169,27.658838,4.104688
Grid_Cell_85,2023,0.2577367,3549,510.7762,0.008081686,0.0992445,4971.377,600.89044,0.000381,60.56255,87.094025,29.0245,3.9707415
Grid_Cell_85,2024,0.2578107,4400,510.42853,0.008461989,0.098634295,4876.8887,746.7647,0.000725,68.99694,86.99,28.507135,4.056219
Grid_Cell_85,2025,0.2577363,5521,471.86365,0.007663436,0.094727956,4916.7305,674.0689,0.000632,63.23195,87.25265,28.835718,4.019992
Grid_Cell_86,2000,0.25531453,142,572.1894,0.005718107,0.24981128,4353.39,538.5631,0.003637157,50.06286,101.87191,29.211145,2.583409
Grid_Cell_86,2001,0.25525042,108,550.7385,0.008497074,0.24510804,3915.2717,650.0369,0.005394312,54.818733,100.96554,28.282495,2.4240677
Grid_Cell_86,2002,0.25525042,139,517.4819,0.0078777,0.24682927,4169.232,523.6575,0.003059866,58.86271,97.63833,29.29519,2.3717961
Grid_Cell_86,2003,0.25525042,183,533.81384,0.009014565,0.13812672,3803.2385,627.65173,0.004864171,54.621296,111.52707,28.662043,2.2980201
Grid_Cell_86,2004,0.25531805,202,546.8387,0.008489292,0.21940343,3969.4883,613.71985,0.005463395,54.672348,104.46345,29.170588,2.3507605
Grid_Cell_86,2005,0.25525042,114,558.3799,0.009418914,0.23265533,3863.2358,665.3124,0.006223031,56.70494,114.97558,28.74026,2.4641047
Grid_Cell_86,2006,0.25525042,108,610.10675,0.008360602,0.13694541,4092.8486,756.0508,0.007994291,50.60893,122.80306,29.08941,2.5127883
Grid_Cell_86,2007,0.25525042,184,576.5478,0.008477492,0.24499723,4185.2617,686.92,0.006484726,54.25098,125.52685,28.869593,2.6383631
Grid_Cell_86,2008,0.25531805,177,502.51813,0.009039277,0.21814683,3953.2664,690.2593,0.008511039,60.30977,110.75182,28.26922,2.6194646
Grid_Cell_86,2009,0.25525042,163,549.7032,0.009051005,0.26427415,4124.051,565.3293,0.004195092,52.743427,99.46997,29.649897,2.6370845
Grid_Cell_86,2010,0.25525042,329,554.352,0.008874325,0.18613257,4242.5103,684.1703,0.017254373,56.01801,106.84441,29.68664,2.6360645
Grid_Cell_86,2011,0.2552504,283,496.85062,0.008315542,0.24089108,4703.896,485.71918,0.010572246,65.68853,79.34733,29.687647,3.2758644
Grid_Cell_86,2012,0.25531805,691,568.8467,0.008612886,0.23749763,4521.5435,741.5214,0.02094678,58.32263,97.25306,29.875269,3.307862
Grid_Cell_86,2013,0.25525042,739,527.40686,0.007989492,0.09192308,4698.5503,550.56134,0.014636124,59.288265,89.39062,30.57461,3.2056725
Grid_Cell_86,2014,0.25525042,959,456.9546,0.00819751,0.099216625,4716.057,496.3313,0.015996665,63.477467,68.79899,30.554102,3.230571
Grid_Cell_86,2015,0.25525042,955,519.67786,0.007682075,0.09554656,4677.307,568.19666,0.015076418,60.823517,74.514496,29.281,3.2642798
Grid_Cell_86,2016,0.25531805,792,244.7642,0.007931802,0.10212978,4699.0215,197.62129,0.002939034,76.07095,42.91743,29.723505,3.1782331
Grid_Cell_86,2017,0.2552504,952,227.04028,0.0077904,0.10133484,4985.769,209.63773,0.00243876,81.68667,27.158306,29.414576,3.6346061
Grid_Cell_86,2018,0.25525042,1402,216.01337,0.008047634,0.104413085,5044.646,197.97156,0.001753586,87.58394,26.457376,29.444605,3.7994328
Grid_Cell_86,2019,0.25525042,1634,327.90158,0.008641413,0.106721945,4827.8086,339.09515,0.00494338,78.106125,34.844383,29.183832,3.826384
Grid_Cell_86,2020,0.25531805,2854,497.95078,0.008609989,0.09477548,5000.751,711.52344,0.001139495,68.66279,90.94188,28.64889,4.090574
Grid_Cell_86,2021,0.2552504,3528,437.15897,0.007989163,0.09240319,4999.483,533.7079,0.000371,68.91585,77.03923,28.791742,4.092338
Grid_Cell_86,2022,0.2552504,3730,465.34564,0.008353647,0.097324006,4811.744,793.1984,0.00074,66.79449,82.884,27.72503,4.0936947
Grid_Cell_86,2023,0.2552504,3549,503.4527,0.008143521,0.090846926,4992.384,599.62354,0.000384,62.103703,84.73881,29.10644,3.9685497
Grid_Cell_86,2024,0.25531763,4400,498.74026,0.00851708,0.0973437,4885.9346,746.76733,0.000839,70.7807,84.375465,28.543665,4.0468793
Grid_Cell_86,2025,0.25525,5521,465.86157,0.007718009,0.09506043,4934.355,674.1752,0.000668,64.59483,84.70266,28.88653,4.0264435
Grid_Cell_87,2000,0.23385203,142,617.8191,0.005881538,0.11138694,4540.624,533.81384,0.00115125,48.096924,212.01538,28.833735,2.5674882
Grid_Cell_87,2001,0.23379862,108,572.48865,0.008486814,0.18505593,3930.0923,644.90796,0.001604456,50.98086,195.31487,28.260859,2.4334512
Grid_Cell_87,2002,0.2337989,139,544.3069,0.007756533,0.28128254,4230.269,532.40326,0.001043219,53.13681,206.36432,29.373987,2.3932345
Grid_Cell_87,2003,0.2337989,183,584.9043,0.008795572,0.17070211,3932.1272,635.3532,0.001563027,47.616627,216.62898,28.750452,2.3277462
Grid_Cell_87,2004,0.23385628,202,605.27185,0.008249894,0.22751427,3994.84,628.6251,0.001810451,46.67272,221.40114,29.215143,2.3496675
Grid_Cell_87,2005,0.23379879,114,612.76324,0.009243393,0.12365771,3893.8838,654.2673,0.001946897,48.324017,228.39427,29.02151,2.4978719
Grid_Cell_87,2006,0.2337989,108,672.331,0.008212828,0.1565018,4055.2349,732.7508,0.002217483,42.91886,234.18155,29.777552,2.549672
Grid_Cell_87,2007,0.2337989,184,653.6284,0.008346263,0.17408599,4105.659,666.71313,0.00184889,45.946873,235.13512,29.591822,2.6718905
Grid_Cell_87,2008,0.23385628,177,587.30457,0.008998827,0.115080856,3920.577,696.952,0.002926892,50.821125,228.50232,28.858423,2.6538908
Grid_Cell_87,2009,0.23379862,163,585.07214,0.008953923,0.31909478,4082.691,549.5796,0.001188623,47.074116,216.694,30.18661,2.684242
Grid_Cell_87,2010,0.2337989,329,602.18304,0.008815123,0.12742004,4194.379,649.9904,0.004352692,48.888103,209.72308,30.37359,2.696955
Grid_Cell_87,2011,0.2337989,283,556.8846,0.008324361,0.26455116,4724.9194,484.6457,0.002086853,58.305134,192.44907,30.203485,3.3667548
Grid_Cell_87,2012,0.23385628,691,615.02625,0.00861373,0.2527274,4568.0977,726.7443,0.005818812,52.454105,190.25935,30.457178,3.426612
Grid_Cell_87,2013,0.2337989,739,564.77374,0.00800643,0.08123434,4731.9395,542.0012,0.004177223,53.429474,200.72704,31.281916,3.3441656
Grid_Cell_87,2014,0.2337989,959,503.60086,0.008216753,0.081110545,4764.6587,485.5939,0.004110695,57.566734,171.06598,31.157099,3.3489616
Grid_Cell_87,2015,0.2337989,955,544.6107,0.007731438,0.084260225,4684.4194,566.80884,0.0034355,56.381092,170.7468,29.972223,3.365958
Grid_Cell_87,2016,0.23385601,792,276.44022,0.007990627,0.09355938,4730.685,183.6875,0.000605,70.556366,127.54095,30.369104,3.2666895
Grid_Cell_87,2017,0.2337989,952,197.40292,0.007939321,0.07378058,5013.2695,195.21756,0.000856,81.8955,83.63771,30.011988,3.6856678
Grid_Cell_87,2018,0.2337989,1402,171.91158,0.008202881,0.06739734,5036.636,172.31075,0.000416,87.960144,79.41558,29.932215,3.7889533
Grid_Cell_87,2019,0.2337989,1634,344.78088,0.008787509,0.058957174,4841.1904,382.80707,0.001761675,75.51794,103.100655,29.431513,3.8151512
Grid_Cell_87,2020,0.23385628,2854,645.6767,0.008720065,0.060869563,4955.737,673.65546,0.005424262,57.15807,211.7195,28.748926,4.063354
Grid_Cell_87,2021,0.2337989,3528,569.47845,0.008143762,0.05825002,4952.441,542.68384,0.003744497,57.483147,198.34645,28.967524,4.061174
Grid_Cell_87,2022,0.2337989,3730,627.76465,0.008515108,0.06498418,4694.511,766.9469,0.009147736,53.57759,201.45262,27.939905,4.05438
Grid_Cell_87,2023,0.2337989,3549,646.6726,0.008280515,0.061478294,4884.0903,560.41846,0.002482452,50.418564,209.24179,29.40957,3.966495
Grid_Cell_87,2024,0.23385648,4400,664.1506,0.00865413,0.06521249,4826.7974,790.83514,0.009670897,58.60127,193.75018,28.752588,4.016932
Grid_Cell_87,2025,0.23379795,5521,618.066,0.007866156,0.06624309,4893.686,610.48175,0.004811972,55.18156,216.29924,29.145655,3.9873538
Grid_Cell_88,2000,0.2253303,142,610.39453,0.006030325,0.29617396,4626.623,528.57654,0.0012522,51.50494,214.68689,28.474848,2.5822132
Grid_Cell_88,2001,0.22527397,108,565.9817,0.00845445,0.3421661,4013.6626,640.01556,0.00156412,52.413136,198.88754,28.195368,2.461602
Grid_Cell_88,2002,0.22527397,139,541.9546,0.007663176,0.3314644,4328.683,536.9501,0.001189264,55.317,212.21367,29.411646,2.4350839
Grid_Cell_88,2003,0.22527397,183,590.597,0.008838465,0.30893803,4021.4417,641.9261,0.001707555,50.35387,222.96384,28.819086,2.3647666
Grid_Cell_88,2004,0.2253347,202,608.10986,0.008281157,0.33916518,4051.4119,636.5813,0.001907968,48.922737,226.43925,29.215601,2.3681784
Grid_Cell_88,2005,0.22527397,114,608.86017,0.009230688,0.24962853,3972.5962,643.4229,0.001969606,50.77705,231.34653,29.118769,2.5277348
Grid_Cell_88,2006,0.22527397,108,660.748,0.008143948,0.24345095,4159.247,714.5452,0.002119075,46.84508,234.37584,29.917688,2.5542266
Grid_Cell_88,2007,0.22527397,184,640.66095,0.008296633,0.17626081,4188.8247,648.44604,0.001930517,49.254913,235.26297,29.728876,2.6763425
Grid_Cell_88,2008,0.2253347,177,583.02106,0.009058728,0.24141127,3971.4714,700.851,0.003101236,53.55138,231.46391,28.967585,2.6459675
Grid_Cell_88,2009,0.22527397,163,576.10596,0.008919046,0.385334,4161.5107,537.1186,0.001146401,49.92727,219.32294,30.325281,2.6949954
Grid_Cell_88,2010,0.22527397,329,598.10925,0.00886263,0.20564212,4249.8213,643.69836,0.004055647,51.707466,211.9901,30.445398,2.6989412
Grid_Cell_88,2011,0.22527397,283,553.3951,0.008433073,0.16783564,4780.0327,484.47504,0.002377096,60.767414,195.4005,30.31701,3.4067206
Grid_Cell_88,2012,0.2253347,691,613.7834,0.008708702,0.368257,4648.979,725.5542,0.006371178,54.520523,194.04407,30.630548,3.4961474
Grid_Cell_88,2013,0.22527397,739,560.03253,0.008136705,0.06520167,4799.9834,541.35754,0.005121092,56.11303,203.9847,31.428522,3.4097135
Grid_Cell_88,2014,0.22527397,959,504.21643,0.008333849,0.06398207,4825.3853,484.57007,0.003052682,60.133183,176.50323,31.305841,3.4126945
Grid_Cell_88,2015,0.22527397,955,545.4456,0.007873366,0.06599303,4817.018,566.62524,0.003058531,59.878094,175.57555,30.034235,3.477773
Grid_Cell_88,2016,0.2253347,792,269.18735,0.008129691,0.05156347,4836.559,169.2335,0.000413,73.91947,132.02266,30.405725,3.3780966
Grid_Cell_88,2017,0.22527397,952,220.7536,0.008104366,0.04469866,5081.6836,225.73189,0.001884949,83.19002,88.97665,30.122004,3.7662842
Grid_Cell_88,2018,0.22527397,1402,204.94337,0.008363743,0.057367746,5055.7036,204.20964,0.000541,88.007164,86.32391,30.254114,3.8210766
Grid_Cell_88,2019,0.22527397,1634,392.4089,0.009005694,0.048750363,4854.8853,437.10626,0.002032281,75.28846,116.82518,29.528711,3.8164868
Grid_Cell_88,2020,0.2253347,2854,632.18555,0.008964039,0.041701164,4954.6,668.0473,0.006260109,60.647076,219.59825,28.734766,4.0631833
Grid_Cell_88,2021,0.22527397,3528,574.70667,0.008411721,0.040104583,4946.2905,550.3497,0.004272901,60.45315,207.43922,29.018702,4.0496325
Grid_Cell_88,2022,0.22527397,3730,628.512,0.008765961,0.053320784,4695.976,772.6979,0.010671962,57.024586,210.25694,28.023554,4.0385237
Grid_Cell_88,2023,0.22527397,3549,637.8285,0.008534857,0.04972418,4831.673,554.3715,0.002692904,53.927208,214.85995,29.477442,3.944269
Grid_Cell_88,2024,0.22533445,4400,656.9609,0.00890674,0.07284815,4805.6934,798.2312,0.010402334,61.84703,201.70221,28.795893,4.023
Grid_Cell_88,2025,0.22527397,5521,606.9337,0.008133147,0.040681668,4887.2876,597.6884,0.004557753,58.710323,222.66003,29.199457,3.9820707
Grid_Cell_89,2000,0.21970232,142,600.50494,0.005929802,0.19066566,4585.786,524.3951,0.001410359,52.394833,218.9841,28.965662,2.6028144
Grid_Cell_89,2001,0.21964054,108,560.0298,0.008459622,0.2045757,4018.725,634.08203,0.001569021,54.092228,205.44449,28.520472,2.4954717
Grid_Cell_89,2002,0.21964054,139,534.399,0.00774131,0.34653398,4304.72,535.89386,0.001319233,56.613678,219.85674,29.520899,2.4633372
Grid_Cell_89,2003,0.21964054,183,591.2493,0.008884308,0.16514765,4056.3962,645.03534,0.001835449,51.014114,231.15749,28.853083,2.4320269
Grid_Cell_89,2004,0.2197058,202,605.1372,0.008319019,0.33132392,4096.0854,629.4211,0.001828135,50.8893,231.44334,29.186823,2.4225159
Grid_Cell_89,2005,0.21964054,114,603.69885,0.009251623,0.31413755,4038.323,634.6318,0.001953678,53.135975,233.77298,29.164667,2.5840704
Grid_Cell_89,2006,0.21964054,108,658.95197,0.008132667,0.121092,4240.7485,713.6748,0.002158517,49.491863,236.81555,29.951227,2.5958018
Grid_Cell_89,2007,0.21964054,184,629.6146,0.00831126,0.20150754,4249.7866,634.81323,0.001961045,51.986237,236.60756,29.802576,2.7081578
Grid_Cell_89,2008,0.219706,177,576.57385,0.009179435,0.14794457,4003.4136,692.8636,0.002945314,55.964005,235.3098,29.000696,2.6703527
Grid_Cell_89,2009,0.21964054,163,574.0615,0.008946314,0.20033257,4217.8154,536.27185,0.001075045,51.859837,223.38776,30.399897,2.7320845
Grid_Cell_89,2010,0.21964054,329,595.07556,0.00897428,0.09721006,4296.7437,638.8675,0.004131086,54.194843,216.85828,30.480005,2.7159276
Grid_Cell_89,2011,0.21964054,283,554.18134,0.008617768,0.31576562,4843.6074,484.33466,0.001487661,62.884632,201.05334,30.370356,3.4720974
Grid_Cell_89,2012,0.219706,691,622.3265,0.008887798,0.23865479,4750.437,725.65216,0.003040126,55.66543,199.0913,30.711756,3.5917075
Grid_Cell_89,2013,0.21964054,739,563.19806,0.008387825,0.063224815,4883.889,541.3111,0.002648298,57.732243,211.50601,31.448816,3.5166314
Grid_Cell_89,2014,0.21964054,959,508.89722,0.008574386,0.06393287,4891.312,484.7634,0.002395575,61.79319,186.55879,31.330256,3.5048862
Grid_Cell_89,2015,0.21964054,955,546.8355,0.008062431,0.063924834,4927.2637,566.5831,0.00291063,61.737175,182.4118,30.011164,3.576643
Grid_Cell_89,2016,0.219706,792,286.4223,0.008307119,0.06599171,4914.7554,179.38469,0.0005,74.220505,140.18204,30.382898,3.4617374
Grid_Cell_89,2017,0.21964054,952,243.52757,0.008297078,0.059598234,5190.391,253.62073,0.002427373,82.211754,94.21694,30.150873,3.8828595
Grid_Cell_89,2018,0.21964054,1402,263.32275,0.008561233,0.06716447,5179.2793,266.88745,0.001007517,85.49365,97.84131,30.359034,3.943919
Grid_Cell_89,2019,0.21964054,1634,422.2439,0.009211848,0.056091517,4956.8765,480.47797,0.002686932,74.1861,130.38954,29.583643,3.928576
Grid_Cell_89,2020,0.219706,2854,628.77026,0.009179839,0.06094808,5048.573,669.07263,0.004797237,62.352947,227.1477,28.755396,4.1690235
Grid_Cell_89,2021,0.21964054,3528,577.7134,0.0086693,0.06495171,5031.031,551.56683,0.002913367,61.819847,217.6671,29.095636,4.1436396
Grid_Cell_89,2022,0.21964054,3730,648.62384,0.009019643,0.057235215,4772.5757,794.0679,0.009448689,57.251408,221.27328,28.151789,4.1146193
Grid_Cell_89,2023,0.21964054,3549,633.6532,0.008822727,0.056241654,4878.278,553.53674,0.002593346,55.045414,221.14062,29.579737,3.9943032
Grid_Cell_89,2024,0.21970634,4400,654.6997,0.009160136,0.05815614,4871.3564,798.2657,0.010291059,63.376827,209.0947,28.899744,4.1189713
Grid_Cell_89,2025,0.2196404,5521,602.2735,0.008415098,0.05959408,4932.6143,593.8975,0.004277946,60.17362,228.21342,29.293695,4.059072
Grid_Cell_9,2000,0.16157444,142,889.1763,0.008043485,0.17211907,4132.5938,938.412,0.002607229,40.053143,248.30511,28.252771,2.5152845
Grid_Cell_9,2001,0.1615282,108,861.27637,0.010179957,0.2459797,3579.5466,1146.663,0.004671695,45.923435,257.87885,26.618036,2.3341703
Grid_Cell_9,2002,0.1615285,139,849.94257,0.00996493,0.25828835,3855.8618,956.27844,0.002918545,50.777084,242.54453,27.604517,2.3159742
Grid_Cell_9,2003,0.1615282,183,787.61816,0.010578154,0.2454893,3623.8447,940.032,0.002701058,54.74861,253.70123,27.123133,2.2688763
Grid_Cell_9,2004,0.16157788,202,863.28436,0.010409894,0.1880753,3702.4553,1036.7363,0.004323757,49.210648,253.19705,27.606104,2.3186908
Grid_Cell_9,2005,0.1615282,114,817.95685,0.010616746,0.23362276,3624.4473,1095.5498,0.005841058,53.50007,256.37857,27.36828,2.1495156
Grid_Cell_9,2006,0.1615282,108,894.4816,0.00951929,0.2465716,3771.3179,1275.4207,0.007009764,46.932903,260.8332,28.134546,2.2740211
Grid_Cell_9,2007,0.16152845,184,903.14087,0.009974062,0.29199484,3688.9983,1184.6357,0.005258288,47.24981,262.63336,27.485193,2.3887742
Grid_Cell_9,2008,0.16157788,177,789.7682,0.009723717,0.23397751,3632.5386,1076.0885,0.005513272,56.718624,252.31311,26.87829,2.299178
Grid_Cell_9,2009,0.1615285,163,853.5817,0.010336715,0.27728862,3726.4485,927.9511,0.002745853,53.193413,242.90726,27.96377,2.311023
Grid_Cell_9,2010,0.1615282,329,891.2461,0.010276133,0.27805904,3777.1523,1075.9272,0.008792466,52.8288,257.9766,27.96316,2.346955
Grid_Cell_9,2011,0.1615285,283,852.5303,0.009512946,0.18991561,3987.4258,867.57697,0.006537829,56.13447,242.55884,27.981195,2.5685015
Grid_Cell_9,2012,0.16157788,691,890.9017,0.010133774,0.30506513,3750.1323,1299.8713,0.020514973,52.11539,258.17105,28.003443,2.5946107
Grid_Cell_9,2013,0.1615282,739,899.2001,0.009515084,0.06614786,3879.6152,1036.7384,0.012554229,50.310646,250.72449,28.936731,2.4154668
Grid_Cell_9,2014,0.1615282,959,874.00305,0.009682862,0.06852158,3944.9985,961.5683,0.009657192,52.732937,242.94766,28.779718,2.5340643
Grid_Cell_9,2015,0.1615285,955,831.83887,0.009317681,0.06779212,4376.274,889.5226,0.00709177,59.06656,237.23964,27.80807,2.988595
Grid_Cell_9,2016,0.16157813,792,782.53485,0.00969968,0.07096697,4216.3906,818.42596,0.00726944,59.53288,227.68134,28.202997,2.8803508
Grid_Cell_9,2017,0.1615285,952,626.81525,0.009069239,0.069680125,4412.586,587.8451,0.003235271,69.46132,180.15492,28.404413,3.0381334
Grid_Cell_9,2018,0.1615282,1402,707.7503,0.009516357,0.07352836,4262.8545,973.58215,0.015539082,69.27499,193.33571,28.48147,2.9484396
Grid_Cell_9,2019,0.1615285,1634,713.84924,0.009931604,0.0745374,4138.7095,816.9606,0.006331548,68.09749,222.58835,28.029688,2.8867266
Grid_Cell_9,2020,0.16157813,2854,866.56006,0.009989313,0.07147265,4270.7827,1108.2362,0.022757353,56.478985,259.76202,27.493677,3.0571382
Grid_Cell_9,2021,0.1615285,3528,807.02875,0.009602378,0.073566966,4168.446,893.90735,0.011299339,58.07315,244.02908,27.66189,2.9015846
Grid_Cell_9,2022,0.1615285,3730,816.62646,0.009472273,0.07518066,3988.3345,1167.171,0.01667064,55.81022,252.28485,26.804926,2.9199963
Grid_Cell_9,2023,0.1615285,3549,884.9001,0.00929873,0.07199334,4056.7595,1032.4875,0.01185037,50.163467,253.43303,28.228266,2.7733786
Grid_Cell_9,2024,0.1615773,4400,871.9633,0.009819692,0.06774044,4080.5945,968.4614,0.009799955,63.797546,249.05676,27.530481,2.8130138
Grid_Cell_9,2025,0.16152738,5521,827.2897,0.009008349,0.074306116,4020.6226,1081.9054,0.015639992,56.79847,253.49022,28.129297,2.7758374
Grid_Cell_90,2000,0.19364631,142,610.1888,0.005833157,0.19729434,4733.84,521.5906,0.007651753,56.08046,311.1216,29.47021,2.6619194
Grid_Cell_90,2001,0.19358301,108,562.74274,0.008469893,0.16522957,4195.7915,627.5783,0.006985784,59.268738,273.48636,28.859491,2.5537252
Grid_Cell_90,2002,0.19358301,139,521.1279,0.007826666,0.26459306,4455.749,530.08453,0.006071702,62.507195,295.01657,29.669214,2.4999468
Grid_Cell_90,2003,0.19358301,183,588.1821,0.009073996,0.14946294,4168.9673,645.93176,0.008459441,57.658985,306.80695,28.9815,2.4521983
Grid_Cell_90,2004,0.19365108,202,592.4086,0.008518124,0.11600053,4188.4517,610.8032,0.007828893,57.67899,311.03876,29.293268,2.4525023
Grid_Cell_90,2005,0.19358301,114,608.4616,0.009382887,0.188028,4194.957,625.9529,0.008506143,59.057503,307.4668,29.229883,2.620817
Grid_Cell_90,2006,0.19358301,108,659.88293,0.008178708,0.120391324,4534.4966,726.7125,0.010397774,56.39576,310.41382,29.826471,2.6479595
Grid_Cell_90,2007,0.19358301,184,611.0765,0.008380071,0.15403585,4493.5166,621.7052,0.008641853,59.315514,321.0291,29.731867,2.7415137
Grid_Cell_90,2008,0.19365108,177,587.1569,0.009339796,0.15160361,4189.174,673.411,0.012869153,60.81279,321.71796,28.950586,2.7071354
Grid_Cell_90,2009,0.19358274,163,588.041,0.009033937,0.21079959,4435.923,544.37506,0.00515399,56.673443,314.8757,30.367823,2.7765367
Grid_Cell_90,2010,0.19358301,329,584.2561,0.009073259,0.102277406,4540.536,633.7602,0.018574182,60.155903,287.45496,30.43905,2.756681
Grid_Cell_90,2011,0.19358301,283,532.0101,0.008713196,0.22308949,5145.398,488.58765,0.005650805,69.54118,263.94357,30.398462,3.5514123
Grid_Cell_90,2012,0.19365108,691,604.72,0.00897761,0.14121392,5121.873,723.6058,0.020390308,62.132626,263.84573,30.7232,3.6989822
Grid_Cell_90,2013,0.19358301,739,532.62213,0.008574742,0.053864725,5244.727,542.00446,0.016787436,64.792625,271.98575,31.379236,3.6544394
Grid_Cell_90,2014,0.19358301,959,468.46954,0.008759773,0.059631184,5248.671,486.38013,0.013346802,70.18389,240.4617,31.262842,3.6192355
Grid_Cell_90,2015,0.19358288,955,535.2935,0.008194002,0.055198472,5237.525,566.487,0.006386884,67.09979,239.24837,30.024103,3.640136
Grid_Cell_90,2016,0.19365081,792,265.4263,0.008419151,0.06454026,5214.3853,185.88791,0.002151557,79.87772,209.16751,30.42312,3.508322
Grid_Cell_90,2017,0.19358301,952,215.06848,0.008367373,0.06115195,5589.797,227.91997,0.005811969,87.538445,160.59082,30.35113,3.9900513
Grid_Cell_90,2018,0.19358301,1402,282.64615,0.008633788,0.05876919,5604.8623,312.29172,0.007171247,87.8392,168.22899,30.762598,4.0935764
Grid_Cell_90,2019,0.19358301,1634,444.68088,0.009331539,0.05129022,5265.863,546.00476,0.018506804,76.82202,199.05722,29.779963,4.0230966
Grid_Cell_90,2020,0.19365108,2854,609.0247,0.009325133,0.059058532,5310.8413,671.87836,0.013952636,68.87031,290.71262,28.788874,4.206626
Grid_Cell_90,2021,0.19358301,3528,566.66504,0.008870368,0.07467317,5274.4585,556.5078,0.008827261,67.33284,281.03802,29.280787,4.1481256
Grid_Cell_90,2022,0.19358301,3730,650.44904,0.00924651,0.052193757,4973.5537,818.0914,0.029946921,62.59349,286.04395,28.382715,4.1090374
Grid_Cell_90,2023,0.19358301,3549,626.79083,0.009080823,0.059204713,5098.0024,552.89624,0.010960175,60.427757,294.94836,29.819208,4.015639
Grid_Cell_90,2024,0.1936514,4400,639.05304,0.009378796,0.06861633,5095.252,798.42377,0.034454796,69.844246,266.28198,29.119013,4.1202035
Grid_Cell_90,2025,0.19358219,5521,580.88934,0.008677338,0.061814558,5126.2812,596.5232,0.012681966,66.3366,284.1315,29.542963,4.0407963
Grid_Cell_91,2000,0.17697723,142,603.47003,0.005733106,0.43368652,4614.4287,520.0391,0.007949143,53.07532,313.46008,29.90246,2.7227666
Grid_Cell_91,2001,0.1769178,108,548.8108,0.008465488,0.31257275,4004.2273,622.2701,0.007487777,53.270733,280.3955,29.14184,2.6008484
Grid_Cell_91,2002,0.1769178,139,510.2361,0.007868991,0.38281706,4114.8003,523.58185,0.006327319,52.010048,305.44272,29.790796,2.52957
Grid_Cell_91,2003,0.1769178,183,580.69556,0.009209616,0.15378644,3792.4954,645.9804,0.009622654,48.70336,318.81888,29.096704,2.4724038
Grid_Cell_91,2004,0.17698032,202,575.9212,0.008669405,0.21130095,3917.6985,587.01654,0.007852162,51.116642,320.8759,29.387629,2.4831717
Grid_Cell_91,2005,0.1769178,114,590.7756,0.009509021,0.15462865,3924.2637,616.1184,0.009056702,51.131702,316.5065,29.258936,2.6397896
Grid_Cell_91,2006,0.1769178,108,663.06134,0.008221986,0.18960382,4383.413,743.3726,0.013118675,49.335392,322.63278,29.626581,2.6823773
Grid_Cell_91,2007,0.1769178,184,607.2068,0.008434582,0.3010645,4456.8643,607.163,0.008930828,59.98298,326.4445,29.578943,2.7481234
Grid_Cell_91,2008,0.17698032,177,565.072,0.009462922,0.21277279,4017.5269,649.8624,0.01139196,54.72404,323.63614,28.863886,2.7267735
Grid_Cell_91,2009,0.1769178,163,584.6055,0.009113201,0.23632284,4263.587,554.82947,0.005776099,50.160175,321.99136,30.27038,2.799927
Grid_Cell_91,2010,0.1769178,329,573.48956,0.009117869,0.12466314,4346.0444,641.13226,0.022877356,53.094246,302.99515,30.274866,2.748496
Grid_Cell_91,2011,0.1769178,283,572.5738,0.008642234,0.2556448,4922.453,558.51447,0.0094675,58.118164,290.51392,30.273401,3.512029
Grid_Cell_91,2012,0.17698032,691,588.39734,0.008912408,0.24006623,4953.979,691.7898,0.024796076,54.612816,283.76584,30.624964,3.6922882
Grid_Cell_91,2013,0.1769178,739,526.93164,0.008547944,0.07463055,5085.9043,553.00104,0.016120799,57.228695,285.93805,31.248713,3.6668024
Grid_Cell_91,2014,0.1769178,959,495.32697,0.008740424,0.08431794,5077.9204,513.32184,0.014147462,61.090763,258.8733,31.130579,3.6337903
Grid_Cell_91,2015,0.1769178,955,538.49365,0.008116099,0.08381785,5084.8975,561.64856,0.009125431,57.729942,259.61453,30.053614,3.6261292
Grid_Cell_91,2016,0.17698032,792,276.4682,0.008312245,0.07792446,5057.262,187.6812,0.002157872,69.462265,216.32962,30.48025,3.5055556
Grid_Cell_91,2017,0.1769178,952,201.84712,0.008163941,0.080790505,5551.8467,204.79393,0.004057774,77.64091,159.87788,30.574091,4.0352225
Grid_Cell_91,2018,0.1769178,1402,294.00342,0.008421579,0.06065363,5572.6924,334.0062,0.00995314,76.52608,169.51538,31.218683,4.154296
Grid_Cell_91,2019,0.1769178,1634,423.0798,0.00920615,0.07529059,5180.218,510.99988,0.016330723,68.3269,195.26068,30.105158,4.0525827
Grid_Cell_91,2020,0.17698032,2854,636.0177,0.009204405,0.05353357,5140.705,697.2838,0.012461967,57.732967,319.47253,28.973413,4.190984
Grid_Cell_91,2021,0.1769178,3528,592.78485,0.00874768,0.06867505,5098.2905,567.71497,0.011667192,55.444744,312.6552,29.541712,4.120797
Grid_Cell_91,2022,0.1769178,3730,690.4846,0.009174451,0.037963647,4798.746,839.83936,0.02532282,50.43927,308.5178,28.604609,4.079962
Grid_Cell_91,2023,0.1769178,3549,637.57465,0.009048391,0.067134745,4907.08,568.242,0.009350014,50.629227,307.47772,30.011286,3.9715977
Grid_Cell_91,2024,0.17698063,4400,663.9837,0.00928142,0.068161435,4944.83,806.52344,0.019801505,57.902958,288.15683,29.33758,4.093494
Grid_Cell_91,2025,0.1769178,5521,599.4384,0.008624994,0.08257579,5058.8296,580.8534,0.009054516,61.369106,311.82712,29.764399,4.0164456
Grid_Cell_92,2000,0.16948508,142,590.8319,0.005608166,0.1769663,4644.7344,520.0358,0.002761442,55.73887,289.2379,30.056177,2.713098
Grid_Cell_92,2001,0.16942577,108,538.6642,0.008396166,0.2632935,4027.63,619.79584,0.003021641,55.748745,277.39667,29.193476,2.5676978
Grid_Cell_92,2002,0.16942602,139,505.98956,0.007762984,0.28605148,4122.957,519.0404,0.002375127,53.91673,297.5923,29.7716,2.4839194
Grid_Cell_92,2003,0.16942602,183,578.5042,0.00916038,0.16437691,3777.1672,646.1975,0.003828695,50.718,306.68582,29.11181,2.4040475
Grid_Cell_92,2004,0.16948852,202,556.4729,0.008655638,0.26516134,3905.1445,568.4622,0.002890075,53.716644,301.46646,29.386164,2.4335473
Grid_Cell_92,2005,0.16942602,114,573.6273,0.009493462,0.31047943,3934.4988,608.0195,0.003310065,54.09335,301.85565,29.279932,2.5920498
Grid_Cell_92,2006,0.16942602,108,656.39343,0.008152859,0.2690635,4430.1187,757.3964,0.00576614,51.34824,309.22678,29.596521,2.6684046
Grid_Cell_92,2007,0.16942602,184,593.33636,0.008357314,0.20574673,4494.2925,596.3512,0.003447743,62.44699,305.88235,29.575678,2.699733
Grid_Cell_92,2008,0.16948852,177,542.37756,0.009425084,0.12793584,4052.595,630.60803,0.003556137,57.757347,306.1637,28.869715,2.6966846
Grid_Cell_92,2009,0.16942576,163,577.68274,0.009057317,0.4040087,4301.8247,562.2642,0.002246555,52.38918,300.49182,30.260523,2.7723927
Grid_Cell_92,2010,0.16942602,329,572.4787,0.009001588,0.12323458,4366.0522,634.54755,0.006802603,54.54524,297.808,30.249353,2.6924343
Grid_Cell_92,2011,0.16942602,283,587.28546,0.008393703,0.25871277,4922.082,558.3633,0.003754822,57.829872,291.37195,30.291468,3.421652
Grid_Cell_92,2012,0.16948852,691,606.1116,0.00868638,0.15610074,4982.5405,691.9793,0.010924641,54.553764,288.59454,30.683283,3.6357307
Grid_Cell_92,2013,0.16942602,739,550.83203,0.008340471,0.06702327,5139.8013,552.8142,0.007283483,57.395134,293.17902,31.299341,3.6233778
Grid_Cell_92,2014,0.16942602,959,524.01715,0.008546565,0.06688393,5130.9404,513.5324,0.007920637,61.269325,273.672,31.164576,3.6087902
Grid_Cell_92,2015,0.16942576,955,551.256,0.007900941,0.065831706,5139.128,561.8495,0.003952945,57.696228,264.88876,30.225763,3.5803757
Grid_Cell_92,2016,0.16948824,792,330.21405,0.008077061,0.06706536,5071.0425,212.7086,0.00108651,66.11095,220.41644,30.66891,3.468363
Grid_Cell_92,2017,0.16942602,952,241.36647,0.007879209,0.07076205,5616.144,223.73495,0.001466007,74.97318,145.36798,30.771845,4.0058045
Grid_Cell_92,2018,0.16942602,1402,331.90927,0.008141682,0.07965484,5625.0127,371.70145,0.005694384,74.75732,157.28648,31.323236,4.110666
Grid_Cell_92,2019,0.16942602,1634,430.30502,0.008987245,0.045114122,5247.4355,487.95483,0.005556757,68.45434,188.40727,30.29104,4.008713
Grid_Cell_92,2020,0.16948852,2854,638.594,0.008938356,0.05673501,5207.221,694.47485,0.005091363,58.20892,310.5036,29.18664,4.106148
Grid_Cell_92,2021,0.16942602,3528,609.5594,0.008450269,0.07900963,5166.8794,589.4564,0.004433175,54.589245,302.1978,29.764582,4.0639133
Grid_Cell_92,2022,0.16942602,3730,714.01886,0.008917455,0.0778921,4875.8447,848.0192,0.009030976,49.0876,304.1708,28.775324,4.054277
Grid_Cell_92,2023,0.16942602,3549,636.1307,0.00882086,0.06683769,4972.5454,569.1222,0.003116558,51.49987,294.7454,30.17367,3.9260154
Grid_Cell_92,2024,0.16948964,4400,666.90515,0.00899388,0.07696554,5036.397,806.53687,0.007550103,58.013863,289.26385,29.540674,4.066336
Grid_Cell_92,2025,0.16942465,5521,596.73224,0.008351876,0.0663459,5135.8423,580.24316,0.003588999,62.33674,302.35107,29.986536,3.9938562
Grid_Cell_93,2000,0.16969886,142,614.1364,0.005484377,0.1243907,4618.19,522.71436,0.002326198,53.82472,270.40054,30.213373,2.722835
Grid_Cell_93,2001,0.1696474,108,541.41595,0.008328102,0.41054374,3999.72,622.60596,0.003117154,54.775917,245.1411,29.248194,2.554102
Grid_Cell_93,2002,0.1696474,139,522.1204,0.007646156,0.25515884,4096.5254,518.0987,0.001951223,52.698013,271.6706,29.750818,2.458748
Grid_Cell_93,2003,0.1696474,183,587.0427,0.009078767,0.31410673,3735.6738,647.1976,0.003270866,49.99879,282.61212,29.124231,2.345075
Grid_Cell_93,2004,0.16970219,202,565.96173,0.00860697,0.29905492,3840.7014,561.274,0.002656199,52.294662,281.29953,29.385767,2.389046
Grid_Cell_93,2005,0.1696474,114,575.8899,0.009447825,0.26518777,3870.2754,603.26746,0.002784692,53.2169,278.89948,29.272089,2.5003376
Grid_Cell_93,2006,0.1696474,108,672.38715,0.008001465,0.34585005,4360.939,765.60876,0.005424791,49.13428,291.71774,29.524652,2.5659046
Grid_Cell_93,2007,0.16964768,184,614.256,0.008171784,0.097410604,4403.281,594.0627,0.002923908,59.721996,289.90045,29.480066,2.5617878
Grid_Cell_93,2008,0.16970219,177,553.105,0.009247686,0.12038338,3974.2397,620.4589,0.002773753,56.161247,283.58078,28.796167,2.5723336
Grid_Cell_93,2009,0.16964768,163,591.46136,0.008882126,0.118307635,4216.921,561.735,0.002026267,50.445644,282.23743,30.172083,2.65479
Grid_Cell_93,2010,0.16964768,329,579.3043,0.008758123,0.1546189,4293.577,628.94666,0.004018329,52.675907,274.16644,30.148767,2.5776742
Grid_Cell_93,2011,0.16964795,283,603.5147,0.008015536,0.11225797,4842.7954,558.51984,0.003078644,54.59815,269.8654,30.271112,3.3036041
Grid_Cell_93,2012,0.16970219,691,624.7499,0.008358979,0.1373202,4903.0293,692.25507,0.006353224,51.44498,258.3134,30.712336,3.5187225
Grid_Cell_93,2013,0.1696474,739,569.9383,0.007992794,0.043094188,5074.744,552.9233,0.002416418,54.09821,264.49796,31.377008,3.496871
Grid_Cell_93,2014,0.1696474,959,537.6144,0.008232414,0.056442395,5096.716,513.66205,0.00318451,58.97516,237.3676,31.21499,3.5298862
Grid_Cell_93,2015,0.16964768,955,555.1137,0.007722969,0.055649836,5109.562,562.06335,0.003462089,55.756355,233.4985,30.32931,3.5228758
Grid_Cell_93,2016,0.16970272,792,339.91287,0.007916108,0.061827663,5032.1147,242.76471,0.001342312,64.058586,188.57727,30.792963,3.4381034
Grid_Cell_93,2017,0.16964795,952,225.6622,0.007658715,0.059541184,5591.0366,213.29352,0.000958,74.038155,128.2412,30.89831,3.956284
Grid_Cell_93,2018,0.1696474,1402,344.5949,0.007933572,0.056652162,5601.055,388.83997,0.006541932,72.69214,149.40823,31.385523,4.059467
Grid_Cell_93,2019,0.16964795,1634,465.98065,0.008833797,0.052888528,5196.255,536.4825,0.009217802,64.84982,184.2465,30.377832,3.944398
Grid_Cell_93,2020,0.16970272,2854,653.7847,0.008760819,0.060639963,5164.2227,695.2256,0.005046315,55.69922,290.87158,29.264856,4.026742
Grid_Cell_93,2021,0.16964795,3528,631.39484,0.008281886,0.06749215,5147.8647,592.4437,0.003899843,52.381817,281.35773,29.834803,4.0327835
Grid_Cell_93,2022,0.16964795,3730,723.0898,0.008729883,0.07051557,4856.213,850.0388,0.007994596,47.341423,280.46936,28.831446,4.0143795
Grid_Cell_93,2023,0.16964795,3549,654.1883,0.008663364,0.06953489,4973.348,568.6189,0.003580301,50.029697,275.5553,30.22143,3.9068031
Grid_Cell_93,2024,0.16969989,4400,676.133,0.008774261,0.049482897,5015.322,806.5764,0.006459599,56.5304,260.80078,29.62292,4.036843
Grid_Cell_93,2025,0.16964383,5521,615.995,0.008167533,0.06606686,5084.9023,579.8684,0.003131327,60.507336,283.1644,30.055231,3.9442868
Grid_Cell_94,2000,0.28322482,142,506.04456,0.006007452,0.22321899,4249.126,490.18604,0.003231783,50.82861,119.18125,28.528955,2.4592545
Grid_Cell_94,2001,0.2831685,108,504.6571,0.009210814,0.2416437,3646.0059,689.89215,0.007974798,57.11646,125.33585,27.319971,2.38078
Grid_Cell_94,2002,0.2831685,139,488.0486,0.008524601,0.2582971,3892.5278,532.3471,0.003563733,58.593113,120.67938,28.276453,2.336522
Grid_Cell_94,2003,0.2831685,183,501.4646,0.009231072,0.14912906,3636.659,657.9403,0.007411199,55.537205,136.55365,27.728785,2.3135338
Grid_Cell_94,2004,0.2832314,202,498.00958,0.008568087,0.22926264,3853.5974,551.06573,0.003752278,56.407215,120.35219,28.412256,2.3677003
Grid_Cell_94,2005,0.2831685,114,528.074,0.00913153,0.114557795,3738.0232,708.14844,0.008160071,54.067844,128.7789,28.62063,2.461502
Grid_Cell_94,2006,0.2831685,108,559.20856,0.008215325,0.14820196,3865.647,734.04364,0.008478939,48.38368,139.58774,29.630457,2.4979937
Grid_Cell_94,2007,0.2831685,184,544.0322,0.008184982,0.24725017,3971.9778,649.2701,0.007103052,50.63717,136.57536,29.31283,2.6085002
Grid_Cell_94,2008,0.2832314,177,450.3803,0.008311406,0.24090643,3832.9011,657.9855,0.008537278,56.941635,123.11063,28.503412,2.5689864
Grid_Cell_94,2009,0.2831685,163,547.1803,0.008184526,0.15645984,4059.5745,596.33386,0.00545924,48.95805,119.34011,30.202295,2.576879
Grid_Cell_94,2010,0.2831685,329,561.9023,0.008197876,0.18835445,4009.1184,744.82416,0.020452969,48.702755,124.926,30.030603,2.5385988
Grid_Cell_94,2011,0.2831685,283,568.02155,0.007476155,0.15270038,4558.8335,584.67096,0.00924473,55.327522,117.99178,30.009882,3.315933
Grid_Cell_94,2012,0.2832314,691,576.01874,0.007882251,0.26491106,4439.385,743.4041,0.017567992,49.44563,123.61392,30.177973,3.4504166
Grid_Cell_94,2013,0.2831685,739,491.27005,0.007337848,0.09920671,4571.2314,517.05756,0.010845277,51.90879,105.919044,31.070948,3.3436518
Grid_Cell_94,2014,0.2831685,959,491.72406,0.007520742,0.114414066,4664.185,539.8164,0.012930901,54.825916,95.166084,31.003931,3.4264615
Grid_Cell_94,2015,0.2831685,955,509.56583,0.007214726,0.10077471,4747.7383,570.69904,0.013730524,53.388977,107.52129,29.936274,3.5672593
Grid_Cell_94,2016,0.2832314,792,290.56787,0.007611357,0.101159714,4676.2476,224.9611,0.004358658,66.77135,69.36453,30.466455,3.41546
Grid_Cell_94,2017,0.2831685,952,231.78256,0.007250171,0.1043748,4885.794,254.16396,0.010008897,73.21799,33.465393,30.00213,3.6977568
Grid_Cell_94,2018,0.2831685,1402,169.68353,0.007558329,0.1113819,4947.4546,154.44864,0.001360517,83.32203,26.28506,29.47384,3.7915561
Grid_Cell_94,2019,0.2831685,1634,240.02736,0.007864762,0.111199975,4858.004,238.00716,0.002672288,76.43108,30.209188,29.2138,3.8704596
Grid_Cell_94,2020,0.2832314,2854,469.3282,0.007993045,0.10337336,4992.183,671.69525,0.00037,61.47795,99.65071,28.730158,4.180806
Grid_Cell_94,2021,0.2831685,3528,422.49582,0.007307943,0.102746315,4992.972,586.4076,0.000761,60.475376,89.536674,28.949366,4.1262765
Grid_Cell_94,2022,0.2831685,3730,430.78455,0.00767865,0.105407394,4803.729,725.6466,0.000775,58.33001,94.88812,27.881037,4.1802015
Grid_Cell_94,2023,0.2831685,3549,445.3617,0.0075591,0.101083145,4937.488,573.6323,0.000495,57.812637,95.57681,29.199732,3.9720771
Grid_Cell_94,2024,0.28323108,4400,466.93243,0.007999708,0.12984921,4872.8916,749.436,0.000969,61.725227,94.4888,28.685389,4.1627903
Grid_Cell_94,2025,0.2831678,5521,411.0788,0.007226464,0.10325109,4855.7207,656.65906,0.000635,61.276897,92.2105,29.163599,3.9871933
Grid_Cell_95,2000,0.2742678,142,512.07806,0.005770003,0.21805923,4223.827,481.9686,0.002757011,49.821964,113.77547,29.363428,2.5293946
Grid_Cell_95,2001,0.2741992,108,511.80887,0.009113396,0.25425932,3669.8718,681.44434,0.00699476,57.040916,120.208694,27.92428,2.4413621
Grid_Cell_95,2002,0.2741992,139,491.15576,0.008464566,0.20166375,3934.2256,510.6305,0.003227007,59.165565,115.459984,28.807764,2.3912823
Grid_Cell_95,2003,0.2741992,183,516.0446,0.009185983,0.12652849,3654.2153,637.71735,0.006039832,54.900135,130.54868,28.312342,2.3477118
Grid_Cell_95,2004,0.27427322,202,506.2555,0.008550567,0.22556613,3890.3914,534.4544,0.003407592,57.510178,115.40412,28.946955,2.3962522
Grid_Cell_95,2005,0.2741992,114,541.3537,0.009232965,0.13634156,3826.4536,700.6856,0.007544552,57.104763,124.73914,28.749445,2.478454
Grid_Cell_95,2006,0.2741992,108,576.94324,0.008289003,0.104415014,3983.8796,727.13806,0.008120178,50.535843,136.37221,29.277002,2.489261
Grid_Cell_95,2007,0.2741992,184,556.85614,0.008304568,0.11645028,4063.3923,641.75653,0.006426993,52.126358,134.59833,28.893732,2.6168563
Grid_Cell_95,2008,0.27427322,177,456.53458,0.008447915,0.19595382,3888.4377,630.77924,0.007692603,59.15569,120.56854,28.176691,2.5629413
Grid_Cell_95,2009,0.2741992,163,542.6281,0.008362413,0.17588317,4133.7207,561.6864,0.004398603,51.82856,112.68633,29.850306,2.576879
Grid_Cell_95,2010,0.2741992,329,553.89514,0.008328212,0.09975696,4105.673,682.10425,0.017387452,51.847355,117.59931,29.498316,2.5297976
Grid_Cell_95,2011,0.2741992,283,536.154,0.007587672,0.16837695,4641.5474,524.4275,0.006049788,59.92805,99.61186,29.54629,3.252748
Grid_Cell_95,2012,0.27427322,691,563.4108,0.007949839,0.12232951,4456.092,705.59106,0.015449211,53.250904,110.754326,29.741266,3.3530805
Grid_Cell_95,2013,0.2741992,739,501.50952,0.007410831,0.09695804,4561.9663,510.4134,0.008540647,53.549488,100.80589,30.47851,3.220056
Grid_Cell_95,2014,0.2741992,959,484.78406,0.007614462,0.10865064,4643.7456,505.6938,0.010101274,57.8459,85.8225,30.572077,3.3073862
Grid_Cell_95,2015,0.2741992,955,486.67303,0.007217249,0.105091505,4686.501,525.83685,0.013124438,58.28182,88.22068,29.120478,3.3589716
Grid_Cell_95,2016,0.27427322,792,251.17911,0.007599171,0.101973884,4685.27,196.13281,0.003909423,72.42603,54.13402,29.734186,3.2634792
Grid_Cell_95,2017,0.2741992,952,221.03331,0.007222068,0.104249485,4898.137,236.41632,0.008932908,76.00447,30.709898,29.409052,3.5921402
Grid_Cell_95,2018,0.2741992,1402,156.4287,0.007496922,0.09960804,5003.8184,136.66428,0.001151274,86.84127,24.785559,29.39474,3.7465904
Grid_Cell_95,2019,0.2741992,1634,237.13728,0.007861595,0.1041095,4854.038,229.73761,0.001614308,78.363525,28.408003,29.20498,3.8211102
Grid_Cell_95,2020,0.27427322,2854,474.89548,0.008006342,0.102835506,4977.8066,605.0475,0.000301,63.52036,95.211586,28.732843,4.1541667
Grid_Cell_95,2021,0.2741992,3528,432.53442,0.007337207,0.102920726,4976.893,547.80194,0.000648,62.244812,87.34469,28.925928,4.0961394
Grid_Cell_95,2022,0.2741992,3730,441.9809,0.007705773,0.12910339,4787.6533,740.15424,0.000569,59.75402,90.795265,27.839624,4.143866
Grid_Cell_95,2023,0.2741992,3549,468.01038,0.007565723,0.10378465,4954.911,597.55,0.000476,59.016754,94.72232,29.171808,3.959577
Grid_Cell_95,2024,0.27427217,4400,491.9389,0.007996854,0.11359462,4879.669,785.9999,0.000871,63.064117,95.64477,28.679102,4.134396
Grid_Cell_95,2025,0.27419862,5521,431.26752,0.007226674,0.104961656,4880.824,632.0446,0.000581,62.349766,93.188545,29.137598,3.9663346
Grid_Cell_96,2000,0.27154502,142,514.1737,0.0056137,0.20017828,4197.0874,476.0266,0.002502907,49.741577,110.924065,29.742182,2.56619
Grid_Cell_96,2001,0.2714726,108,518.6409,0.008969587,0.21693756,3692.3228,671.83124,0.006256945,56.560726,116.254135,28.203485,2.4631772
Grid_Cell_96,2002,0.2714726,139,489.6092,0.008357002,0.19935751,3973.2495,492.8461,0.002974209,60.12252,111.28323,29.048395,2.4118304
Grid_Cell_96,2003,0.2714726,183,517.7553,0.009147674,0.19123973,3651.883,619.8822,0.005371798,54.86464,125.893745,28.580988,2.3621297
Grid_Cell_96,2004,0.27155054,202,505.6674,0.008543381,0.17961329,3886.4304,520.64233,0.003355523,57.533016,112.93841,29.18664,2.407796
Grid_Cell_96,2005,0.2714726,114,547.7905,0.009293538,0.2263296,3824.9514,693.8006,0.007333812,57.03122,123.34982,28.725458,2.4858856
Grid_Cell_96,2006,0.2714726,108,581.0807,0.008315657,0.17873955,4029.6196,721.0955,0.008398133,51.03679,135.2855,28.93136,2.4884388
Grid_Cell_96,2007,0.2714726,184,560.2808,0.008349992,0.22435863,4114.214,635.65344,0.00628473,52.68516,134.33757,28.534906,2.6287398
Grid_Cell_96,2008,0.27155054,177,458.1157,0.008535206,0.20682855,3909.6416,607.8004,0.007429822,60.097836,119.551025,27.878717,2.563761
Grid_Cell_96,2009,0.2714726,163,531.1553,0.008468649,0.2285379,4169.9224,532.64734,0.003889476,53.456383,107.54551,29.533258,2.5805776
Grid_Cell_96,2010,0.2714726,329,542.31323,0.008392061,0.21946818,4152.224,654.89795,0.016773667,53.054123,113.20848,29.226954,2.546133
Grid_Cell_96,2011,0.2714726,283,513.9211,0.007703508,0.20978628,4620.746,501.3576,0.006014777,61.857567,94.48101,29.501093,3.1831589
Grid_Cell_96,2012,0.27155054,691,551.852,0.008025776,0.20796949,4396.882,690.76764,0.01690457,54.579266,107.26345,29.69668,3.2162635
Grid_Cell_96,2013,0.2714726,739,496.5609,0.007481681,0.110772386,4497.287,507.91858,0.009912058,54.84625,99.0537,30.412745,3.087967
Grid_Cell_96,2014,0.2714726,959,475.28973,0.007662171,0.10991843,4558.479,492.84503,0.01060277,58.825184,83.10117,30.458155,3.1500232
Grid_Cell_96,2015,0.2714726,955,478.77176,0.007251664,0.11058767,4601.436,515.8134,0.012440007,60.103424,82.96322,29.065454,3.1595197
Grid_Cell_96,2016,0.27155054,792,241.68814,0.007617143,0.112888426,4616.2026,191.3087,0.004358152,73.6781,51.043224,29.67953,3.0952756
Grid_Cell_96,2017,0.2714726,952,212.3512,0.007248575,0.10775343,4867.545,215.02583,0.006155908,77.45729,28.631891,29.404566,3.472243
Grid_Cell_96,2018,0.2714726,1402,180.6466,0.007523853,0.11196055,4988.9717,165.88692,0.002104562,85.48331,26.229528,29.645136,3.6794329
Grid_Cell_96,2019,0.2714726,1634,233.097,0.007888033,0.10974201,4833.2153,225.25992,0.00169773,79.75818,28.011171,29.243433,3.7551856
Grid_Cell_96,2020,0.27155054,2854,478.47018,0.008036803,0.109121144,4951.119,588.7151,0.000283,64.20763,94.53247,28.709497,4.105533
Grid_Cell_96,2021,0.2714726,3528,435.83704,0.007406913,0.11019211,4938.607,537.00836,0.000501,62.950676,87.08498,28.87826,4.0347013
Grid_Cell_96,2022,0.2714726,3730,445.006,0.007775493,0.10930211,4736.0747,743.55304,0.000597,61.228733,90.370155,27.841028,4.060647
Grid_Cell_96,2023,0.2714726,3549,478.86328,0.007598336,0.11089469,4897.8604,604.0937,0.000481,59.474667,94.74471,29.197687,3.8874538
Grid_Cell_96,2024,0.27155036,4400,497.5344,0.00805606,0.10891627,4832.1333,794.20764,0.000853,64.21822,96.31051,28.650171,4.038358
Grid_Cell_96,2025,0.27147257,5521,438.45386,0.007277931,0.10441238,4852.257,626.2952,0.000594,62.73778,93.861404,29.103296,3.9204845
Grid_Cell_97,2000,0.27154392,142,516.3576,0.005564435,0.16391538,4189.9116,473.5615,0.002380024,49.566906,108.4173,29.758966,2.5752094
Grid_Cell_97,2001,0.27147835,108,521.5451,0.008817529,0.21245971,3710.92,658.73303,0.005660795,55.307983,112.51104,28.251123,2.450232
Grid_Cell_97,2002,0.27147835,139,485.60995,0.008236266,0.21587427,3969.8582,480.762,0.002730692,59.651398,107.948906,29.09228,2.3972414
Grid_Cell_97,2003,0.27147835,183,515.92255,0.009153064,0.19226988,3631.6196,608.14154,0.004972048,54.684734,122.256065,28.628687,2.3538764
Grid_Cell_97,2004,0.27154946,202,502.49008,0.008580317,0.18814184,3862.2617,515.35297,0.003380406,57.44904,111.55888,29.225153,2.402229
Grid_Cell_97,2005,0.27147835,114,551.6094,0.009340144,0.29202783,3803.6025,684.33765,0.007022267,56.52994,122.375946,28.716303,2.4895499
Grid_Cell_97,2006,0.27147835,108,579.9953,0.008315013,0.13478926,4028.4568,716.0713,0.008501983,50.610046,134.08679,28.871485,2.504158
Grid_Cell_97,2007,0.27147835,184,560.8673,0.00834639,0.24556434,4127.131,633.25696,0.006202428,52.29498,133.86574,28.527704,2.6503153
Grid_Cell_97,2008,0.27154946,177,461.43625,0.008595387,0.1894025,3920.6177,596.01105,0.007167292,60.529335,118.75664,27.87359,2.580462
Grid_Cell_97,2009,0.27147835,163,524.98846,0.008524399,0.25979486,4177.7744,518.38055,0.00373662,53.90707,104.030014,29.513544,2.5958517
Grid_Cell_97,2010,0.27147835,329,534.871,0.008456589,0.23698896,4167.9917,648.87695,0.018242452,53.779377,109.841095,29.204767,2.563085
Grid_Cell_97,2011,0.27147835,283,510.2329,0.007838586,0.23624122,4547.191,501.2712,0.006614291,61.85682,93.93366,29.433619,3.102063
Grid_Cell_97,2012,0.27154946,691,551.4502,0.008135212,0.24184105,4309.857,690.6018,0.016827658,55.030785,107.6549,29.657831,3.0852869
Grid_Cell_97,2013,0.27147835,739,494.24112,0.007564338,0.1028208,4423.592,507.8635,0.010574226,55.5775,99.47957,30.355371,2.9762545
Grid_Cell_97,2014,0.27147835,959,469.98264,0.00772565,0.10667823,4464.5815,492.723,0.013096271,58.47229,82.43115,30.374475,3.0229683
Grid_Cell_97,2015,0.27147835,955,479.3312,0.007295787,0.10944606,4551.6655,515.8404,0.011863284,60.79914,81.59037,29.07693,3.06791
Grid_Cell_97,2016,0.27154946,792,236.89421,0.007629677,0.107028805,4552.9146,187.00375,0.004731537,73.92078,50.13591,29.655634,3.0147088
Grid_Cell_97,2017,0.27147835,952,176.82567,0.007276667,0.104909316,4857.1577,164.46889,0.002686295,79.97153,25.631748,29.412561,3.4335444
Grid_Cell_97,2018,0.27147835,1402,206.27824,0.007586888,0.110965006,4961.296,216.88127,0.009125195,83.57599,29.274775,29.763819,3.6566246
Grid_Cell_97,2019,0.27147835,1634,251.77454,0.007968304,0.11058525,4798.687,253.30104,0.003356051,78.242386,30.342127,29.242243,3.7446375
Grid_Cell_97,2020,0.27154946,2854,483.85544,0.008072237,0.10317933,4964.7188,589.6984,0.000326,64.01608,94.03471,28.71728,4.1032104
Grid_Cell_97,2021,0.27147862,3528,439.886,0.007484094,0.10758784,4926.822,530.4722,0.00044,63.07695,86.59282,28.854548,4.031859
Grid_Cell_97,2022,0.27147838,3730,446.63464,0.007841633,0.1112729,4739.602,743.8856,0.000752,62.02719,90.1885,27.795343,4.0636606
Grid_Cell_97,2023,0.27147862,3549,483.36905,0.007651665,0.10500544,4870.3555,604.4749,0.000483,58.97679,94.54016,29.184107,3.885228
Grid_Cell_97,2024,0.27154732,4400,500.45493,0.00810992,0.10904445,4812.7476,794.2009,0.000841,64.38294,96.253006,28.640589,4.0034404
Grid_Cell_97,2025,0.27147603,5521,444.8475,0.007312937,0.105980664,4862.9478,625.2743,0.000648,62.293446,93.76942,29.069788,3.9543805
Grid_Cell_98,2000,0.26986438,142,517.2163,0.005500485,0.36605507,4201.2783,473.5593,0.00235205,49.743305,108.28961,29.709162,2.5998764
Grid_Cell_98,2001,0.2698019,108,519.6,0.008642112,0.29400915,3751.1401,642.4888,0.005212562,55.561516,111.248726,28.232264,2.4549582
Grid_Cell_98,2002,0.2698019,139,481.51672,0.00809656,0.20166333,3985.075,473.25925,0.002530771,60.14762,107.17191,29.071772,2.394125
Grid_Cell_98,2003,0.2698019,183,509.7525,0.009147791,0.25371933,3611.982,600.7791,0.004708322,55.426395,121.44984,28.594599,2.3275406
Grid_Cell_98,2004,0.2698705,202,499.30743,0.008588309,0.1643545,3836.2886,517.7375,0.00347665,57.568733,113.104546,29.188013,2.3849134
Grid_Cell_98,2005,0.2698019,114,550.93756,0.009359401,0.27080837,3782.2246,667.2056,0.006465832,56.499718,123.26389,28.677423,2.48205
Grid_Cell_98,2006,0.2698019,108,575.24225,0.008299441,0.1419766,4026.839,709.6518,0.008299531,50.74237,133.66081,28.80044,2.508336
Grid_Cell_98,2007,0.2698019,184,558.9362,0.008321647,0.27651405,4140.932,635.21063,0.006014719,52.45208,134.56775,28.48504,2.6557603
Grid_Cell_98,2008,0.2698705,177,465.35132,0.008647229,0.18750206,3930.0322,594.88116,0.006758422,61.304626,120.23628,27.843836,2.5900931
Grid_Cell_98,2009,0.2698019,163,526.0706,0.008577989,0.36145374,4177.651,517.6127,0.003803664,54.195004,105.18239,29.456415,2.6026669
Grid_Cell_98,2010,0.2698019,329,528.7117,0.008500585,0.09496541,4181.5737,640.2229,0.015698362,54.757442,110.40629,29.201563,2.5742838
Grid_Cell_98,2011,0.2698019,283,509.4532,0.007905601,0.27001438,4523.8936,501.3252,0.006899942,62.06691,96.66812,29.412134,3.0895631
Grid_Cell_98,2012,0.2698705,691,546.009,0.00819807,0.32309222,4289.8037,690.5501,0.018347524,55.951637,109.692604,29.609491,3.0470355
Grid_Cell_98,2013,0.2698019,739,495.49173,0.007611348,0.094532065,4418.414,507.8743,0.008989524,56.258076,102.456566,30.261225,2.9473846
Grid_Cell_98,2014,0.2698019,959,469.81305,0.007764177,0.0932206,4439.2,492.74567,0.014147366,58.36856,85.60144,30.33465,3.0004683
Grid_Cell_98,2015,0.2698019,955,482.17917,0.007327989,0.092307195,4547.4834,517.27246,0.011263743,61.217976,83.62861,29.031794,3.0623279
Grid_Cell_98,2016,0.2698705,792,250.22482,0.007643697,0.09470761,4531.527,196.81673,0.003972425,73.22874,52.4951,29.610071,3.0078096
Grid_Cell_98,2017,0.2698019,952,172.67308,0.007326465,0.095931835,4859.7266,155.71117,0.001510281,80.86443,24.881258,29.32876,3.4481335
Grid_Cell_98,2018,0.2698019,1402,217.30722,0.007656565,0.09765538,4943.83,238.85605,0.010882401,82.954575,31.596603,29.59466,3.6693301
Grid_Cell_98,2019,0.2698019,1634,252.01968,0.008051029,0.092881314,4802.4062,255.85634,0.003664616,78.65177,30.962532,29.143915,3.7609732
Grid_Cell_98,2020,0.2698705,2854,485.91263,0.00811629,0.086007945,4971.1626,594.73364,0.000525,64.258446,95.521385,28.737055,4.109324
Grid_Cell_98,2021,0.2698019,3528,442.5957,0.007520639,0.10900267,4944.3936,531.752,0.000403,63.359013,87.89417,28.875818,4.0561395
Grid_Cell_98,2022,0.2698019,3730,451.2916,0.007884931,0.0957185,4775.2373,745.56934,0.000751,62.517506,91.33423,27.760157,4.114996
Grid_Cell_98,2023,0.2698019,3549,484.43176,0.007688994,0.08665318,4891.6567,603.20483,0.000472,59.02464,95.40569,29.132196,3.9214265
Grid_Cell_98,2024,0.26987013,4400,501.7876,0.008133336,0.087310985,4835.8545,790.0342,0.00083,64.83634,97.183876,28.624323,4.025297
Grid_Cell_98,2025,0.26980138,5521,445.69092,0.007335426,0.08849942,4887.027,625.43304,0.000647,62.330788,94.78973,29.012323,3.9900053
Grid_Cell_99,2000,0.27382788,142,516.47614,0.005445415,0.32134974,4236.37,474.81775,0.002421168,49.13425,109.54226,29.654718,2.6127906
Grid_Cell_99,2001,0.2737641,108,513.13293,0.008504215,0.19880722,3769.6177,624.78436,0.004960956,54.018803,111.91358,28.26568,2.4476635
Grid_Cell_99,2002,0.2737641,139,476.69455,0.007971982,0.2865476,3993.4363,468.0234,0.002434572,58.862267,108.46085,29.116785,2.3785427
Grid_Cell_99,2003,0.2737641,183,499.30783,0.00915776,0.24964772,3589.5864,594.36505,0.004725435,54.930435,122.34289,28.568811,2.3056912
Grid_Cell_99,2004,0.27383223,202,491.4805,0.008599166,0.19883555,3789.4944,522.1922,0.003834078,55.451797,116.45511,29.16305,2.3755555
Grid_Cell_99,2005,0.2737641,114,540.98755,0.009375951,0.35010433,3783.4329,648.756,0.006227329,57.040466,125.91381,28.676538,2.468591
Grid_Cell_99,2006,0.2737641,108,572.6934,0.008298067,0.10833079,4062.06,704.3879,0.008460809,50.89877,133.6124,28.783442,2.5069664
Grid_Cell_99,2007,0.2737641,184,553.4131,0.008310475,0.3015195,4174.1587,637.6882,0.006036055,53.450214,135.50546,28.514551,2.6526783
Grid_Cell_99,2008,0.27383223,177,460.18256,0.008709258,0.15665056,3927.6194,596.6228,0.006784795,61.214287,122.928246,27.894709,2.5981874
Grid_Cell_99,2009,0.2737641,163,523.04877,0.008651006,0.34410563,4161.013,520.9315,0.003993199,53.551537,110.64776,29.45904,2.605749
Grid_Cell_99,2010,0.2737641,329,522.67883,0.008558071,0.096627034,4180.168,651.5316,0.016878374,54.967854,116.97377,29.267298,2.581236
Grid_Cell_99,2011,0.2737641,283,501.25595,0.007978196,0.25139883,4533.5327,488.43106,0.008538233,61.895924,100.83351,29.416468,3.121207
Grid_Cell_99,2012,0.27383223,691,551.6699,0.008264331,0.30526546,4314.2173,732.9643,0.019870803,55.17826,115.06091,29.577478,3.0696106
Grid_Cell_99,2013,0.2737641,739,516.55176,0.007669023,0.093727596,4447.4937,543.59424,0.011659212,54.9535,112.70152,30.274347,2.9791656
Grid_Cell_99,2014,0.2737641,959,466.0482,0.007817503,0.09430582,4464.0015,495.84314,0.013994281,57.94297,93.832085,30.300104,3.033482
Grid_Cell_99,2015,0.2737641,955,511.97745,0.007369862,0.114555255,4572.4746,544.3222,0.011446641,58.56877,95.25805,29.040339,3.1208553
Grid_Cell_99,2016,0.27383223,792,246.57687,0.007658523,0.10015783,4574.924,184.2745,0.003935745,72.442825,57.606407,29.6336,3.0655284
Grid_Cell_99,2017,0.2737641,952,174.59764,0.007381321,0.098802306,4905.7856,159.1488,0.001529527,79.975914,24.963825,29.415064,3.510154
Grid_Cell_99,2018,0.2737641,1402,216.99617,0.007695541,0.097721845,4976.0293,231.16321,0.007334171,82.05553,32.169033,29.637506,3.7218986
Grid_Cell_99,2019,0.2737641,1634,251.74104,0.008125681,0.09725655,4855.3076,253.34314,0.003316428,78.46087,31.726202,29.236078,3.815254
Grid_Cell_99,2020,0.27383223,2854,484.7451,0.008179921,0.09805483,5030.0225,685.5569,0.000808,63.67461,99.8248,28.779413,4.149693
Grid_Cell_99,2021,0.2737641,3528,417.77838,0.007572043,0.09823979,4999.194,507.34402,0.000415,64.411385,89.892265,28.92727,4.110797
Grid_Cell_99,2022,0.2737641,3730,452.26898,0.007942304,0.09840426,4812.312,773.19574,0.000856,62.172596,95.93243,27.799067,4.1462293
Grid_Cell_99,2023,0.2737641,3549,483.21353,0.007752124,0.09625114,4951.9204,578.88,0.000395,58.3267,96.27049,29.186426,3.9770772
Grid_Cell_99,2024,0.2738317,4400,477.15994,0.008175619,0.09421488,4894.718,710.8685,0.000733,66.32252,96.94577,28.673395,4.0791106
Grid_Cell_99,2025,0.2737637,5521,448.61295,0.007375944,0.101249546,4908.5444,642.257,0.000563,60.651817,96.83891,29.041376,4.029594
