Grid_Cell,Year,Albedo,Conflict,Evap_mm,Humidity,NDVI,PET_mm,Rain_mm,Runoff_mm,SensHeat_Wm2,SoilM_mm,Temp_C,Wind_ms
Grid_Cell_1,2000,0.13171321,0,367.29694,0.00638111,0.16340487,2756.9832,397.68222,0.002366232,35.907135,108.61953,13.251093,5.0246115
Grid_Cell_1,2001,0.13620013,0,390.0011,0.006925392,0.13066839,2483.6824,484.50204,0.002822723,40.1892,128.56679,13.17602,5.029684
Grid_Cell_1,2002,0.16937445,0,463.63733,0.006591848,0.16904366,2332.6365,564.0527,0.005494027,33.30253,166.13127,12.300074,4.5407343
Grid_Cell_1,2003,0.16838934,0,416.2256,0.006065702,0.11678989,2253.3088,546.4649,0.008391805,30.742502,168.6001,11.718958,4.099287
Grid_Cell_1,2004,0.1354199,0,445.07477,0.006798544,0.15081325,2336.6467,573.7592,0.00533862,35.135372,164.07497,12.835352,4.587885
Grid_Cell_1,2005,0.1318417,0,449.60663,0.006631678,0.14801982,2433.15,600.30396,0.007174195,27.957773,170.50249,13.74621,4.7335567
Grid_Cell_1,2006,0.18163893,0,425.5456,0.006506338,0.15758592,2642.4158,570.4722,0.011019665,27.776615,165.69954,13.364588,4.9631305
Grid_Cell_1,2007,0.13281831,0,429.04138,0.006296773,0.17796673,2896.2737,503.5856,0.004339103,32.16598,149.09692,13.994623,5.0293903
Grid_Cell_1,2008,0.14533514,0,445.4345,0.006468325,0.1533496,2412.1672,475.1101,0.005405806,28.396255,158.18034,13.023676,4.5510902
Grid_Cell_1,2009,0.14760377,0,488.1054,0.006391293,0.1617437,2434.022,661.2635,0.008815747,24.986816,166.9965,13.269434,4.798934
Grid_Cell_1,2010,0.13785872,0,425.3503,0.006719677,0.14975588,2577.065,573.6787,0.009732381,30.073093,162.45673,14.2362,4.7162356
Grid_Cell_1,2011,0.17903616,0,505.13528,0.006157059,0.2511433,2583.2969,648.9515,0.010863089,23.416512,172.32578,12.390619,4.83607
Grid_Cell_1,2012,0.18511742,0,503.53656,0.006516923,0.14995465,2859.421,633.24677,0.018874338,26.898802,160.67624,13.606623,5.2303686
Grid_Cell_1,2013,0.14850044,0,459.963,0.006142835,0.036220755,2757.1565,510.34323,0.006645757,28.20349,148.78302,13.676935,5.015364
Grid_Cell_1,2014,0.15319099,0,446.34143,0.00610816,0.03840069,3118.0305,550.95984,0.005264415,29.91526,133.75735,13.584253,5.7177973
Grid_Cell_1,2015,0.15206781,0,474.2606,0.005917808,0.052590296,3050.9495,533.96497,0.004755171,26.79557,145.29926,14.070612,5.2870197
Grid_Cell_1,2016,0.14407459,0,409.2856,0.006352272,0.033463392,2788.7617,455.9526,0.00780153,32.953316,146.15086,13.61175,4.9720516
Grid_Cell_1,2017,0.13295026,0,266.40518,0.006074606,0.031361785,3116.0935,237.06,0.002539753,41.616985,108.98237,14.047937,5.2932363
Grid_Cell_1,2018,0.1354484,263,264.43518,0.005966768,0.050456736,3309.8064,257.9256,0.001456051,46.09192,85.15406,14.423304,5.466316
Grid_Cell_1,2019,0.12357613,70,270.04272,0.006181204,0.051748466,3096.8994,240.72768,0.002030343,47.899113,75.92966,14.5646305,5.0365553
Grid_Cell_1,2020,0.1259354,75,364.58084,0.005966642,0.052223332,3374.3176,478.8647,0.000192,41.992973,112.9177,14.629145,5.6375346
Grid_Cell_1,2021,0.13445866,161,381.18906,0.006342567,0.055602763,3069.6187,527.20306,0.00014,37.487843,119.23331,14.397791,5.257167
Grid_Cell_1,2022,0.12970608,449,365.1173,0.006150256,0.05536958,3315.5383,532.5026,0.000193,38.489563,115.21468,14.503534,5.6644483
Grid_Cell_1,2023,0.13263856,3063,393.0789,0.006420795,0.056359027,3107.5525,584.5305,0.000166,37.58442,121.14405,14.904749,5.4171457
Grid_Cell_1,2024,0.12960291,13110,364.929,0.006020096,0.059463892,3325.2915,534.2533,0.000213,44.644344,115.00974,14.634882,5.5239472
Grid_Cell_1,2025,0.14712562,16728,407.99,0.006220765,0.0575566,3161.3801,556.438,0.000134,46.370792,118.94388,14.409906,5.171715
Grid_Cell_10,2000,0.12773113,0,355.7481,0.006514459,0.14148906,2850.7827,372.02246,0.000522,42.784122,165.8273,13.317987,5.337082
Grid_Cell_10,2001,0.1304516,0,382.66895,0.007088348,0.110870056,2543.34,468.61523,0.000653,45.83093,190.20628,13.110773,5.60352
Grid_Cell_10,2002,0.16158485,0,487.7354,0.006701669,0.29724428,2372.8213,532.116,0.001111264,31.778612,231.31413,12.356073,5.037618
Grid_Cell_10,2003,0.1697535,0,456.29684,0.005977911,0.1862336,2372.1855,520.6194,0.001759113,25.425507,245.10794,11.863306,4.411958
Grid_Cell_10,2004,0.13610737,0,489.3361,0.006645447,0.2184295,2494.452,509.33545,0.00107028,34.010605,241.81813,12.805506,4.8959107
Grid_Cell_10,2005,0.13299048,0,504.7903,0.006734695,0.23833036,2559.996,522.5353,0.001248041,29.298035,245.20508,13.677362,5.1159196
Grid_Cell_10,2006,0.16289634,0,441.99612,0.006757136,0.15675506,2648.3745,475.01315,0.00313736,35.981274,239.3192,13.025812,5.3250484
Grid_Cell_10,2007,0.13070841,0,438.57132,0.006603455,0.25048012,2929.1033,428.5645,0.000767,39.59594,227.4318,13.886774,5.3674726
Grid_Cell_10,2008,0.14607473,0,449.75565,0.006577457,0.25199503,2500.7964,413.3144,0.001054658,34.348087,224.86641,12.856134,4.923495
Grid_Cell_10,2009,0.1422079,0,513.2996,0.006546838,0.26672018,2498.583,600.73486,0.001809353,29.159302,235.45366,13.084589,5.269756
Grid_Cell_10,2010,0.14263485,0,466.37952,0.00685776,0.21632925,2609.0903,511.99347,0.002268527,32.651745,248.4153,14.023127,4.9575715
Grid_Cell_10,2011,0.14233336,0,509.92838,0.006188203,0.25365004,2719.3984,511.21365,0.001316158,31.519373,246.05481,12.297815,5.0471315
Grid_Cell_10,2012,0.1703906,0,424.70306,0.006564553,0.12687072,2929.5142,427.12216,0.005096988,37.9948,220.89763,13.380579,5.353627
Grid_Cell_10,2013,0.14737451,0,440.27893,0.0061744,0.051419273,2842.39,421.40088,0.000867,33.128155,209.44792,13.510309,5.1941314
Grid_Cell_10,2014,0.14009283,0,372.6044,0.006117078,0.048288044,3140.574,362.61325,0.00064,37.122135,183.74286,13.342676,5.8346124
Grid_Cell_10,2015,0.13925,0,372.75357,0.006058177,0.061521538,3119.7905,368.22708,0.000569,38.92098,188.95195,13.80752,5.444588
Grid_Cell_10,2016,0.14280765,0,373.26047,0.006435196,0.026724791,2945.3064,361.30692,0.001391919,42.42983,192.51945,13.532618,5.25074
Grid_Cell_10,2017,0.13066794,0,268.3006,0.006202431,0.045017615,3173.6523,235.65492,0.00047,50.17658,156.70218,13.723658,5.443065
Grid_Cell_10,2018,0.1355099,263,235.10454,0.005997925,0.05953684,3319.8816,214.6554,0.000241,57.176994,131.69179,13.748865,5.5524464
Grid_Cell_10,2019,0.121725775,70,259.18335,0.006506865,0.039022706,2981.3298,237.79657,0.000432,57.133884,130.10017,13.930994,5.1650143
Grid_Cell_10,2020,0.1259409,75,355.36993,0.006428135,0.04280499,3139.9922,363.4707,0.000925,49.518307,178.83736,13.824793,5.8326845
Grid_Cell_10,2021,0.13609137,161,424.58563,0.006810444,0.042912267,2886.3354,450.4183,0.000847,42.291317,193.72264,13.7711735,5.5650434
Grid_Cell_10,2022,0.13494572,449,473.47046,0.006665972,0.06782197,3004.4097,525.0139,0.001599216,39.41426,217.8068,13.701899,5.8250647
Grid_Cell_10,2023,0.13520482,3063,502.4548,0.006855374,0.045849707,2872.1763,572.8363,0.001548466,39.01401,226.9074,14.011225,5.566735
Grid_Cell_10,2024,0.13039368,13110,445.92545,0.006538721,0.052602995,3038.2139,483.78305,0.002287824,46.082207,232.44093,13.815729,5.71843
Grid_Cell_10,2025,0.15002874,16728,545.2934,0.00660832,0.058316257,2869.7566,543.046,0.001267437,39.48998,227.03935,13.636194,5.3223076
Grid_Cell_100,2000,0.15537953,0,415.41977,0.005039047,0.23135155,2765.7742,449.7527,0.000866,32.981792,164.01215,11.213373,4.126115
Grid_Cell_100,2001,0.17507212,0,436.7046,0.005544862,0.15029283,2451.4949,556.7778,0.000795,34.303795,192.26877,10.994501,4.173725
Grid_Cell_100,2002,0.214469,0,456.302,0.005083899,0.17930642,2481.7107,483.63156,0.003402192,32.022316,226.22255,10.539423,3.9657345
Grid_Cell_100,2003,0.23405966,0,409.265,0.00541939,0.13810112,2170.3604,461.8955,0.014319147,29.475225,229.03322,9.521784,3.982609
Grid_Cell_100,2004,0.1785044,0,461.59778,0.006036591,0.1976959,2141.6672,572.7564,0.001989618,30.178864,250.60962,10.998774,4.170569
Grid_Cell_100,2005,0.19310524,0,458.4129,0.005516257,0.20031911,2376.3853,531.50793,0.00220325,24.37822,261.62418,11.777124,4.0571527
Grid_Cell_100,2006,0.22914907,0,458.8582,0.005242133,0.16954315,2656.5005,462.8513,0.007641291,25.566841,231.11751,11.602289,4.101453
Grid_Cell_100,2007,0.17775944,0,409.79147,0.004776051,0.18503071,3013.3303,386.3484,0.000775,34.265484,196.9507,12.583521,4.2018905
Grid_Cell_100,2008,0.17917806,0,430.9773,0.005016552,0.16653822,2515.9946,415.15506,0.003998692,27.80012,187.59697,11.329432,3.8553596
Grid_Cell_100,2009,0.19692004,0,445.86874,0.004760471,0.18422285,2625.0747,496.03864,0.003236658,26.237741,196.17744,11.413385,4.0262284
Grid_Cell_100,2010,0.20644209,0,436.71625,0.004962212,0.17930074,2781.6267,497.91348,0.006211706,24.243185,228.89452,12.603724,4.1943865
Grid_Cell_100,2011,0.2031628,0,507.5178,0.004995138,0.26758835,2663.4976,487.50766,0.005880205,23.671381,222.69418,10.474421,4.431001
Grid_Cell_100,2012,0.2543599,0,405.69855,0.005220267,0.22175701,2973.4968,397.6595,0.014598032,25.334497,186.36072,11.58053,4.9153075
Grid_Cell_100,2013,0.20039195,0,382.42654,0.005080831,0.06551918,3005.2522,372.41315,0.000692,32.351707,154.60278,12.336451,4.829234
Grid_Cell_100,2014,0.17110656,0,319.27618,0.004608825,0.06315874,3320.4077,310.0194,0.000818,37.174183,128.57631,11.56756,5.2540298
Grid_Cell_100,2015,0.16006972,0,355.83752,0.004926852,0.060393956,3191.26,360.19943,0.00056,40.51831,133.60204,12.676233,4.982807
Grid_Cell_100,2016,0.17814276,0,323.5299,0.005394899,0.04706861,2807.6316,340.2226,0.000586,38.494003,144.64996,12.079676,4.598042
Grid_Cell_100,2017,0.1717189,0,299.29337,0.005184366,0.049599744,3034.9226,287.81027,0.002141161,38.3895,140.50754,12.550867,4.8419003
Grid_Cell_100,2018,0.16513216,263,314.18643,0.004939096,0.060465515,3291.2988,341.8859,0.000665,40.653973,130.85301,12.901361,4.9529943
Grid_Cell_100,2019,0.14004664,70,323.46603,0.00529181,0.04945218,3065.5657,267.2827,0.000576,42.192585,140.70663,13.299768,4.7005963
Grid_Cell_100,2020,0.12985365,75,348.04816,0.004888756,0.07413069,3478.1096,354.70676,0.000663,41.639214,152.79694,13.360132,5.2113047
Grid_Cell_100,2021,0.15560126,161,471.64124,0.00530517,0.048278812,3112.9766,521.50714,0.001017325,29.614893,171.90918,13.315821,4.9231944
Grid_Cell_100,2022,0.15728256,449,480.48938,0.005090071,0.051973257,3328.837,502.06393,0.001084873,28.855648,185.46922,13.303186,5.26051
Grid_Cell_100,2023,0.14672184,3063,499.41138,0.005591895,0.044916403,3097.1516,523.37885,0.001957021,30.305866,188.84244,13.899805,5.135399
Grid_Cell_100,2024,0.14209813,13110,392.68756,0.004854323,0.06355325,3574.495,403.598,0.001056694,43.00235,176.61087,13.741632,5.129527
Grid_Cell_100,2025,0.1403444,16728,467.32294,0.005339383,0.04960126,3194.7502,471.19205,0.000667,40.2217,166.41235,13.684198,4.708059
Grid_Cell_101,2000,0.14935336,0,398.63467,0.00500724,0.24363448,2803.15,432.2382,0.000762,34.925632,156.53854,11.170984,4.153959
Grid_Cell_101,2001,0.16940184,0,426.49103,0.005512944,0.14199513,2488.342,539.86176,0.000722,35.87377,185.53218,11.001032,4.175814
Grid_Cell_101,2002,0.2096506,0,446.84122,0.005049782,0.21567029,2515.0225,474.0444,0.003045569,33.39711,221.48375,10.557093,3.9602208
Grid_Cell_101,2003,0.22195171,0,403.1468,0.005417832,0.11885811,2196.8547,443.62836,0.012303309,31.057636,225.17897,9.566309,4.0258284
Grid_Cell_101,2004,0.17283475,0,450.08844,0.005991728,0.21641621,2198.2747,552.4777,0.001894713,31.507002,246.08963,11.01568,4.248131
Grid_Cell_101,2005,0.18418933,0,465.5841,0.005499496,0.20271464,2430.977,527.89215,0.002577675,24.767715,262.3109,11.821985,4.135509
Grid_Cell_101,2006,0.22151516,0,450.14798,0.005229462,0.18564065,2697.0063,453.0114,0.007536569,26.855118,229.22961,11.573084,4.1772747
Grid_Cell_101,2007,0.1713928,0,408.2881,0.004781989,0.18578435,3045.4395,384.21756,0.000755,34.992138,198.75873,12.547297,4.2840137
Grid_Cell_101,2008,0.17328052,0,423.40134,0.005009028,0.16503517,2561.2961,403.73297,0.004152353,29.088572,185.41632,11.325953,3.9261587
Grid_Cell_101,2009,0.18801954,0,441.84033,0.004736228,0.1793028,2690.5134,487.15994,0.002858432,27.571867,192.3959,11.429163,4.113249
Grid_Cell_101,2010,0.20057315,0,430.64987,0.004946475,0.19610032,2837.7295,489.1493,0.005740004,25.515755,224.0069,12.595758,4.2732906
Grid_Cell_101,2011,0.19782239,0,509.57626,0.004966751,0.24010351,2696.6306,487.47525,0.005614277,24.408928,220.1777,10.461939,4.4823027
Grid_Cell_101,2012,0.25015214,0,404.96396,0.005200816,0.21843144,3004.5393,397.4398,0.014102951,25.920195,184.00201,11.551386,4.959228
Grid_Cell_101,2013,0.19334318,0,382.4568,0.00504841,0.07060722,3051.5876,372.39804,0.000665,33.098835,152.60016,12.302027,4.890775
Grid_Cell_101,2014,0.16524825,0,318.47482,0.0045799,0.062262338,3364.6055,309.24612,0.00073,38.30859,126.86419,11.547632,5.300845
Grid_Cell_101,2015,0.15507188,0,356.42505,0.004914274,0.05932268,3192.6191,358.31592,0.000545,41.59649,127.66964,12.594019,4.9794855
Grid_Cell_101,2016,0.1725648,0,325.84445,0.005375698,0.052028067,2815.42,343.71222,0.000586,39.030907,141.39894,12.066462,4.619524
Grid_Cell_101,2017,0.16680722,0,288.33893,0.005151513,0.05786085,3072.791,275.02847,0.001826695,40.24353,136.0929,12.500208,4.870976
Grid_Cell_101,2018,0.1588012,263,304.18887,0.004920853,0.07109615,3305.121,336.79584,0.000712,42.75646,127.1943,12.80459,4.95296
Grid_Cell_101,2019,0.13245037,70,306.7163,0.005255711,0.058329705,3102.9531,247.75848,0.000502,44.33623,136.21626,13.238886,4.719843
Grid_Cell_101,2020,0.12371383,75,345.26505,0.004847493,0.062219933,3521.4126,351.7912,0.000649,42.67506,150.5868,13.385462,5.2322407
Grid_Cell_101,2021,0.1488527,161,471.10983,0.005247919,0.052918226,3184.624,519.2554,0.00100189,30.311798,169.66296,13.329981,4.9697695
Grid_Cell_101,2022,0.1539216,449,479.36188,0.005076489,0.06690566,3332.3562,498.69107,0.001079952,29.54593,183.70113,13.243433,5.263969
Grid_Cell_101,2023,0.1408516,3063,496.1638,0.005547771,0.05326686,3136.8845,519.4012,0.00208075,31.333448,186.43494,13.884882,5.151495
Grid_Cell_101,2024,0.13604409,13110,390.59442,0.004835684,0.066017315,3588.3901,404.65457,0.001037447,43.959023,175.6234,13.679255,5.137535
Grid_Cell_101,2025,0.13383217,16728,466.97742,0.005311969,0.05639468,3231.512,470.5686,0.000668,41.044704,166.01312,13.664728,4.7184243
Grid_Cell_102,2000,0.14592439,0,383.11987,0.004990988,0.15851724,2894.7297,414.00076,0.000665,41.295956,151.07588,11.134455,4.1924624
Grid_Cell_102,2001,0.16617304,0,416.76346,0.00549204,0.16164805,2559.6108,522.02014,0.000648,40.015427,178.7655,11.021418,4.190095
Grid_Cell_102,2002,0.2076057,0,440.4789,0.005029433,0.24279806,2587.72,469.47058,0.002815151,37.53662,218.34146,10.587641,3.9639537
Grid_Cell_102,2003,0.20771897,0,397.66797,0.005427664,0.13121103,2243.2737,425.18414,0.010472449,34.45893,223.13736,9.62179,4.06689
Grid_Cell_102,2004,0.16896434,0,435.95538,0.00596268,0.22328737,2285.906,531.4699,0.001754307,35.806553,240.53816,11.027887,4.3288684
Grid_Cell_102,2005,0.17751849,0,470.49057,0.005484743,0.20341934,2507.885,526.5832,0.002390305,26.764112,261.94846,11.851923,4.218077
Grid_Cell_102,2006,0.21453747,0,438.99805,0.005215188,0.15891215,2753.6858,441.91763,0.007093747,29.784351,229.53894,11.52215,4.2534046
Grid_Cell_102,2007,0.16709189,0,407.03207,0.004789602,0.16071361,3102.224,382.1915,0.000752,37.814102,203.77621,12.493036,4.3611712
Grid_Cell_102,2008,0.16684009,0,415.41718,0.005003076,0.15333234,2641.4197,390.88702,0.004517776,32.699276,185.50288,11.305201,3.9981873
Grid_Cell_102,2009,0.18104711,0,436.22327,0.004714612,0.18336965,2783.321,476.76382,0.002542144,31.041378,190.1713,11.42544,4.195064
Grid_Cell_102,2010,0.19624685,0,418.9956,0.004938205,0.188687,2930.3936,466.82242,0.005083884,28.940681,220.12987,12.5863285,4.360243
Grid_Cell_102,2011,0.18749216,0,482.64862,0.004939368,0.31657657,2782.5598,451.03177,0.004610716,29.909,211.94534,10.462671,4.5487413
Grid_Cell_102,2012,0.2444887,0,388.46036,0.005186025,0.25412166,3071.1687,381.76437,0.010592438,30.218292,177.17897,11.531153,5.002056
Grid_Cell_102,2013,0.18358022,0,353.7126,0.005014841,0.07162152,3141.6096,336.56256,0.000501,38.56576,145.82515,12.278101,4.9502954
Grid_Cell_102,2014,0.15839921,0,298.6622,0.004549147,0.06391673,3434.9436,289.3363,0.000456,42.992367,120.208206,11.529139,5.341153
Grid_Cell_102,2015,0.14744304,0,336.9181,0.004899256,0.05719737,3249.5925,338.75064,0.000459,46.25244,120.857056,12.537195,4.989725
Grid_Cell_102,2016,0.1673614,0,340.28445,0.005356398,0.049034927,2859.4539,364.75024,0.000638,40.65085,141.40771,12.0715275,4.6459246
Grid_Cell_102,2017,0.16311856,0,275.0549,0.005111753,0.056733787,3159.3591,256.75598,0.001556836,44.080753,132.96712,12.491419,4.9152565
Grid_Cell_102,2018,0.15252993,263,295.5813,0.004894548,0.06952859,3368.3135,330.59448,0.000717,46.689114,123.8518,12.782251,4.981419
Grid_Cell_102,2019,0.1266776,70,291.81122,0.005224344,0.06466877,3174.3162,232.90416,0.000439,48.329906,133.17368,13.214441,4.752172
Grid_Cell_102,2020,0.11997035,75,286.06183,0.004817725,0.0656269,3614.5725,292.24976,0.000467,50.0439,126.800125,13.402765,5.2636275
Grid_Cell_102,2021,0.13315554,161,369.8577,0.005215546,0.0596835,3306.3901,410.49286,0.000522,41.26922,133.4238,13.34115,5.0176463
Grid_Cell_102,2022,0.14868315,449,421.23734,0.005064605,0.063676916,3398.4907,450.73044,0.000896,36.688725,162.75447,13.212702,5.2850647
Grid_Cell_102,2023,0.13206246,3063,424.43994,0.005514004,0.051756643,3229.2068,419.5627,0.000675,39.595024,163.40642,13.8918705,5.1699195
Grid_Cell_102,2024,0.13100505,13110,338.04944,0.004823552,0.06800951,3661.4937,350.7647,0.000737,50.805706,156.6794,13.648127,5.1631994
Grid_Cell_102,2025,0.12895988,16728,405.884,0.00528861,0.056373343,3282.1047,402.32294,0.000479,46.58636,148.36688,13.669245,4.7332444
Grid_Cell_103,2000,0.14551,0,369.10806,0.00497109,0.16133882,2919.383,398.57,0.000593,42.304314,147.47356,11.084772,4.2451105
Grid_Cell_103,2001,0.16432613,0,406.2691,0.005467235,0.17022292,2586.2288,505.15164,0.000611,40.681477,174.43587,11.026392,4.2229376
Grid_Cell_103,2002,0.20688069,0,434.3024,0.005005447,0.2513845,2609.448,464.87628,0.002673024,37.823017,216.62526,10.603174,3.9801865
Grid_Cell_103,2003,0.19855879,0,391.1253,0.005436486,0.12973863,2261.0225,410.23154,0.009068791,35.598072,220.7772,9.662653,4.1182942
Grid_Cell_103,2004,0.16916464,0,420.91443,0.005933791,0.16789605,2324.3418,513.18164,0.001786247,36.691437,235.72478,11.020105,4.419613
Grid_Cell_103,2005,0.1743921,0,473.39362,0.0054615,0.1856169,2550.606,524.1294,0.002683254,26.874638,261.2644,11.859705,4.295509
Grid_Cell_103,2006,0.21350737,0,427.8546,0.005190308,0.17800196,2776.4226,432.8424,0.006788038,30.81642,228.81653,11.453211,4.307617
Grid_Cell_103,2007,0.16775568,0,404.0707,0.004790277,0.15104665,3116.6997,380.44833,0.000767,38.194374,207.49208,12.4265995,4.4110003
Grid_Cell_103,2008,0.16879554,0,408.63174,0.004987177,0.15237233,2670.837,379.83322,0.004867811,33.295067,186.17348,11.2677555,4.0546765
Grid_Cell_103,2009,0.17944497,0,430.72498,0.004688379,0.17188916,2819.4382,467.95428,0.002452517,31.718098,188.02356,11.399378,4.254208
Grid_Cell_103,2010,0.19732636,0,411.8093,0.004938229,0.18069324,2960.1887,455.5829,0.004910069,29.341343,216.3656,12.557276,4.4292836
Grid_Cell_103,2011,0.18544626,0,474.1188,0.004935155,0.17990725,2811.8086,442.17038,0.004252589,31.191442,207.90262,10.451288,4.61994
Grid_Cell_103,2012,0.24200645,0,381.53598,0.005186305,0.20469196,3073.2058,377.95166,0.009864586,31.121721,175.93645,11.514551,5.0374045
Grid_Cell_103,2013,0.1795249,0,347.8871,0.005003366,0.068977766,3164.247,328.15475,0.000519,39.669937,144.9833,12.249201,5.0066996
Grid_Cell_103,2014,0.1586261,0,296.74197,0.004533037,0.06828777,3435.2517,287.25302,0.000424,43.090527,118.54512,11.502863,5.3696465
Grid_Cell_103,2015,0.14812507,0,335.3089,0.004886685,0.0625825,3256.4792,336.16727,0.00044,46.19798,118.67638,12.474085,5.002876
Grid_Cell_103,2016,0.16655584,0,349.2315,0.005333157,0.054878302,2870.6936,380.83813,0.000842,39.74852,145.68524,12.07345,4.6821265
Grid_Cell_103,2017,0.16533226,0,262.50748,0.005071856,0.062360447,3196.403,236.67229,0.001636805,44.656174,132.69514,12.46084,4.953613
Grid_Cell_103,2018,0.15170318,263,283.93674,0.004864997,0.07035717,3380.9963,321.8141,0.000845,47.5708,122.66949,12.726496,5.008063
Grid_Cell_103,2019,0.12584387,70,284.75555,0.00519344,0.06269866,3191.5833,225.01692,0.000437,48.673775,133.33981,13.139887,4.77772
Grid_Cell_103,2020,0.11998726,75,284.17377,0.004786652,0.06295072,3636.8005,290.81726,0.000465,50.526356,125.6101,13.349787,5.2712436
Grid_Cell_103,2021,0.13201016,161,366.72784,0.005194351,0.061279036,3332.8271,408.25403,0.000525,41.284103,131.92192,13.315943,5.045249
Grid_Cell_103,2022,0.14893493,449,418.08267,0.005051917,0.05719335,3402.1538,447.58655,0.000823,37.056896,161.73303,13.160181,5.292325
Grid_Cell_103,2023,0.1322022,3063,420.0141,0.005472374,0.055539206,3259.6506,416.2417,0.000693,39.506573,161.80124,13.861231,5.1961865
Grid_Cell_103,2024,0.13162827,13110,336.37103,0.004813423,0.068385735,3665.371,350.61423,0.000751,50.991703,157.82646,13.55575,5.170019
Grid_Cell_103,2025,0.1284609,16728,406.07684,0.00526279,0.054800782,3291.867,401.84018,0.00048,46.57622,149.069,13.619928,4.7521863
Grid_Cell_104,2000,0.14733611,0,340.07275,0.004984588,0.1976577,2915.746,387.37888,0.000684,44.158558,191.77347,11.150324,4.271554
Grid_Cell_104,2001,0.16748178,0,373.62827,0.005469814,0.15248637,2600.716,490.02948,0.000764,43.055412,217.09424,11.07641,4.2569447
Grid_Cell_104,2002,0.20886667,0,441.9909,0.005011892,0.22307014,2597.294,456.82166,0.00174988,37.293957,253.1177,10.653803,3.993303
Grid_Cell_104,2003,0.19405602,0,400.00183,0.005434907,0.12366389,2262.299,401.0688,0.002536065,35.822876,257.0381,9.703791,4.1483626
Grid_Cell_104,2004,0.17487217,0,436.1751,0.005898613,0.1648585,2332.1274,499.3017,0.001319406,35.31887,262.544,11.008936,4.486621
Grid_Cell_104,2005,0.17610449,0,513.09546,0.005437596,0.17754287,2543.1807,519.1236,0.001254575,24.817175,276.3412,11.867914,4.3468447
Grid_Cell_104,2006,0.21648045,0,446.7406,0.005168927,0.17715348,2757.611,428.6682,0.001704428,29.87575,258.03848,11.422724,4.3350143
Grid_Cell_104,2007,0.1714598,0,409.48584,0.004795195,0.14891472,3090.3723,379.32733,0.000831,38.223133,241.48601,12.399317,4.4289794
Grid_Cell_104,2008,0.17344879,0,413.27707,0.004973779,0.14188495,2665.9888,371.85986,0.001391329,33.64585,232.28247,11.265253,4.091425
Grid_Cell_104,2009,0.18204935,0,423.49008,0.004669321,0.1512934,2813.5745,462.71304,0.000964,32.835205,228.34566,11.40069,4.284619
Grid_Cell_104,2010,0.2032566,0,422.19348,0.004946493,0.16028753,2931.091,449.9442,0.001281548,29.019987,253.25945,12.55636,4.4620233
Grid_Cell_104,2011,0.18901266,0,476.20642,0.004955772,0.18398976,2796.8662,442.1898,0.001215089,31.280525,245.18552,10.474207,4.662337
Grid_Cell_104,2012,0.24387221,0,396.61682,0.005205653,0.16617905,3041.1885,377.93225,0.003364478,30.373142,222.25739,11.533045,5.049426
Grid_Cell_104,2013,0.180438,0,349.14096,0.005015619,0.0638812,3146.4978,328.0565,0.000551,40.401047,194.71603,12.275019,5.0420766
Grid_Cell_104,2014,0.1629653,0,308.78506,0.004539171,0.06445367,3398.614,288.21637,0.000355,42.24916,170.95035,11.516199,5.3846807
Grid_Cell_104,2015,0.15231003,0,338.3394,0.004874297,0.05952381,3233.3755,333.60336,0.000518,46.19254,173.67181,12.438929,5.016951
Grid_Cell_104,2016,0.17028981,0,345.46182,0.005307508,0.04972795,2867.8882,380.14453,0.001150079,39.875233,201.76758,12.089472,4.718124
Grid_Cell_104,2017,0.16851883,0,260.20383,0.005042506,0.055223327,3186.5457,221.04793,0.000529,45.18001,180.3366,12.394831,4.964401
Grid_Cell_104,2018,0.15344897,263,279.65237,0.004837202,0.067175075,3345.9592,314.43442,0.001258055,47.80309,167.43938,12.6063175,5.0027547
Grid_Cell_104,2019,0.12993687,70,291.99805,0.005160286,0.060864944,3178.2273,223.62047,0.00051,48.64357,179.71146,13.024103,4.7816925
Grid_Cell_104,2020,0.12468814,75,297.0057,0.004757008,0.0672111,3609.21,292.0031,0.000602,49.821777,176.0455,13.21026,5.259051
Grid_Cell_104,2021,0.13611938,161,359.80292,0.005158813,0.067590855,3334.4465,408.25403,0.000664,41.92379,185.43509,13.259241,5.0694613
Grid_Cell_104,2022,0.15234013,449,397.87265,0.005037454,0.067346856,3391.1418,446.229,0.001007843,39.110157,208.04909,13.060816,5.299551
Grid_Cell_104,2023,0.13626407,3063,414.2242,0.005422871,0.075829774,3275.0974,417.61115,0.000591,40.01931,208.14125,13.80694,5.2300906
Grid_Cell_104,2024,0.13440567,13110,327.77252,0.004785981,0.07257235,3660.905,351.12286,0.001048419,51.93203,195.53558,13.444269,5.179474
Grid_Cell_104,2025,0.13317034,16728,405.80566,0.005231401,0.054764327,3291.669,402.42172,0.000641,46.985947,203.69116,13.528345,4.7884755
Grid_Cell_105,2000,0.15035504,0,331.95657,0.005001134,0.17951837,2915.1873,380.33365,0.000616,44.013775,186.7756,11.224573,4.3052745
Grid_Cell_105,2001,0.17194939,0,365.17618,0.005474221,0.13113835,2606.5964,477.12024,0.00073,42.26515,211.1133,11.125391,4.3054376
Grid_Cell_105,2002,0.21071309,0,427.6971,0.005021108,0.19374031,2598.2395,444.62628,0.001608627,37.237507,247.31592,10.7017765,4.017755
Grid_Cell_105,2003,0.19285108,0,392.85007,0.005430113,0.10773241,2272.0122,398.72412,0.001972606,35.445942,251.37889,9.73736,4.192335
Grid_Cell_105,2004,0.18110986,0,425.77298,0.005860228,0.16951016,2353.1086,489.9852,0.001255577,34.368217,258.91397,10.989313,4.566915
Grid_Cell_105,2005,0.17747572,0,509.45587,0.005414825,0.1397755,2567.897,510.59372,0.001207774,24.989918,272.9982,11.865564,4.3902693
Grid_Cell_105,2006,0.21749212,0,444.86353,0.00515142,0.17025341,2755.4807,429.19846,0.001659229,29.814577,255.54231,11.392267,4.3455963
Grid_Cell_105,2007,0.17576458,0,409.58304,0.004802893,0.15984854,3068.0386,378.54108,0.000789,37.569798,239.61195,12.360498,4.426137
Grid_Cell_105,2008,0.18383373,0,409.75726,0.004965511,0.14253071,2661.626,365.0809,0.001278637,32.939404,228.25967,11.252863,4.115708
Grid_Cell_105,2009,0.18597445,0,419.1614,0.004656961,0.13922341,2815.5398,460.31543,0.000871,32.734566,224.5595,11.385401,4.294516
Grid_Cell_105,2010,0.20783116,0,420.11124,0.004956054,0.15478049,2928.951,444.5982,0.001334428,28.504644,248.84787,12.51684,4.486407
Grid_Cell_105,2011,0.19367982,0,475.30356,0.004981326,0.15690409,2791.2341,442.14984,0.001204147,30.579212,241.42664,10.499689,4.7103505
Grid_Cell_105,2012,0.24689431,0,395.6658,0.00523096,0.16007476,3016.689,377.83206,0.002973771,29.421728,219.18039,11.544825,5.063668
Grid_Cell_105,2013,0.18379006,0,348.4724,0.005032239,0.0663902,3137.1995,328.12885,0.00054,39.45124,193.00325,12.296808,5.08283
Grid_Cell_105,2014,0.16796589,0,309.10474,0.004549869,0.09053999,3378.5828,289.09116,0.000365,40.989376,169.25345,11.518854,5.4028997
Grid_Cell_105,2015,0.15767157,0,337.39005,0.004859948,0.06816848,3239.771,328.70663,0.000496,45.05683,172.53638,12.433435,5.038629
Grid_Cell_105,2016,0.17134026,0,325.52243,0.005274755,0.056541998,2895.1995,350.14438,0.000987,39.992855,193.36841,12.129084,4.7694216
Grid_Cell_105,2017,0.17312536,0,253.48085,0.005019503,0.057257432,3190.4614,219.31128,0.00045,44.010918,173.62334,12.370844,4.9870377
Grid_Cell_105,2018,0.1557816,263,257.4994,0.004788911,0.067409076,3367.0835,285.62543,0.001251137,48.149384,159.19957,12.564966,5.022926
Grid_Cell_105,2019,0.13552715,70,294.12567,0.005125553,0.059192285,3166.1921,234.13428,0.000559,46.897594,173.0417,12.964106,4.7594323
Grid_Cell_105,2020,0.12963171,75,296.3627,0.004731161,0.069947064,3591.8774,293.72098,0.000608,48.065044,173.35138,13.177057,5.2384906
Grid_Cell_105,2021,0.14187236,161,356.88907,0.005136177,0.07614922,3334.4104,400.869,0.000604,40.379585,181.8855,13.229334,5.089393
Grid_Cell_105,2022,0.15725747,449,395.61325,0.005016044,0.06278691,3382.2952,445.86072,0.001017205,37.598015,204.66652,13.035212,5.282462
Grid_Cell_105,2023,0.14208907,3063,412.41736,0.005392367,0.05897125,3276.0452,417.474,0.000569,38.18776,204.71262,13.793909,5.2355704
Grid_Cell_105,2024,0.13859609,13110,326.74405,0.004772769,0.15557748,3634.4375,351.52667,0.001025059,50.306007,194.06322,13.382593,5.171239
Grid_Cell_105,2025,0.13743484,16728,402.60675,0.005208054,0.054272287,3303.6594,400.18143,0.000594,46.086723,200.34637,13.511896,4.821024
Grid_Cell_106,2000,0.15427342,0,338.10864,0.005017838,0.17618062,2919.6812,375.0338,0.00033,42.093998,129.88861,11.298426,4.3497224
Grid_Cell_106,2001,0.17574236,0,382.05984,0.005481523,0.103194274,2617.8528,465.5545,0.000413,39.85143,158.83034,11.182276,4.3688965
Grid_Cell_106,2002,0.21331263,0,409.24963,0.005031622,0.19103967,2602.8303,431.61874,0.002026418,36.937504,197.43553,10.747339,4.0382347
Grid_Cell_106,2003,0.19269675,0,372.0795,0.005386137,0.105496556,2296.952,399.5525,0.006120411,35.480778,195.91937,9.80398,4.1631913
Grid_Cell_106,2004,0.18865837,0,391.8136,0.00578112,0.17074832,2412.6614,482.83792,0.002132169,36.07332,213.83727,11.003382,4.5645924
Grid_Cell_106,2005,0.17868875,0,464.41125,0.005389208,0.13929576,2585.3772,499.7905,0.003523671,25.902458,237.94783,11.879267,4.381947
Grid_Cell_106,2006,0.2188117,0,414.7067,0.005144544,0.14180857,2742.4314,430.8671,0.007940175,29.881968,211.62976,11.396296,4.3319664
Grid_Cell_106,2007,0.17979589,0,396.16943,0.004819643,0.13143753,3040.0945,377.82935,0.000478,37.724735,196.68254,12.338984,4.4003153
Grid_Cell_106,2008,0.189451,0,396.33185,0.004969841,0.1382767,2646.0046,358.71017,0.00502901,32.351585,174.69748,11.256464,4.1175523
Grid_Cell_106,2009,0.18997444,0,415.52832,0.004658211,0.15165064,2805.5903,458.57986,0.001820339,31.964977,175.748,11.379114,4.2816052
Grid_Cell_106,2010,0.21193968,0,405.0949,0.004973044,0.14289887,2928.476,442.68015,0.007346236,28.07088,195.32933,12.463404,4.4960303
Grid_Cell_106,2011,0.1995388,0,467.39902,0.005019145,0.14541817,2784.4685,443.3875,0.003752127,29.507847,189.87141,10.561579,4.7633986
Grid_Cell_106,2012,0.24833879,0,362.09418,0.00527066,0.12942286,3002.3462,367.45148,0.009249331,30.476633,159.68094,11.582331,5.081086
Grid_Cell_106,2013,0.19080943,0,388.56094,0.005060921,0.06611509,3114.9568,377.0053,0.000819,34.297672,145.82321,12.343958,5.1236176
Grid_Cell_106,2014,0.176769,0,321.43185,0.004571986,0.0675727,3350.1345,312.3522,0.00091,37.825027,121.28366,11.541468,5.420674
Grid_Cell_106,2015,0.16729431,0,345.54944,0.004840314,0.08300785,3247.8333,326.86093,0.000409,42.02165,115.63077,12.48086,5.061677
Grid_Cell_106,2016,0.17522919,0,309.5401,0.005242672,0.061390374,2923.3975,330.60242,0.000475,38.99327,127.28576,12.185633,4.814811
Grid_Cell_106,2017,0.17597622,0,251.2409,0.0049944,0.06151426,3190.9749,230.65128,0.000979,41.40293,117.35752,12.383265,5.013236
Grid_Cell_106,2018,0.15709923,263,242.18933,0.004724761,0.07211984,3417.993,259.64066,0.000537,47.842625,100.83335,12.551966,5.0567274
Grid_Cell_106,2019,0.14189065,70,306.40308,0.005114064,0.10954988,3126.6748,263.65826,0.000426,43.206078,115.941536,12.924585,4.719432
Grid_Cell_106,2020,0.13303941,75,272.2476,0.004728063,0.071360886,3567.695,280.36557,0.000336,47.097168,101.39925,13.1809025,5.2216535
Grid_Cell_106,2021,0.14313202,161,322.0256,0.005119228,0.08579389,3338.9717,357.10092,0.00026,40.1031,104.58046,13.221491,5.106619
Grid_Cell_106,2022,0.16158232,449,401.2001,0.005005513,0.060858216,3343.5105,443.33893,0.000572,33.938572,140.55653,13.026148,5.248695
Grid_Cell_106,2023,0.15032041,3063,417.71475,0.005387576,0.060900338,3242.2693,419.61456,0.000444,34.487743,143.77914,13.776728,5.2305703
Grid_Cell_106,2024,0.14299929,13110,344.2016,0.004786616,0.072326474,3577.7354,351.26035,0.000517,46.26918,143.55034,13.294977,5.156358
Grid_Cell_106,2025,0.1386053,16728,391.80737,0.005197492,0.054816436,3310.1826,395.45154,0.000329,45.18796,130.48938,13.517694,4.837834
Grid_Cell_107,2000,0.17667323,0,461.42657,0.005208548,0.25058714,2434.214,541.2394,0.00154054,34.218266,191.89435,10.184168,4.046306
Grid_Cell_107,2001,0.18523787,0,472.34998,0.005664215,0.20319453,2158.8877,638.67096,0.001195322,34.286324,223.26657,10.071772,4.135232
Grid_Cell_107,2002,0.22400643,0,551.62604,0.005202461,0.21963695,2234.168,572.96484,0.003818452,24.904207,253.59406,9.79281,4.0142274
Grid_Cell_107,2003,0.24103084,0,472.39856,0.005493633,0.16746412,1928.2203,547.27594,0.014083404,25.093065,263.20758,8.640467,3.9245954
Grid_Cell_107,2004,0.19195224,0,533.9346,0.006273124,0.16880567,1738.724,664.71704,0.002206363,24.55066,274.93076,10.047693,3.9869967
Grid_Cell_107,2005,0.22151731,0,529.80634,0.00560501,0.23127678,2089.1648,623.3393,0.003426805,21.044058,272.0442,10.692743,3.9849267
Grid_Cell_107,2006,0.25679272,0,500.62283,0.005362109,0.21181454,2333.007,506.34286,0.003884332,22.030249,245.22835,10.607904,3.9748087
Grid_Cell_107,2007,0.18566069,0,456.37186,0.004795034,0.18299459,2850.852,423.94427,0.000793,35.796246,197.8541,11.832453,4.136651
Grid_Cell_107,2008,0.18969986,0,461.79166,0.005136447,0.2081079,2269.066,457.69098,0.002443839,28.539562,205.02226,10.346552,3.7850044
Grid_Cell_107,2009,0.22646256,0,468.74313,0.004867492,0.17621787,2368.0962,525.906,0.002895538,25.698214,209.75427,10.508966,3.939071
Grid_Cell_107,2010,0.2228596,0,495.6594,0.005070085,0.2012422,2462.043,542.8987,0.003236617,20.281836,244.10158,11.634974,4.1749
Grid_Cell_107,2011,0.22936971,0,514.7916,0.005133148,0.22095299,2389.716,480.8797,0.004593545,24.032871,226.27492,9.512598,4.319529
Grid_Cell_107,2012,0.26260749,0,426.49417,0.005360639,0.22504672,2660.542,424.02133,0.010909723,25.606121,194.16678,10.684992,4.751714
Grid_Cell_107,2013,0.21353574,0,427.99713,0.005227879,0.0576402,2612.498,446.6556,0.001150812,28.792753,178.28967,11.418512,4.6704326
Grid_Cell_107,2014,0.19845575,0,388.10242,0.004740068,0.0651344,2952.7454,366.09625,0.001858986,32.258335,157.84381,10.637476,5.0887218
Grid_Cell_107,2015,0.1640929,0,414.8768,0.005035339,0.050409418,3019.1545,426.8041,0.000728,36.457226,160.3744,11.831781,5.305513
Grid_Cell_107,2016,0.19701168,0,441.7414,0.005554363,0.0594801,2462.2502,478.64172,0.00122195,29.66053,197.23465,10.996149,4.6533356
Grid_Cell_107,2017,0.18357837,0,381.11957,0.005346565,0.06751819,2683.086,329.30066,0.003700387,32.4616,184.62843,11.4769535,4.8649826
Grid_Cell_107,2018,0.1967595,263,399.87042,0.005077562,0.08875921,2992.9307,451.26828,0.001152644,34.86905,161.40027,11.679407,4.9713507
Grid_Cell_107,2019,0.15578972,70,454.00995,0.005472177,0.058388587,2773.0767,417.44482,0.001415041,33.65782,185.3498,12.096888,4.811213
Grid_Cell_107,2020,0.14501089,75,425.80463,0.005024555,0.0891,3131.9895,416.81482,0.000896,37.246696,178.54109,12.088221,5.319946
Grid_Cell_107,2021,0.16666543,161,522.76624,0.005437485,0.057404496,2736.1592,622.8543,0.001089356,25.841547,200.2317,11.989069,4.9890847
Grid_Cell_107,2022,0.1763815,449,552.2478,0.005124088,0.0572077,3025.715,582.0541,0.00166464,23.468891,220.5155,12.079065,5.376914
Grid_Cell_107,2023,0.14901592,3063,533.0512,0.005733463,0.05103531,2787.2651,554.9559,0.001684784,28.855854,215.17233,12.630335,5.269098
Grid_Cell_107,2024,0.16307598,13110,455.95282,0.004912754,0.06866483,3322.2415,451.56702,0.001252938,38.300426,194.82065,12.643122,5.2359724
Grid_Cell_107,2025,0.14134988,16728,512.993,0.005348418,0.05854782,2969.0986,526.1877,0.001053253,39.459682,188.35301,12.603724,4.774391
Grid_Cell_108,2000,0.16177185,0,448.8553,0.005267107,0.2698365,2515.9192,524.407,0.001419751,36.14234,189.81522,10.699091,4.0356126
Grid_Cell_108,2001,0.17889035,0,463.95517,0.005719872,0.2857143,2241.8372,623.6255,0.001065863,34.690342,219.07755,10.62237,4.128417
Grid_Cell_108,2002,0.21471462,0,539.84753,0.005251731,0.31365314,2300.1174,559.3363,0.003426812,25.896513,251.8449,10.282099,3.9921386
Grid_Cell_108,2003,0.22709994,0,465.79544,0.005543126,0.18732244,1987.6691,533.44226,0.012721705,26.15173,261.77557,9.10647,3.8956914
Grid_Cell_108,2004,0.18181902,0,527.92786,0.006295928,0.16857372,1818.1995,647.983,0.001986011,24.865932,270.72293,10.542871,3.9726868
Grid_Cell_108,2005,0.20877191,0,528.40454,0.005649106,0.15971287,2149.6367,607.3337,0.002430976,22.017569,266.85385,11.181208,3.9271185
Grid_Cell_108,2006,0.24404527,0,492.44943,0.005385612,0.25515008,2395.4573,500.81866,0.003875641,23.181807,245.8303,11.097223,3.9172404
Grid_Cell_108,2007,0.17797239,0,451.79376,0.004829664,0.19705996,2897.0298,418.1209,0.000814,36.19646,199.79425,12.311365,4.057404
Grid_Cell_108,2008,0.17481416,0,457.45978,0.005149243,0.2438024,2336.406,448.801,0.002113391,29.296515,204.36017,10.866571,3.7178936
Grid_Cell_108,2009,0.21015209,0,461.22418,0.004881697,0.22548224,2437.2246,515.12006,0.001917979,27.329689,208.75684,10.994104,3.8647215
Grid_Cell_108,2010,0.21375126,0,487.35422,0.005079321,0.22148013,2537.5718,535.19073,0.002601764,21.70308,243.40683,12.128473,4.0939755
Grid_Cell_108,2011,0.21315664,0,519.28436,0.005126481,0.23184976,2483.0066,480.95102,0.003572832,24.46976,226.02377,10.025965,4.2757273
Grid_Cell_108,2012,0.2570896,0,425.9858,0.00535732,0.22855197,2746.5803,423.81024,0.010240198,25.931461,196.24973,11.173639,4.698504
Grid_Cell_108,2013,0.20390448,0,426.52185,0.005235475,0.073919676,2697.1123,446.75497,0.001099671,28.68746,181.6418,11.921442,4.620022
Grid_Cell_108,2014,0.18904597,0,387.27188,0.00473553,0.072304964,3028.675,366.31226,0.001743343,32.01489,162.09106,11.123804,5.0146465
Grid_Cell_108,2015,0.1578702,0,415.80237,0.004975845,0.05764391,3094.4668,410.3352,0.000684,36.189114,161.90274,12.340754,5.127225
Grid_Cell_108,2016,0.18247391,0,375.32626,0.005485449,0.06004275,2595.0583,378.05612,0.000729,34.819763,173.93936,11.520685,4.5283017
Grid_Cell_108,2017,0.17053598,0,322.3427,0.005288725,0.049223024,2786.3271,269.24182,0.001043788,36.97564,158.30222,11.987177,4.7211127
Grid_Cell_108,2018,0.18143697,263,330.48798,0.005010709,0.062780455,3080.1133,378.88776,0.000892,40.071495,139.26471,12.210199,4.783542
Grid_Cell_108,2019,0.14625031,70,368.2234,0.005413707,0.052308686,2866.0293,331.9499,0.000827,39.823235,158.52655,12.616053,4.6024456
Grid_Cell_108,2020,0.13858035,75,425.55045,0.004984774,0.06091108,3178.0933,413.94983,0.000948,36.8264,182.91742,12.619257,5.0313525
Grid_Cell_108,2021,0.16387318,161,526.5333,0.005403166,0.052256774,2770.5874,625.68396,0.001181754,25.553694,205.37979,12.511957,4.733468
Grid_Cell_108,2022,0.16786107,449,554.9003,0.005095266,0.06099906,3069.4438,581.18146,0.001753726,22.955585,222.89497,12.61175,5.1342425
Grid_Cell_108,2023,0.14579818,3063,533.68085,0.005690973,0.047078494,2845.4868,553.46436,0.001438462,28.320137,215.85124,13.178064,5.006187
Grid_Cell_108,2024,0.15941434,13110,454.4546,0.004901376,0.06602154,3333.9182,450.91846,0.001302621,38.035725,197.82785,13.131525,4.983736
Grid_Cell_108,2025,0.13852507,16728,510.1437,0.005344316,0.054560196,2977.1533,524.8285,0.001072521,38.84574,193.05469,13.090479,4.5520086
Grid_Cell_109,2000,0.16061164,0,459.345,0.00524546,0.18369327,2563.9602,509.16367,0.00181534,35.24765,213.89113,10.889887,4.0382776
Grid_Cell_109,2001,0.1788253,0,472.6146,0.005688389,0.18048817,2294.811,609.7302,0.001398569,32.995647,240.70418,10.848932,4.135061
Grid_Cell_109,2002,0.21322781,0,492.68933,0.005221522,0.223299,2344.0413,540.82513,0.005134586,28.233814,274.2982,10.451929,3.9777207
Grid_Cell_109,2003,0.23105356,0,452.9931,0.005512602,0.16932681,2014.4481,518.6117,0.016086668,26.218246,287.17685,9.271662,3.8592873
Grid_Cell_109,2004,0.18182637,0,530.8122,0.006219207,0.14769728,1877.431,631.18744,0.003412725,23.674044,319.17377,10.746332,3.9592645
Grid_Cell_109,2005,0.20818804,0,529.3311,0.005612414,0.17242762,2189.488,589.0223,0.004618757,21.633583,325.62878,11.395838,3.8767076
Grid_Cell_109,2006,0.2415651,0,496.30502,0.005337667,0.20575601,2428.9817,493.28787,0.009270809,22.34206,293.07953,11.312281,3.8738499
Grid_Cell_109,2007,0.17856291,0,465.13824,0.004799195,0.17575926,2913.6035,414.1843,0.001305716,34.672993,243.96204,12.50149,4.001685
Grid_Cell_109,2008,0.17419836,0,447.04684,0.005089834,0.15384059,2387.1929,439.33484,0.004080137,29.424927,221.02393,11.104242,3.6752024
Grid_Cell_109,2009,0.20781805,0,462.70163,0.004828023,0.19306298,2484.144,509.1293,0.00284811,27.091536,230.20393,11.208033,3.8156462
Grid_Cell_109,2010,0.21440269,0,472.64786,0.005025486,0.16012363,2595.1902,525.5129,0.005767822,22.602472,272.5829,12.330652,4.0324345
Grid_Cell_109,2011,0.21211317,0,529.88135,0.005056947,0.14972718,2538.7615,480.95425,0.006018497,23.478182,254.01346,10.225672,4.2449055
Grid_Cell_109,2012,0.26118812,0,420.69858,0.005289218,0.20633253,2802.7817,423.86624,0.014269747,25.574833,224.038,11.35412,4.670601
Grid_Cell_109,2013,0.2062941,0,434.91455,0.005176061,0.062199898,2754.6965,446.87268,0.001837373,27.635798,211.34622,12.112238,4.587659
Grid_Cell_109,2014,0.19145441,0,374.20392,0.004670804,0.066490866,3088.7239,365.94614,0.003138236,31.92113,181.80994,11.308435,4.972763
Grid_Cell_109,2015,0.15982753,0,408.33417,0.004938592,0.053736668,3149.2275,407.42136,0.001177182,35.83902,182.84082,12.693201,5.0110607
Grid_Cell_109,2016,0.18117537,0,317.1656,0.005445589,0.040694617,2686.3037,324.05502,0.000834,38.353558,181.45135,11.887049,4.4457197
Grid_Cell_109,2017,0.17101458,0,290.07233,0.005255458,0.05442542,2860.3137,253.21571,0.001496647,38.40832,170.76529,12.3527775,4.636147
Grid_Cell_109,2018,0.17521629,263,308.10065,0.004961343,0.060786087,3163.8477,354.07907,0.001174949,41.67115,157.2387,12.616968,4.7158027
Grid_Cell_109,2019,0.14466421,70,343.73114,0.005379814,0.064989515,2940.358,311.25815,0.001084401,40.871166,171.18863,12.994532,4.515494
Grid_Cell_109,2020,0.13636202,75,419.4242,0.004953278,0.06634123,3274.5781,413.25192,0.001363159,36.45762,212.75945,12.997644,4.962227
Grid_Cell_109,2021,0.16410281,161,542.45685,0.005382755,0.04903318,2860.962,628.52545,0.001834832,23.80454,231.69827,12.892267,4.7058997
Grid_Cell_109,2022,0.16697507,449,555.2449,0.005090712,0.059123635,3148.063,579.1975,0.002427627,22.137169,249.99529,12.996607,5.0835576
Grid_Cell_109,2023,0.1456027,3063,533.6657,0.005674388,0.050298743,2925.4617,558.5684,0.002248223,27.489332,240.8825,13.557764,4.9577622
Grid_Cell_109,2024,0.15719739,13110,450.45392,0.004906661,0.06503173,3400.3796,451.4558,0.001951316,37.514637,240.74165,13.493036,4.945533
Grid_Cell_109,2025,0.13975036,16728,509.6697,0.005343794,0.058374383,3044.197,523.9224,0.001647509,37.37072,214.47581,13.430475,4.5336123
Grid_Cell_11,2000,0.15520854,0,450.88727,0.006073693,0.15604739,2331.6626,493.0444,0.001486693,33.656815,234.91693,11.757349,3.914909
Grid_Cell_11,2001,0.15922129,0,441.36154,0.006581951,0.13678785,2170.5034,550.5764,0.001965356,37.837097,247.386,12.071283,3.914239
Grid_Cell_11,2002,0.1965567,0,574.7445,0.006287731,0.17552575,2039.6489,614.94446,0.003532099,27.420979,301.10748,11.247797,3.6017962
Grid_Cell_11,2003,0.21752764,0,505.60535,0.005642229,0.09370166,2163.69,554.8845,0.012001531,26.18938,291.304,10.555048,3.6751776
Grid_Cell_11,2004,0.15451592,0,590.6918,0.006580167,0.21015179,1975.6622,674.1682,0.003764781,24.294563,313.52255,11.903925,3.7505555
Grid_Cell_11,2005,0.16033198,0,588.2635,0.006138003,0.19238561,2134.6409,658.19305,0.003726479,18.922949,319.49796,12.719568,3.764002
Grid_Cell_11,2006,0.20027924,0,547.8135,0.005965006,0.16623619,2375.6672,558.64185,0.007466144,22.563711,301.77554,12.628717,3.8248773
Grid_Cell_11,2007,0.1574685,0,530.14777,0.005547897,0.17837307,2722.333,522.9684,0.002265421,28.218225,273.6053,13.3302555,3.9081576
Grid_Cell_11,2008,0.17277113,0,569.0022,0.005890514,0.15622303,2162.7468,559.7769,0.005914515,21.131952,283.70465,12.122705,3.5337749
Grid_Cell_11,2009,0.18290992,0,553.926,0.005836636,0.15185593,2122.8328,627.68304,0.002916062,20.448334,290.77246,12.301935,3.6197217
Grid_Cell_11,2010,0.19450808,0,582.10803,0.005901311,0.18973367,2373.64,634.41254,0.004258719,17.796265,307.49768,13.326258,3.739866
Grid_Cell_11,2011,0.17879304,0,574.9087,0.005778289,0.17218839,2388.1565,554.5044,0.003952473,23.430159,290.8272,11.299707,4.0360355
Grid_Cell_11,2012,0.22183937,0,517.912,0.006017978,0.16408715,2655.5303,502.51773,0.009719569,25.363043,251.40752,12.606623,4.4069057
Grid_Cell_11,2013,0.19222982,0,468.80386,0.005730592,0.037857946,2549.455,461.18268,0.001599634,26.707626,236.9267,13.006098,4.150056
Grid_Cell_11,2014,0.15514451,0,433.3566,0.005548236,0.046238244,2938.189,421.06393,0.001370134,31.725027,213.66872,12.809656,4.716564
Grid_Cell_11,2015,0.1459877,0,449.61285,0.005531071,0.051657032,3044.8918,424.46378,0.000953,32.837147,203.487,13.561213,4.8733554
Grid_Cell_11,2016,0.16271652,0,371.24747,0.005939486,0.046517234,2615.8167,387.7151,0.00153334,35.803722,201.6809,12.750177,4.3005695
Grid_Cell_11,2017,0.1446174,0,310.68954,0.005802225,0.057185404,2824.1453,277.02322,0.000979,39.392117,179.67053,13.355646,4.434058
Grid_Cell_11,2018,0.14075688,263,309.19037,0.005667596,0.06353749,3137.0757,362.88324,0.001548894,43.975807,179.07063,13.978601,4.688268
Grid_Cell_11,2019,0.12859578,70,301.2029,0.00581604,0.052432824,2945.3232,227.63376,0.000686,45.756424,187.06462,14.142389,4.37522
Grid_Cell_11,2020,0.12847616,75,428.14508,0.005565204,0.050658524,3273.0208,437.22812,0.001701817,39.958107,198.10678,14.131525,4.9723706
Grid_Cell_11,2021,0.14445971,161,522.5773,0.005947406,0.05345429,2906.3516,573.24023,0.001864086,29.768204,222.88898,13.81106,4.6582284
Grid_Cell_11,2022,0.14190044,449,533.49365,0.005653653,0.05607583,3210.4954,536.7017,0.001805945,27.383278,231.74039,14.023401,5.058455
Grid_Cell_11,2023,0.14381714,3063,557.0726,0.00605735,0.048024822,2963.3735,604.8151,0.002048223,27.639904,233.20662,14.492701,4.899577
Grid_Cell_11,2024,0.14061125,13110,476.91733,0.005544773,0.053656377,3316.4753,477.24854,0.00187786,38.019894,227.31575,14.39892,4.9453845
Grid_Cell_11,2025,0.14742851,16728,533.6893,0.005915224,0.04686265,2974.511,534.4955,0.001417672,37.532005,221.02022,13.983698,4.559721
Grid_Cell_110,2000,0.16405469,0,441.32736,0.005187212,0.20954062,2562.357,494.50104,0.001720916,33.107887,215.35745,10.89834,4.045384
Grid_Cell_110,2001,0.18122216,0,460.96573,0.005628022,0.16018619,2318.064,596.106,0.001421822,32.382328,244.46103,10.866999,4.139581
Grid_Cell_110,2002,0.21784006,0,474.04745,0.005160731,0.17708774,2371.5415,520.4153,0.00503561,29.553383,277.1126,10.440973,3.9640906
Grid_Cell_110,2003,0.24007088,0,436.52094,0.005455003,0.17790301,2017.8859,502.82962,0.016504565,25.95801,290.5022,9.277369,3.8474379
Grid_Cell_110,2004,0.18538965,0,515.73676,0.006111892,0.1915898,1945.9314,614.0871,0.00371791,25.43107,319.19492,10.775904,3.9733014
Grid_Cell_110,2005,0.20858085,0,516.3884,0.005548383,0.16814223,2185.804,568.4958,0.004388329,20.518099,329.67535,11.446711,3.8611596
Grid_Cell_110,2006,0.24059157,0,488.53983,0.005269171,0.18530124,2444.28,484.51175,0.008759305,22.37194,298.75412,11.336634,3.864295
Grid_Cell_110,2007,0.18111672,0,455.98846,0.004749845,0.19112836,2914.2537,410.51123,0.001427168,34.849358,252.49591,12.483057,3.9896986
Grid_Cell_110,2008,0.17927264,0,440.75906,0.005011866,0.16688676,2397.3042,428.8142,0.004595799,28.536358,230.79361,11.131983,3.6661177
Grid_Cell_110,2009,0.20871311,0,455.9797,0.004752451,0.20493296,2501.3616,503.92905,0.003700524,26.71421,237.80965,11.224085,3.8123243
Grid_Cell_110,2010,0.21585959,0,461.52167,0.004960777,0.17460538,2619.4385,519.7057,0.006967538,22.80911,278.7912,12.392878,4.0129824
Grid_Cell_110,2011,0.21424301,0,508.90448,0.004980648,0.13915984,2584.5857,457.9945,0.007275791,23.936323,261.85815,10.35531,4.246481
Grid_Cell_110,2012,0.2627533,0,402.12488,0.005215116,0.22667167,2855.6123,401.35913,0.012584447,25.794977,228.26111,11.464136,4.6960793
Grid_Cell_110,2013,0.2106449,0,413.25836,0.0051074,0.06595929,2829.155,423.10944,0.00166889,29.221375,211.8234,12.228571,4.6028986
Grid_Cell_110,2014,0.18940113,0,363.95255,0.004598188,0.06964726,3152.1875,354.6234,0.00331188,32.55483,182.51917,11.428797,4.9947834
Grid_Cell_110,2015,0.16147244,0,387.63922,0.004907033,0.066246055,3184.0137,393.2021,0.001204815,37.206806,183.3636,12.715082,5.0347934
Grid_Cell_110,2016,0.1882335,0,346.7672,0.005420708,0.048195373,2709.4878,366.07718,0.001150106,35.90312,195.59776,11.926081,4.491587
Grid_Cell_110,2017,0.18122791,0,321.88373,0.00522052,0.054662105,2895.288,294.38208,0.002969264,35.36709,189.05916,12.37359,4.6922774
Grid_Cell_110,2018,0.17725351,263,336.64072,0.004921226,0.06506523,3206.9155,368.17093,0.001207784,39.250553,172.45961,12.662287,4.802583
Grid_Cell_110,2019,0.14791417,70,369.2796,0.005346701,0.05963403,2969.0776,329.69052,0.00127586,38.532463,183.44756,13.046961,4.5907335
Grid_Cell_110,2020,0.13402602,75,386.52036,0.004908268,0.065259114,3367.1543,385.00308,0.001166581,38.72257,208.00685,13.064051,5.103006
Grid_Cell_110,2021,0.16269043,161,498.03644,0.005340752,0.055173814,2963.1501,577.9836,0.001814651,27.025133,224.66945,12.997492,4.8245983
Grid_Cell_110,2022,0.16693209,449,514.76105,0.005066253,0.06631896,3231.236,534.5363,0.002019781,24.983213,244.45741,13.064325,5.1981125
Grid_Cell_110,2023,0.14538848,3063,504.38263,0.005638271,0.057326958,2993.4902,533.0621,0.002334178,29.467152,236.83997,13.631617,5.073858
Grid_Cell_110,2024,0.15682873,13110,421.06952,0.004886853,0.06668088,3464.3933,426.60864,0.001795415,39.95389,236.9757,13.520899,5.045378
Grid_Cell_110,2025,0.14169984,16728,492.24185,0.005323902,0.057729498,3113.4705,506.73822,0.001515173,38.15275,217.5839,13.494165,4.6364446
Grid_Cell_111,2000,0.15988839,0,429.6988,0.005139918,0.24085355,2610.3767,479.63702,0.001595415,34.469776,210.02748,10.916712,4.060211
Grid_Cell_111,2001,0.17796594,0,453.10007,0.00558992,0.17723016,2350.2302,582.3252,0.001353593,33.43226,240.26488,10.868616,4.1409855
Grid_Cell_111,2002,0.21558067,0,458.65207,0.005116824,0.19359738,2409.9932,501.43753,0.004498733,31.385609,271.11075,10.440943,3.9533372
Grid_Cell_111,2003,0.23671366,0,426.5223,0.00541976,0.13187759,2056.242,486.62747,0.015101867,27.654736,282.70203,9.31579,3.853842
Grid_Cell_111,2004,0.18320365,0,499.7695,0.006029682,0.23136026,2019.7124,597.74506,0.003708853,27.094536,314.18002,10.823572,4.0172224
Grid_Cell_111,2005,0.20227684,0,514.4725,0.005509404,0.2063937,2234.2605,551.2827,0.004026226,21.190552,329.43323,11.514887,3.8884883
Grid_Cell_111,2006,0.23528188,0,484.2652,0.005231068,0.2132751,2475.847,476.61047,0.008384692,22.968756,297.49643,11.346643,3.89498
Grid_Cell_111,2007,0.17807955,0,447.39383,0.004728801,0.15448314,2914.6816,407.1319,0.001528623,34.752003,254.50758,12.442408,4.0242534
Grid_Cell_111,2008,0.18057148,0,435.04422,0.004967259,0.16144408,2410.2798,419.09277,0.004880478,27.95725,233.11543,11.132349,3.6963089
Grid_Cell_111,2009,0.20473167,0,451.65106,0.00470268,0.1719593,2529.423,499.0237,0.003861527,26.507923,238.03001,11.223322,3.8548586
Grid_Cell_111,2010,0.21141976,0,454.7458,0.004929513,0.1924587,2650.38,512.3531,0.007031305,23.169306,276.8317,12.409815,4.0556192
Grid_Cell_111,2011,0.21006167,0,500.7267,0.004955364,0.20250076,2599.7805,450.67752,0.007455743,23.531473,262.18173,10.366297,4.3103848
Grid_Cell_111,2012,0.2578189,0,401.3149,0.005193989,0.18650393,2889.1687,393.88013,0.007120021,25.453318,230.35454,11.4596195,4.7769194
Grid_Cell_111,2013,0.20886444,0,408.7548,0.005076818,0.056877807,2892.9922,415.18982,0.001830236,30.143162,211.13924,12.231714,4.693823
Grid_Cell_111,2014,0.18364859,0,359.93277,0.00457554,0.07993453,3194.4219,350.42328,0.003273866,33.090645,181.33746,11.423273,5.082626
Grid_Cell_111,2015,0.158926,0,384.21237,0.004877722,0.060603704,3230.751,387.2772,0.001254671,38.288788,178.79248,12.694391,5.1133895
Grid_Cell_111,2016,0.17909354,0,354.20532,0.005398902,0.05020353,2754.9314,372.59546,0.001154204,36.35026,191.5966,11.941034,4.5911775
Grid_Cell_111,2017,0.17608167,0,315.6424,0.005186058,0.05636311,2970.67,296.53345,0.002613712,36.866486,184.80344,12.371393,4.798373
Grid_Cell_111,2018,0.1678439,263,319.20197,0.004892302,0.05594892,3274.0496,343.5642,0.001143582,40.92313,169.12724,12.650232,4.926556
Grid_Cell_111,2019,0.14423978,70,364.7447,0.005302533,0.061164334,3013.785,325.3997,0.001425031,39.264378,181.5444,13.032434,4.6759734
Grid_Cell_111,2020,0.12823975,75,379.43985,0.004861126,0.05978851,3426.7402,380.4978,0.00122196,40.172153,206.05371,13.070246,5.168272
Grid_Cell_111,2021,0.15782037,161,490.61035,0.005307892,0.044327,3035.4192,568.55524,0.002195247,28.536228,220.40176,13.046686,4.894256
Grid_Cell_111,2022,0.16395201,449,508.21298,0.00504677,0.053992778,3274.9578,530.1072,0.00199375,26.263573,242.93152,13.055719,5.247222
Grid_Cell_111,2023,0.1404702,3063,494.8797,0.00558847,0.05393143,3054.815,520.2026,0.002056613,30.88584,233.59938,13.661341,5.128995
Grid_Cell_111,2024,0.1530395,13110,414.84808,0.004847168,0.065028444,3513.3235,421.70917,0.001867167,41.47813,234.19539,13.492365,5.097849
Grid_Cell_111,2025,0.13799459,16728,486.01227,0.00530959,0.053410232,3148.0056,503.05356,0.001487372,38.97541,215.22087,13.508051,4.6873684
Grid_Cell_112,2000,0.15364967,0,416.0059,0.005089129,0.24238332,2663.2637,463.95306,0.001443615,36.187675,204.63481,10.919733,4.0873036
Grid_Cell_112,2001,0.17308229,0,443.46756,0.005548064,0.15084787,2389.2087,567.84564,0.001283599,34.68063,236.69434,10.855097,4.157732
Grid_Cell_112,2002,0.21168777,0,444.91556,0.005071262,0.21359485,2446.6147,486.53244,0.004162076,32.643158,267.18546,10.435968,3.959981
Grid_Cell_112,2003,0.22873273,0,416.90384,0.005412613,0.118369564,2082.1575,469.48355,0.013563849,29.169836,277.41565,9.356897,3.8894584
Grid_Cell_112,2004,0.17876387,0,481.409,0.005977451,0.25111103,2077.2966,582.1397,0.003636943,28.457592,309.53613,10.849817,4.0891485
Grid_Cell_112,2005,0.19310243,0,510.3534,0.005486993,0.17610209,2290.9636,540.8813,0.004721144,22.224384,331.24075,11.574671,3.9522212
Grid_Cell_112,2006,0.22828601,0,478.54443,0.005209448,0.16701452,2517.4966,469.1401,0.007878743,23.85925,298.52588,11.3441105,3.9641237
Grid_Cell_112,2007,0.17303258,0,441.10608,0.004723839,0.15094192,2936.5972,403.7839,0.001583897,35.051926,258.07367,12.4049015,4.09737
Grid_Cell_112,2008,0.1776253,0,427.92493,0.004944554,0.18939538,2444.3882,409.21082,0.005348371,28.349985,235.88145,11.129816,3.759014
Grid_Cell_112,2009,0.19855386,0,447.74252,0.004669156,0.20370649,2580.7046,493.3548,0.003992942,26.98498,238.90381,11.227411,3.9325297
Grid_Cell_112,2010,0.20629413,0,445.4243,0.004910232,0.19563928,2697.667,503.92264,0.00766814,24.184727,275.81558,12.414179,4.122914
Grid_Cell_112,2011,0.2061752,0,497.45758,0.004941501,0.29156888,2625.0466,450.6559,0.007620295,24.155642,264.16476,10.344416,4.371481
Grid_Cell_112,2012,0.25384074,0,400.71826,0.005184908,0.23205224,2920.1865,393.80258,0.006420697,25.871424,232.21086,11.43432,4.842425
Grid_Cell_112,2013,0.2019402,0,411.19452,0.005052581,0.06221572,2946.4644,415.48682,0.001818164,30.732443,211.9251,12.209192,4.774097
Grid_Cell_112,2014,0.17840058,0,358.96402,0.0045629,0.06444306,3231.0168,349.30008,0.00330089,33.828922,181.51384,11.39242,5.153242
Grid_Cell_112,2015,0.155199,0,383.58813,0.004853304,0.058496896,3231.2605,382.87946,0.001265877,38.88159,177.03513,12.630396,5.1211634
Grid_Cell_112,2016,0.17143415,0,336.44693,0.005368291,0.046985853,2770.0583,351.07388,0.001028439,37.998177,185.82863,11.9214115,4.6200366
Grid_Cell_112,2017,0.16838872,0,296.62253,0.005150493,0.04996651,3012.0156,280.59048,0.002116103,39.202705,178.6238,12.331903,4.8342977
Grid_Cell_112,2018,0.16130231,263,302.24274,0.0048705,0.05090545,3291.5757,329.47885,0.001038825,42.77731,165.36848,12.567835,4.9552546
Grid_Cell_112,2019,0.13817832,70,345.10812,0.005257362,0.05387875,3044.192,299.68814,0.001138192,41.10396,177.75084,12.984034,4.707069
Grid_Cell_112,2020,0.122597426,75,380.52225,0.004819552,0.05724229,3453.6929,383.3315,0.001212889,40.73054,207.98878,13.078028,5.185895
Grid_Cell_112,2021,0.15168996,161,493.2196,0.005275995,0.040578205,3082.6619,565.8541,0.002084418,28.806938,221.75754,13.063532,4.928023
Grid_Cell_112,2022,0.16126843,449,507.10706,0.005034633,0.054671,3289.1829,533.817,0.002085959,26.768076,244.44002,13.019892,5.2626333
Grid_Cell_112,2023,0.13455455,3063,491.4863,0.005540452,0.047450714,3093.0806,514.4893,0.002063795,31.526333,234.7754,13.653559,5.1527963
Grid_Cell_112,2024,0.14776361,13110,412.5826,0.004815058,0.062823415,3536.3623,421.87448,0.001952537,42.201225,235.12057,13.452173,5.1189427
Grid_Cell_112,2025,0.13220438,16728,485.7928,0.005296745,0.04809655,3156.6787,502.4482,0.001489879,39.443783,217.62065,13.480371,4.6941066
Grid_Cell_113,2000,0.14898878,0,373.6731,0.005069221,0.20734927,2699.8179,447.057,0.001056604,39.90367,204.17873,10.929071,4.1329136
Grid_Cell_113,2001,0.16996324,0,411.21765,0.005530088,0.17142263,2418.353,552.5874,0.000979,37.523453,234.75253,10.86767,4.180883
Grid_Cell_113,2002,0.20981348,0,484.6855,0.005055734,0.21395776,2439.0156,476.7984,0.002190969,29.835554,266.3823,10.460352,3.9724467
Grid_Cell_113,2003,0.21843863,0,426.37543,0.005428668,0.09814158,2086.8064,449.6591,0.005586558,29.230461,273.20728,9.425684,3.94802
Grid_Cell_113,2004,0.1764845,0,496.76776,0.005950105,0.20910586,2103.7542,565.8827,0.001766001,27.244154,281.11667,10.8892765,4.183035
Grid_Cell_113,2005,0.18525319,0,538.9712,0.005477284,0.1723979,2323.8118,536.8107,0.001446123,21.280643,286.79385,11.634241,4.0483856
Grid_Cell_113,2006,0.22470257,0,481.4086,0.005201434,0.18344025,2541.3987,461.14703,0.001684966,23.967094,266.79764,11.326899,4.0593634
Grid_Cell_113,2007,0.16989449,0,425.9256,0.004732451,0.15017232,2961.8965,399.82465,0.001035411,36.486004,240.35637,12.364405,4.191171
Grid_Cell_113,2008,0.17496544,0,425.96146,0.004939401,0.14521262,2477.6218,397.5141,0.001729102,29.14047,237.41432,11.1219425,3.841425
Grid_Cell_113,2009,0.19294591,0,438.3584,0.004649245,0.1731655,2632.4092,486.0259,0.001365034,28.601015,235.7374,11.231897,4.0313654
Grid_Cell_113,2010,0.20297825,0,451.4064,0.004896472,0.17406388,2724.1045,494.41214,0.001985962,24.42496,265.9928,12.409235,4.210551
Grid_Cell_113,2011,0.20348844,0,498.15527,0.00491747,0.2411566,2648.652,450.55872,0.002076527,24.647196,254.6484,10.335321,4.4291177
Grid_Cell_113,2012,0.25278154,0,419.98233,0.005169724,0.2155015,2931.6313,393.98676,0.002047063,24.897268,230.91734,11.40716,4.893176
Grid_Cell_113,2013,0.19741274,0,402.43573,0.005021253,0.08693819,2987.5835,415.6121,0.001017747,32.066757,212.51212,12.187403,4.844371
Grid_Cell_113,2014,0.17469406,0,372.79126,0.004540945,0.061343115,3250.7312,347.10986,0.001219469,33.790726,192.03218,11.365412,5.207934
Grid_Cell_113,2015,0.15347445,0,387.19858,0.00483401,0.058743067,3207.0308,379.80142,0.000778,39.22901,189.05565,12.582483,5.111746
Grid_Cell_113,2016,0.16749088,0,343.19788,0.005339632,0.05493958,2762.2876,358.32886,0.000788,37.91122,203.6583,11.926844,4.636259
Grid_Cell_113,2017,0.16442095,0,292.8533,0.00511064,0.054483056,3034.6936,267.54947,0.0009,40.47968,191.74936,12.31872,4.865599
Grid_Cell_113,2018,0.15720811,263,307.47748,0.004853699,0.05733439,3280.9587,329.82333,0.000851,43.612625,177.84985,12.4977665,4.957686
Grid_Cell_113,2019,0.13380475,70,326.81833,0.005215108,0.058166284,3067.0046,263.19708,0.00058,43.131023,184.63724,12.964045,4.740425
Grid_Cell_113,2020,0.12080778,75,392.98694,0.004783042,0.06380582,3476.836,382.49677,0.000943,39.927273,212.28127,13.149439,5.2205944
Grid_Cell_113,2021,0.14734264,161,483.15292,0.005228464,0.047714297,3127.3638,562.9673,0.001596062,29.923859,228.5652,13.111322,4.971756
Grid_Cell_113,2022,0.16235906,449,505.51727,0.005016434,0.05611729,3294.3555,534.04706,0.001577257,27.131353,246.88174,13.011957,5.2742085
Grid_Cell_113,2023,0.13189602,3063,495.90674,0.005495213,0.05318066,3108.1458,514.20526,0.001196637,31.623514,239.2623,13.663935,5.170947
Grid_Cell_113,2024,0.1458251,13110,428.36615,0.004790936,0.06511781,3529.747,422.3989,0.001446062,41.267166,230.28427,13.43252,5.134034
Grid_Cell_113,2025,0.12917042,16728,485.70026,0.005281685,0.0557447,3166.012,501.93112,0.001133685,39.769974,229.9443,13.491419,4.6975617
Grid_Cell_114,2000,0.1460144,0,386.921,0.005064725,0.19931406,2775.2363,430.00903,0.000739,41.21649,157.38477,10.947748,4.1920867
Grid_Cell_114,2001,0.16773959,0,425.3052,0.005524245,0.20460077,2464.6946,536.7492,0.000785,37.1769,192.6595,10.89776,4.2159514
Grid_Cell_114,2002,0.20860931,0,436.04984,0.005054474,0.24373326,2495.64,470.79684,0.003754086,34.16683,230.0276,10.501184,3.9944332
Grid_Cell_114,2003,0.20930922,0,396.1462,0.005456579,0.106399745,2148.4033,429.0397,0.012515672,33.404705,232.56561,9.50622,4.0100064
Grid_Cell_114,2004,0.17561546,0,436.0534,0.005939569,0.21140319,2210.3655,549.3823,0.002821315,33.190613,249.62737,10.926416,4.283479
Grid_Cell_114,2005,0.17898901,0,474.48657,0.00546887,0.17849891,2438.2222,535.10864,0.004228363,26.255705,268.922,11.685144,4.1505775
Grid_Cell_114,2006,0.21950842,0,439.3512,0.005191328,0.16615269,2636.649,452.36987,0.007002832,28.159472,236.48367,11.300043,4.160425
Grid_Cell_114,2007,0.16886581,0,413.56174,0.004742955,0.15625678,3030.6492,395.5025,0.000896,37.110065,210.2275,12.316187,4.2861714
Grid_Cell_114,2008,0.17330183,0,404.76514,0.004935681,0.15173973,2566.6895,384.49362,0.006380912,31.553827,192.65887,11.110468,3.9290276
Grid_Cell_114,2009,0.18910332,0,428.6611,0.004631543,0.15086606,2731.2441,477.86545,0.004939363,30.098686,194.82016,11.232355,4.1292763
Grid_Cell_114,2010,0.19990288,0,420.3575,0.00489703,0.16745499,2855.6997,487.68372,0.00787547,27.039955,225.68307,12.374109,4.317811
Grid_Cell_114,2011,0.20164612,0,477.37823,0.00491498,0.32960442,2733.8394,442.2762,0.007363134,27.560097,219.1332,10.409052,4.5425425
Grid_Cell_114,2012,0.24849652,0,386.946,0.005182903,0.23776469,3002.1826,379.99155,0.002646769,28.290342,186.28062,11.4274845,4.9786954
Grid_Cell_114,2013,0.19379999,0,408.56686,0.005012082,0.06517942,3074.215,403.45453,0.000947,33.11383,165.48737,12.2055,4.9502954
Grid_Cell_114,2014,0.17365728,0,349.1695,0.004535356,0.06437267,3330.9043,342.19476,0.002557168,36.868996,140.26518,11.38241,5.292386
Grid_Cell_114,2015,0.15013088,0,358.3388,0.004809037,0.05916693,3263.2627,351.06802,0.000633,42.303272,132.60104,12.594172,5.0785265
Grid_Cell_114,2016,0.16605249,0,347.43823,0.005290534,0.0525407,2845.872,367.21667,0.000696,38.11846,148.76076,12.056604,4.6959586
Grid_Cell_114,2017,0.16354948,0,273.06882,0.005044178,0.05291028,3153.2888,252.14436,0.00178399,42.851414,135.04375,12.404383,4.9467635
Grid_Cell_114,2018,0.15602365,263,297.41946,0.004810596,0.0662493,3359.937,329.6268,0.000686,45.538857,126.11606,12.5376835,4.984227
Grid_Cell_114,2019,0.13086027,70,299.54617,0.005170471,0.057944372,3155.8792,239.56775,0.000417,45.557583,131.32013,13.038538,4.7893634
Grid_Cell_114,2020,0.11716185,75,341.88635,0.004760262,0.083545506,3560.2952,339.8887,0.000622,44.73873,156.1402,13.269251,5.2545085
Grid_Cell_114,2021,0.14103071,161,454.31802,0.005187416,0.0522989,3218.9734,530.0543,0.001174127,32.792126,174.03307,13.20846,5.0166874
Grid_Cell_114,2022,0.15724291,449,480.82742,0.005002862,0.07347349,3341.9097,509.3226,0.001282784,29.763126,200.60345,13.082422,5.285784
Grid_Cell_114,2023,0.13134229,3063,465.8525,0.0054666,0.05024515,3176.4617,484.66403,0.001735702,34.493095,190.02362,13.741053,5.182762
Grid_Cell_114,2024,0.13771021,13110,385.5974,0.004776163,0.063790545,3601.6155,407.83282,0.001535997,45.73157,190.10252,13.489313,5.1505594
Grid_Cell_114,2025,0.124383114,16728,446.23166,0.005257041,0.05031091,3225.9746,429.6356,0.000633,42.59597,173.59325,13.583429,4.716337
Grid_Cell_115,2000,0.14729713,0,374.0405,0.00505439,0.16087899,2808.5671,415.27213,0.000656,42.096085,152.07713,10.941828,4.262534
Grid_Cell_115,2001,0.1677828,0,416.94815,0.005512108,0.14097762,2494.895,520.9639,0.000725,38.167492,186.2893,10.903009,4.2668757
Grid_Cell_115,2002,0.20900208,0,429.9489,0.005047498,0.23778246,2518.7524,464.61493,0.003438462,35.031826,226.31503,10.5177555,4.030426
Grid_Cell_115,2003,0.20081562,0,391.337,0.005481058,0.11380326,2167.815,412.19388,0.010419695,34.91951,227.59164,9.561548,4.0856915
Grid_Cell_115,2004,0.17753814,0,425.1052,0.005926352,0.22389804,2251.5007,534.421,0.002718408,34.215485,244.7399,10.933741,4.3962865
Grid_Cell_115,2005,0.17611955,0,478.94803,0.005448996,0.19628751,2489.9985,532.2748,0.004465747,26.54494,267.31592,11.700647,4.2468104
Grid_Cell_115,2006,0.21992014,0,434.2698,0.00516654,0.15054457,2670.4517,445.08313,0.006735014,28.800156,233.91939,11.240076,4.2345347
Grid_Cell_115,2007,0.17167324,0,410.46756,0.004742475,0.16830002,3053.99,391.78296,0.000868,37.63966,210.6079,12.243097,4.3505206
Grid_Cell_115,2008,0.17876646,0,396.94037,0.004918349,0.15403718,2605.6519,373.26324,0.006534215,32.302616,189.6881,11.066919,3.9971628
Grid_Cell_115,2009,0.1894311,0,425.12518,0.004605488,0.14780165,2774.743,470.7558,0.004470671,30.718046,190.61758,11.200586,4.2023926
Grid_Cell_115,2010,0.20262791,0,416.7028,0.004904773,0.18196276,2905.0195,479.84186,0.007673243,27.359713,218.81693,12.340784,4.4225373
Grid_Cell_115,2011,0.20354691,0,476.14163,0.004933912,0.17145891,2756.0786,440.4791,0.006735339,28.134432,214.57037,10.420069,4.642748
Grid_Cell_115,2012,0.24690314,0,382.70352,0.005204478,0.19621587,3002.6187,376.6527,0.002610413,29.170519,184.29457,11.403345,5.032452
Grid_Cell_115,2013,0.19367531,0,408.2191,0.005016458,0.06379474,3101.5854,400.6249,0.000887,33.966026,162.8172,12.188318,5.032693
Grid_Cell_115,2014,0.17677034,0,348.66623,0.004538407,0.06196489,3338.0505,341.4085,0.00213875,37.295326,135.82542,11.364038,5.3442698
Grid_Cell_115,2015,0.15128161,0,356.01898,0.004795852,0.06050894,3264.2761,348.2395,0.000599,42.77465,130.19243,12.544458,5.06565
Grid_Cell_115,2016,0.16847794,0,351.84552,0.005260148,0.05339928,2874.1228,377.30862,0.000853,37.979694,149.40262,12.077295,4.7302485
Grid_Cell_115,2017,0.16801023,0,266.011,0.005000715,0.054656792,3195.5347,240.23952,0.001830675,43.488106,132.39272,12.386347,4.991695
Grid_Cell_115,2018,0.15702753,263,288.99435,0.00478123,0.06832663,3371.0437,324.11554,0.000791,46.346745,124.93871,12.506769,5.004227
Grid_Cell_115,2019,0.13167,70,297.01248,0.005138691,0.060127214,3180.3093,236.12796,0.000428,46.098015,130.02383,13.007868,4.81022
Grid_Cell_115,2020,0.1182281,75,337.91205,0.00472556,0.06532133,3580.81,337.7034,0.000609,45.278355,152.42075,13.245478,5.260007
Grid_Cell_115,2021,0.14265318,161,452.9518,0.00515704,0.0572883,3254.9316,528.3803,0.001081627,32.77935,170.46736,13.221491,5.0476804
Grid_Cell_115,2022,0.15993427,449,480.26907,0.004994331,0.058650184,3343.8418,508.4165,0.001259164,30.101986,199.06952,13.064508,5.2912974
Grid_Cell_115,2023,0.13349606,3063,461.7388,0.00544172,0.051814575,3197.3281,481.5385,0.001688945,35.05325,187.57759,13.732782,5.1952963
Grid_Cell_115,2024,0.13882321,13110,384.84207,0.004758122,0.06843149,3615.5132,408.77158,0.001509286,45.91464,189.70264,13.46966,5.1612473
Grid_Cell_115,2025,0.12504478,16728,443.35553,0.005226167,0.057601433,3249.9614,428.8121,0.000627,42.875,171.46272,13.57818,4.7511263
Grid_Cell_116,2000,0.14690939,0,364.12393,0.005050625,0.14506352,2833.2651,403.74054,0.000588,42.789978,144.54547,10.95492,4.2909594
Grid_Cell_116,2001,0.16782701,0,408.71857,0.005508732,0.11214502,2511.9666,505.68948,0.000663,38.409004,177.21709,10.919397,4.3067045
Grid_Cell_116,2002,0.20888092,0,424.5003,0.005052156,0.24079339,2519.1267,455.7157,0.002996353,34.65287,218.8565,10.540003,4.0551867
Grid_Cell_116,2003,0.19439805,0,387.01483,0.00548175,0.095163316,2178.005,401.71573,0.008649939,34.574135,217.88043,9.592493,4.1359653
Grid_Cell_116,2004,0.18068479,0,416.14417,0.005894644,0.20864324,2281.2852,521.6655,0.002754942,33.76445,236.48148,10.914881,4.488329
Grid_Cell_116,2005,0.17442343,0,484.33505,0.005420558,0.18272208,2528.6904,526.0712,0.005229832,26.538801,263.23782,11.688898,4.3125634
Grid_Cell_116,2006,0.22026089,0,432.45758,0.005137551,0.18560034,2690.5454,440.67026,0.006694914,28.80573,228.01569,11.190943,4.2794323
Grid_Cell_116,2007,0.17332849,0,411.6793,0.00473914,0.17274119,3060.0173,389.1413,0.000818,37.422306,206.75188,12.187555,4.3798356
Grid_Cell_116,2008,0.18716949,0,391.16202,0.00489672,0.1531359,2627.2764,364.92688,0.006164269,32.015644,181.80568,11.031366,4.0442595
Grid_Cell_116,2009,0.19002058,0,421.9716,0.0045798,0.15184483,2803.7583,465.5502,0.003602548,30.822481,181.17531,11.17544,4.2433515
Grid_Cell_116,2010,0.20656414,0,416.24484,0.004915208,0.16565344,2925.124,473.0735,0.007365178,26.847473,208.96512,12.334009,4.482982
Grid_Cell_116,2011,0.20513372,0,479.0371,0.004965871,0.14269796,2753.3018,440.68753,0.005802562,27.590128,205.14899,10.41894,4.702063
Grid_Cell_116,2012,0.24712715,0,383.55978,0.005235601,0.21231058,2984.6782,376.7421,0.00168972,28.69,177.20717,11.394831,5.0517488
Grid_Cell_116,2013,0.19383602,0,405.9306,0.005040304,0.061472278,3095.2424,400.7286,0.000856,33.346382,157.23672,12.196009,5.077419
Grid_Cell_116,2014,0.17924222,0,348.36597,0.00455553,0.07117735,3323.1284,341.86212,0.001800959,36.44432,130.72212,11.358698,5.3681054
Grid_Cell_116,2015,0.1543642,0,354.37198,0.004795431,0.076724105,3253.0007,345.09888,0.00058,42.416428,126.579285,12.459986,5.0646224
Grid_Cell_116,2016,0.17083466,0,350.11792,0.005245356,0.054877296,2884.2249,376.4136,0.000922,37.4133,144.66263,12.055292,4.7588687
Grid_Cell_116,2017,0.17146935,0,262.98917,0.004983034,0.05717395,3199.997,234.40645,0.001636795,42.282757,127.70504,12.355402,5.0202565
Grid_Cell_116,2018,0.15797801,263,283.0133,0.004765339,0.07848262,3359.3684,323.62094,0.000975,45.6701,120.880066,12.468012,5.021967
Grid_Cell_116,2019,0.1333006,70,302.7192,0.005118204,0.061065394,3171.5337,241.0711,0.000427,44.794678,128.29842,12.949823,4.815391
Grid_Cell_116,2020,0.11978698,75,335.8538,0.004700197,0.07058583,3580.4475,336.88052,0.000619,44.365517,146.24982,13.209589,5.26151
Grid_Cell_116,2021,0.14438777,161,453.9152,0.005130406,0.08428497,3277.8877,527.1599,0.000968,31.521719,164.17035,13.229609,5.08429
Grid_Cell_116,2022,0.1616725,449,481.06503,0.004989927,0.065684274,3329.5947,508.6206,0.001361322,29.035227,195.12401,13.034479,5.2909894
Grid_Cell_116,2023,0.1346276,3063,462.57364,0.005421354,0.062189974,3204.4077,482.68442,0.001568517,33.827312,183.27792,13.730707,5.219783
Grid_Cell_116,2024,0.14465648,13110,386.89035,0.004745306,0.069408335,3605.3838,409.30737,0.001529798,44.43688,187.21152,13.432581,5.170244
Grid_Cell_116,2025,0.12646009,16728,444.32767,0.005197296,0.05607552,3267.7148,428.9387,0.000624,42.23903,167.53622,13.566156,4.7883058
Grid_Cell_117,2000,0.2073127,0,510.9759,0.005278579,0.26853377,2210.0234,592.52454,0.002842289,25.6711,216.6168,9.886408,4.0119023
Grid_Cell_117,2001,0.20340087,0,503.98428,0.005744499,0.26566035,1940.7659,678.63416,0.003243034,26.344023,249.51384,9.813868,4.066225
Grid_Cell_117,2002,0.22996195,0,560.41833,0.005227053,0.23133424,2170.9177,577.1671,0.005816733,23.32453,267.20795,9.7356205,3.9942276
Grid_Cell_117,2003,0.2479751,0,487.89114,0.005574503,0.18309519,1830.5555,578.7666,0.019020962,24.487232,276.94928,8.545679,3.8519585
Grid_Cell_117,2004,0.20675133,0,574.60614,0.006389631,0.21327999,1587.3019,706.6175,0.005812012,19.112043,326.7569,9.914759,3.9324887
Grid_Cell_117,2005,0.24066305,0,558.1984,0.005690216,0.2475277,1923.6001,650.8501,0.010460675,15.380069,312.6784,10.5203495,3.9868786
Grid_Cell_117,2006,0.26826337,0,531.689,0.005445828,0.24029373,2157.091,514.77655,0.008238209,17.515358,274.5282,10.343805,3.9491239
Grid_Cell_117,2007,0.19540931,0,490.38968,0.004822506,0.18761274,2735.5337,450.23148,0.001394473,30.722849,223.3649,11.693384,4.181617
Grid_Cell_117,2008,0.20707974,0,471.2428,0.00520577,0.23008753,2109.3733,474.46387,0.005854437,23.995483,212.63432,10.092737,3.812839
Grid_Cell_117,2009,0.2439294,0,503.96518,0.004905725,0.17968324,2244.5261,567.74304,0.005521935,19.328043,221.43512,10.396021,4.017016
Grid_Cell_117,2010,0.23961633,0,528.5552,0.005152126,0.24109522,2257.337,585.14185,0.006052257,14.163751,262.12506,11.359919,4.218222
Grid_Cell_117,2011,0.27504998,0,565.48785,0.00522345,0.25972638,2148.9536,543.8858,0.007371442,15.218429,251.0583,9.175287,4.178433
Grid_Cell_117,2012,0.2760666,0,463.60284,0.005474741,0.22708915,2423.6443,456.3608,0.018927377,19.263279,216.54999,10.320185,4.640205
Grid_Cell_117,2013,0.23453563,0,468.6084,0.005301523,0.045360003,2400.109,495.4176,0.002247887,22.702963,199.2119,11.077448,4.5368023
Grid_Cell_117,2014,0.2301075,0,420.537,0.004808657,0.059792366,2748.4075,424.17865,0.004805863,24.160788,180.0506,10.351282,4.999989
Grid_Cell_117,2015,0.18287592,0,473.469,0.005052862,0.058310285,2936.691,479.6507,0.002016058,27.446383,187.16634,11.728449,5.376369
Grid_Cell_117,2016,0.19972876,0,497.90524,0.005612631,0.04875905,2331.7446,538.7324,0.005328859,23.240875,217.16518,10.822931,4.60436
Grid_Cell_117,2017,0.19527127,0,386.43533,0.005382099,0.04915488,2567.4626,340.37604,0.006235151,29.013145,196.0868,11.344294,4.820736
Grid_Cell_117,2018,0.19963749,263,353.7544,0.005055329,0.05833231,2981.8948,370.2132,0.00116761,35.611305,162.75374,11.565393,5.026248
Grid_Cell_117,2019,0.16354465,70,458.3796,0.005543043,0.053198542,2607.3965,445.36716,0.002120815,30.128399,178.16354,11.929621,4.668199
Grid_Cell_117,2020,0.16246212,75,485.932,0.005103886,0.10032976,2914.2397,468.78998,0.001814822,28.240107,207.5007,11.886438,5.113149
Grid_Cell_117,2021,0.18563147,161,609.49786,0.005496738,0.057142857,2531.2166,730.5768,0.002821164,15.675632,235.02626,11.748621,4.7693243
Grid_Cell_117,2022,0.19707856,449,636.68225,0.005156667,0.0534722,2820.3582,669.2177,0.004069822,12.36786,257.6677,11.869715,5.180818
Grid_Cell_117,2023,0.16198006,3063,597.6957,0.005778484,0.061171506,2566.5627,653.50256,0.004586486,19.544474,246.96577,12.409235,5.0512896
Grid_Cell_117,2024,0.17351311,13110,529.6233,0.004948202,0.06714568,3163.8997,520.20374,0.002977951,29.366266,238.83578,12.616816,5.080399
Grid_Cell_117,2025,0.1517704,16728,558.95337,0.005338227,0.06393417,2852.4734,573.5086,0.002203393,33.09915,201.12285,12.495142,4.603822
Grid_Cell_118,2000,0.18842924,0,456.93265,0.005179976,0.1868891,2282.3218,559.02435,0.001747776,32.14968,198.87427,9.752558,4.002268
Grid_Cell_118,2001,0.18778571,0,475.5727,0.005597618,0.26231712,2107.8074,643.8873,0.001638247,33.810932,231.60075,9.865198,4.070917
Grid_Cell_118,2002,0.22619513,0,545.9139,0.005104231,0.25613317,2250.862,566.70624,0.00438802,26.487074,252.4031,9.651789,3.9660769
Grid_Cell_118,2003,0.2516648,0,465.5276,0.005453962,0.19118169,1872.5042,551.3886,0.016152482,25.689516,265.0693,8.407923,3.8043215
Grid_Cell_118,2004,0.20084894,0,533.65027,0.006165891,0.20536652,1745.0402,667.7188,0.002884839,26.608286,276.11667,9.826471,3.91671
Grid_Cell_118,2005,0.2312785,0,530.7783,0.005547753,0.26398152,2014.2711,630.90576,0.005548743,20.381405,276.71347,10.425013,3.8876321
Grid_Cell_118,2006,0.26345447,0,497.13553,0.005287475,0.25781968,2246.0159,515.6352,0.004688993,22.012606,247.53355,10.269617,3.8554938
Grid_Cell_118,2007,0.18679067,0,463.28925,0.004721968,0.20284614,2762.7063,437.56308,0.000873,34.641766,201.37616,11.603785,4.0380206
Grid_Cell_118,2008,0.20336394,0,455.0332,0.005048126,0.28874764,2188.7585,455.42593,0.003582729,27.315374,210.87628,10.081598,3.690537
Grid_Cell_118,2009,0.23787136,0,464.25574,0.004754684,0.17914255,2310.2795,528.0606,0.005136178,24.567186,212.35735,10.283136,3.8620846
Grid_Cell_118,2010,0.23907219,0,490.59314,0.004997082,0.23545061,2364.6733,544.3297,0.005260134,18.79794,248.36517,11.364893,4.1096263
Grid_Cell_118,2011,0.23933975,0,515.04755,0.005060977,0.27686483,2320.4585,480.96722,0.005674442,22.713621,228.45772,9.257166,4.228981
Grid_Cell_118,2012,0.26604247,0,427.57016,0.005311746,0.23053738,2580.3792,423.86194,0.008914481,24.672033,194.00539,10.421503,4.6599793
Grid_Cell_118,2013,0.22209749,0,429.1171,0.005182818,0.0447904,2556.2878,446.7863,0.001364688,28.546972,177.68452,11.183374,4.6005697
Grid_Cell_118,2014,0.20506349,0,386.62497,0.004671359,0.05141851,2884.923,363.11542,0.002054072,31.702675,155.62622,10.382349,4.9726257
Grid_Cell_118,2015,0.16614547,0,415.74512,0.004972883,0.0445366,3022.7393,430.2234,0.000839,35.598873,159.52773,11.720728,5.3619514
Grid_Cell_118,2016,0.19488743,0,455.98215,0.005531074,0.040034372,2451.6597,496.2676,0.001470417,28.872005,200.93825,10.866907,4.696642
Grid_Cell_118,2017,0.18312609,0,376.43777,0.00530778,0.051520195,2665.5342,324.44928,0.003984894,32.953697,185.42572,11.332117,4.9003253
Grid_Cell_118,2018,0.19920458,263,405.66138,0.005009435,0.062487025,3004.0132,445.9709,0.001193452,34.847523,160.62778,11.462183,5.000768
Grid_Cell_118,2019,0.15395051,70,455.6094,0.005440423,0.044850122,2740.9253,422.07156,0.001187257,33.14704,178.00633,11.873499,4.833062
Grid_Cell_118,2020,0.14333849,75,423.4168,0.004998203,0.08620291,3063.311,413.95737,0.000885,37.012207,178.63237,11.822992,5.3035865
Grid_Cell_118,2021,0.16736582,161,525.56665,0.005380865,0.066611364,2716.6328,630.30963,0.001136976,25.385927,199.67496,11.772272,5.0200095
Grid_Cell_118,2022,0.17870596,449,556.1391,0.005077544,0.07100214,2995.8582,585.8039,0.00165523,22.270475,223.6693,11.845484,5.416674
Grid_Cell_118,2023,0.14398739,3063,528.3953,0.005671422,0.07536101,2756.5981,551.8519,0.002040726,28.940483,214.78607,12.390772,5.278002
Grid_Cell_118,2024,0.16514756,13110,457.28165,0.004883623,0.075055756,3286.5547,454.35455,0.001252104,38.28708,195.6045,12.404474,5.2469683
Grid_Cell_118,2025,0.1371561,16728,508.3445,0.005288813,0.072396405,2967.2776,521.8782,0.001172344,39.727917,186.06259,12.412806,4.8051023
Grid_Cell_119,2000,0.17338985,0,470.4575,0.005262197,0.2787612,2353.6562,542.9504,0.002277339,32.125504,225.77954,10.304041,3.9982705
Grid_Cell_119,2001,0.18437617,0,478.55566,0.005672533,0.20589143,2185.346,629.2966,0.002156545,32.92172,253.3328,10.453394,4.0751977
Grid_Cell_119,2002,0.22031496,0,511.97815,0.005174467,0.22069362,2315.4343,555.08545,0.006447103,28.315567,282.00198,10.174524,3.9514537
Grid_Cell_119,2003,0.23574448,0,459.45367,0.005531363,0.1771075,1921.0925,538.34326,0.019168422,26.742691,295.76248,8.897272,3.779938
Grid_Cell_119,2004,0.19189085,0,541.45667,0.006206055,0.18061641,1811.55,651.3724,0.004912684,25.588829,324.3544,10.348902,3.9065323
Grid_Cell_119,2005,0.2185156,0,539.1181,0.005604787,0.22834823,2072.5415,617.20166,0.008061055,20.359476,329.4703,10.946344,3.8317418
Grid_Cell_119,2006,0.2567193,0,494.43335,0.005325475,0.2047473,2303.4858,511.39728,0.010720644,22.105625,298.42908,10.785578,3.7943978
Grid_Cell_119,2007,0.18438274,0,479.931,0.004769407,0.18582892,2797.9253,433.28735,0.001462428,33.063248,248.91354,12.103479,3.9588768
Grid_Cell_119,2008,0.1896436,0,445.60037,0.005073038,0.18672901,2259.7905,446.4886,0.006362903,28.23088,232.26039,10.630732,3.6270807
Grid_Cell_119,2009,0.22305863,0,460.43146,0.004780721,0.15349315,2379.8767,516.55426,0.006020671,25.692276,238.65656,10.788965,3.785338
Grid_Cell_119,2010,0.22570404,0,480.97354,0.00501752,0.2126543,2461.0078,538.677,0.008524935,20.649826,280.5362,11.8875065,4.032948
Grid_Cell_119,2011,0.22619896,0,527.4589,0.005059364,0.24412751,2411.0747,480.8959,0.008308757,22.500004,259.68118,9.79336,4.1845975
Grid_Cell_119,2012,0.2638422,0,419.8628,0.005315171,0.17859043,2669.465,423.807,0.015303866,25.237535,224.4116,10.932825,4.6032853
Grid_Cell_119,2013,0.21420805,0,434.2147,0.005199085,0.06020975,2643.387,446.63507,0.002089445,27.861319,209.63472,11.715937,4.5500903
Grid_Cell_119,2014,0.19789968,0,371.9143,0.004672315,0.0722213,2975.0415,363.36383,0.003533116,32.19293,179.91263,10.899256,4.9018383
Grid_Cell_119,2015,0.1631036,0,409.90775,0.004918941,0.05213732,3091.2964,416.43073,0.001442339,35.62085,182.40775,12.17547,5.170239
Grid_Cell_119,2016,0.18639638,0,402.9806,0.005470336,0.045688003,2566.6467,428.3737,0.001475745,32.569973,205.47948,11.342066,4.5559998
Grid_Cell_119,2017,0.17565428,0,333.4527,0.005251938,0.053703625,2760.4683,284.88025,0.003159774,35.717445,189.7923,11.788263,4.744435
Grid_Cell_119,2018,0.1915917,263,353.52438,0.00494549,0.06086737,3088.688,396.6397,0.001476603,38.50064,171.10997,11.944422,4.8112135
Grid_Cell_119,2019,0.14981459,70,381.80435,0.005386502,0.05863654,2828.576,353.61145,0.001381753,37.936207,180.20256,12.349909,4.6177197
Grid_Cell_119,2020,0.14354855,75,416.6002,0.004957776,0.061587036,3104.8118,411.39078,0.001254477,36.618893,210.68878,12.286249,5.0027666
Grid_Cell_119,2021,0.16936791,161,537.29443,0.005357307,0.051175773,2727.6162,629.3257,0.001754051,23.97818,228.55347,12.222467,4.7543244
Grid_Cell_119,2022,0.17513311,449,556.3011,0.005064886,0.057551645,3015.4404,586.9908,0.002529058,21.570736,253.182,12.311243,5.1605783
Grid_Cell_119,2023,0.14491606,3063,525.9901,0.005645244,0.0499002,2791.3938,552.3898,0.00338412,28.257236,243.31557,12.841486,4.991872
Grid_Cell_119,2024,0.168909,13110,456.2707,0.004878462,0.065934926,3275.5198,453.58414,0.002067522,37.44862,243.0289,12.786005,4.95185
Grid_Cell_119,2025,0.13995223,16728,506.4253,0.005295841,0.05414656,2959.3809,521.0931,0.001841909,38.441147,210.76617,12.846308,4.568534
Grid_Cell_12,2000,0.14729849,0,443.1848,0.006041623,0.1042976,2459.964,478.6749,0.001307052,34.81183,222.89601,11.998804,3.9724422
Grid_Cell_12,2001,0.15233304,0,432.86194,0.006579738,0.13894588,2251.779,540.1944,0.001847045,39.24736,237.72966,12.179071,3.9639993
Grid_Cell_12,2002,0.18782543,0,553.3843,0.006246378,0.15119405,2121.5293,587.0815,0.002996038,28.96102,291.5139,11.347101,3.629296
Grid_Cell_12,2003,0.21307012,0,498.83694,0.005582692,0.10991656,2238.5603,542.8101,0.01081112,26.723856,281.6317,10.657648,3.6546297
Grid_Cell_12,2004,0.14797574,0,576.86035,0.006475248,0.1842435,2093.107,652.3515,0.003384908,25.49393,305.19055,12.025934,3.7809517
Grid_Cell_12,2005,0.1558366,0,582.88403,0.006092568,0.21268423,2232.8716,626.68835,0.003275747,20.014524,313.75537,12.842981,3.794824
Grid_Cell_12,2006,0.19026904,0,532.2971,0.005920236,0.16679229,2473.6223,516.76483,0.006960764,24.047619,292.41476,12.719202,3.877206
Grid_Cell_12,2007,0.14951225,0,512.7608,0.005508003,0.18571213,2816.0388,497.5646,0.002072986,29.560287,261.3628,13.424585,3.9583974
Grid_Cell_12,2008,0.16421081,0,552.6257,0.005841488,0.13236085,2231.373,541.787,0.004252664,21.62753,272.11368,12.231989,3.5673814
Grid_Cell_12,2009,0.17505215,0,537.5618,0.005790749,0.14835246,2211.499,607.6339,0.002551161,21.369255,280.79706,12.409021,3.6777353
Grid_Cell_12,2010,0.18729617,0,575.37854,0.005887304,0.14490601,2448.211,607.6123,0.003620551,18.196041,302.54376,13.463343,3.7885647
Grid_Cell_12,2011,0.16766979,0,566.4696,0.00574321,0.18688884,2516.8953,535.4769,0.003301545,24.220274,283.13565,11.524164,4.1452136
Grid_Cell_12,2012,0.20186776,0,502.75684,0.005982589,0.12029642,2811.982,484.42654,0.009595021,27.852505,239.85852,12.808954,4.5464206
Grid_Cell_12,2013,0.17787935,0,451.4634,0.00571303,0.03577631,2696.1802,435.51758,0.001363596,28.877995,220.89407,13.1843815,4.2944055
Grid_Cell_12,2014,0.14534213,0,412.721,0.00551254,0.03825228,3094.363,400.5115,0.001137257,33.251377,195.92624,12.98263,4.8703313
Grid_Cell_12,2015,0.1388401,0,428.8034,0.005525,0.040573392,3157.11,413.63135,0.000873,34.791336,187.46635,13.680811,4.9425335
Grid_Cell_12,2016,0.15604688,0,384.3724,0.005957071,0.044250365,2695.9204,403.3011,0.001756588,35.227684,197.68474,12.8623905,4.396539
Grid_Cell_12,2017,0.13802092,0,293.03583,0.005787188,0.047254656,2961.8992,254.60136,0.00074,41.52533,169.9704,13.487238,4.5539556
Grid_Cell_12,2018,0.13539708,263,301.90036,0.005666161,0.04815752,3237.164,360.8874,0.001458123,44.964134,168.4914,14.055323,4.7887135
Grid_Cell_12,2019,0.124611914,70,305.22156,0.005807235,0.038088836,3049.9548,227.60783,0.000731,45.85823,181.85623,14.23617,4.4838843
Grid_Cell_12,2020,0.12319942,75,418.90613,0.005544644,0.053335853,3411.9436,427.75006,0.001612623,41.314663,187.4374,14.264429,5.1192627
Grid_Cell_12,2021,0.13859667,161,501.5788,0.005929094,0.051234346,3031.4036,545.9173,0.001671658,31.836433,208.40602,13.934992,4.7671328
Grid_Cell_12,2022,0.136648,449,520.4191,0.005653427,0.047572784,3335.3794,523.0764,0.001463973,29.111658,218.94867,14.149195,5.188421
Grid_Cell_12,2023,0.13740204,3063,538.38965,0.00605997,0.047343276,3074.5015,584.27136,0.001735829,29.924154,220.9388,14.590967,5.0005703
Grid_Cell_12,2024,0.13520846,13110,464.29654,0.005520676,0.05368559,3452.3093,465.06833,0.001854685,39.406178,216.40768,14.488703,5.0870113
Grid_Cell_12,2025,0.14189611,16728,521.0474,0.005885818,0.045075264,3101.1604,517.8247,0.00124173,38.969967,208.9056,14.103815,4.6925263
Grid_Cell_120,2000,0.1657793,0,457.83017,0.005264288,0.27582717,2406.1665,527.4399,0.002039006,33.35904,221.3076,10.531672,4.0074267
Grid_Cell_120,2001,0.1812286,0,473.0358,0.005661259,0.22335061,2236.5522,615.6648,0.001806202,32.2588,249.83922,10.717646,4.0932117
Grid_Cell_120,2002,0.2142447,0,493.35464,0.005166153,0.25505185,2338.441,539.3293,0.005920644,28.360786,279.3892,10.376062,3.94594
Grid_Cell_120,2003,0.23606993,0,449.5004,0.005524308,0.12766372,1940.3328,524.5333,0.018472757,26.542728,293.8811,9.080439,3.7534652
Grid_Cell_120,2004,0.18871294,0,529.4476,0.006149764,0.18135738,1858.7461,635.6012,0.00464819,24.776886,322.11057,10.571894,3.8970718
Grid_Cell_120,2005,0.2140793,0,535.96014,0.005583568,0.23494166,2107.663,599.0036,0.006983949,20.236189,329.57504,11.187189,3.7854745
Grid_Cell_120,2006,0.25203684,0,490.96332,0.005294729,0.28500798,2331.1577,502.551,0.010185332,21.621845,297.92865,11.024775,3.7502198
Grid_Cell_120,2007,0.18136284,0,475.03104,0.004751428,0.17563727,2815.7102,429.6564,0.001500264,33.011314,250.72598,12.312372,3.904596
Grid_Cell_120,2008,0.18256304,0,442.06876,0.005025818,0.25806835,2306.397,436.46664,0.005872893,28.41693,230.70064,10.8979435,3.5871217
Grid_Cell_120,2009,0.21570486,0,455.10922,0.004740201,0.17345351,2428.7517,509.57748,0.00509175,26.530293,237.17706,11.017664,3.737564
Grid_Cell_120,2010,0.22196545,0,473.64578,0.00497814,0.20343177,2510.3909,530.39124,0.008412696,21.477674,278.17722,12.1210575,3.9760988
Grid_Cell_120,2011,0.22056016,0,528.78516,0.004999994,0.13167259,2477.1572,480.90887,0.007599459,22.531624,258.68646,10.037897,4.1596656
Grid_Cell_120,2012,0.26386294,0,418.18152,0.00525941,0.20312622,2726.929,423.86194,0.015069908,24.99955,225.28506,11.148462,4.5752115
Grid_Cell_120,2013,0.21157143,0,434.99554,0.005152835,0.06755136,2704.9453,446.6329,0.002075962,27.697004,211.37177,11.949701,4.521768
Grid_Cell_120,2014,0.19531143,0,372.43378,0.004619513,0.064459376,3029.6294,363.43835,0.003405089,31.688826,180.87726,11.124598,4.864852
Grid_Cell_120,2015,0.16087478,0,409.18198,0.004883571,0.057460766,3146.4583,412.1971,0.00140349,35.228638,182.50696,12.55575,5.050958
Grid_Cell_120,2016,0.17994753,0,350.66937,0.005432149,0.17174986,2654.292,366.90973,0.001099843,35.79839,191.28015,11.740961,4.464538
Grid_Cell_120,2017,0.17104483,0,307.39227,0.005222924,0.052141115,2831.9517,263.4239,0.002163092,37.17393,178.54057,12.175653,4.6553936
Grid_Cell_120,2018,0.17999561,263,311.82773,0.004904963,0.065044686,3173.9062,346.33548,0.001082873,41.824306,158.35252,12.363031,4.737412
Grid_Cell_120,2019,0.14490195,70,351.28464,0.005368132,0.06321113,2905.602,325.73447,0.00111462,39.820713,167.81866,12.776758,4.5296035
Grid_Cell_120,2020,0.13556239,75,418.29974,0.00493865,0.064323865,3199.5435,408.72293,0.001323292,35.96529,214.96179,12.74383,4.9254103
Grid_Cell_120,2021,0.16532658,161,542.3456,0.005340026,0.050326772,2834.1448,630.4619,0.001775288,23.098167,231.44116,12.683374,4.715934
Grid_Cell_120,2022,0.1683691,449,558.5086,0.005061595,0.061319966,3099.3762,588.3505,0.002593106,20.911167,254.50511,12.77038,5.101126
Grid_Cell_120,2023,0.14238349,3063,533.23914,0.005624843,0.054151926,2883.9204,557.7174,0.00317139,26.887926,245.70963,13.354242,4.942625
Grid_Cell_120,2024,0.1652142,13110,455.19162,0.004882924,0.06876388,3340.2134,454.47488,0.002044617,36.826096,245.02425,13.207575,4.906392
Grid_Cell_120,2025,0.13756369,16728,506.5807,0.005309011,0.05917089,3018.6262,519.5554,0.001820902,36.838314,214.44635,13.270899,4.524914
Grid_Cell_121,2000,0.16964363,0,442.42847,0.005218125,0.2484449,2403.6707,512.14594,0.00191506,31.163858,220.54626,10.555017,4.0241675
Grid_Cell_121,2001,0.18425667,0,462.72287,0.00561142,0.2186457,2243.7715,602.48016,0.001861579,30.824146,250.83055,10.734613,4.113828
Grid_Cell_121,2002,0.21846527,0,475.92557,0.005119827,0.27126938,2334.2737,521.6886,0.005708315,28.194643,280.91998,10.358118,3.9467618
Grid_Cell_121,2003,0.24610506,0,435.02838,0.005477078,0.11859409,1922.7526,509.68442,0.018797811,25.08103,296.24927,9.0732975,3.7471297
Grid_Cell_121,2004,0.19253907,0,515.3824,0.006051495,0.19178626,1891.0872,620.096,0.005050065,24.390642,322.3162,10.59289,3.9125774
Grid_Cell_121,2005,0.21443532,0,527.7932,0.00552589,0.25100252,2098.007,577.62616,0.006796493,18.707315,331.85196,11.236109,3.7754405
Grid_Cell_121,2006,0.25117868,0,485.1832,0.005235598,0.28329638,2334.632,491.6106,0.009399963,21.137423,299.6581,11.044519,3.7405622
Grid_Cell_121,2007,0.18295935,0,467.75507,0.004706979,0.18650621,2814.0947,425.91312,0.001631736,33.03398,255.99844,12.286402,3.8939455
Grid_Cell_121,2008,0.18933332,0,433.88745,0.004951757,0.18056494,2314.0276,425.17163,0.006323098,27.56756,235.53337,10.919153,3.5838773
Grid_Cell_121,2009,0.217605,0,446.27374,0.004671746,0.18539593,2444.4949,503.18063,0.006028014,26.469398,240.59607,11.021265,3.7349956
Grid_Cell_121,2010,0.22398712,0,463.24863,0.004918808,0.19728251,2527.9194,525.47614,0.009453555,21.374939,281.0949,12.175226,3.9585645
Grid_Cell_121,2011,0.22023632,0,510.9457,0.004927131,0.13867001,2528.8313,458.0215,0.008582671,22.827627,260.48608,10.166285,4.181481
Grid_Cell_121,2012,0.26755905,0,406.95758,0.005190854,0.22299306,2775.5127,401.41516,0.007648248,24.32653,227.3716,11.242212,4.611926
Grid_Cell_121,2013,0.21398424,0,414.5814,0.005087163,0.071528085,2768.61,423.252,0.001809846,28.611628,209.93567,12.060785,4.5514603
Grid_Cell_121,2014,0.19296435,0,362.28287,0.004551766,0.07908243,3087.6206,352.3651,0.003617134,31.920414,180.50287,11.233606,4.900297
Grid_Cell_121,2015,0.16391295,0,390.0692,0.004853623,0.06578177,3175.5269,399.76523,0.001343736,35.898537,178.10916,12.564478,5.0791087
Grid_Cell_121,2016,0.18859018,0,378.29138,0.005406767,0.045873467,2657.6294,409.5792,0.00144389,32.654274,204.13284,11.750574,4.5064435
Grid_Cell_121,2017,0.18088546,0,340.8237,0.005189732,0.047409445,2857.615,302.39786,0.004071603,33.318554,197.53822,12.187098,4.7228594
Grid_Cell_121,2018,0.18240742,263,347.31976,0.004875617,0.06446752,3192.5344,375.95773,0.001328151,38.25457,174.56357,12.400629,4.8243985
Grid_Cell_121,2019,0.14891876,70,375.076,0.005330101,0.060913272,2942.105,336.15866,0.001165185,37.01581,180.91861,12.82995,4.6243978
Grid_Cell_121,2020,0.13421683,75,388.6055,0.004884019,0.066369645,3296.762,382.64005,0.0010814,37.273952,207.47774,12.821711,5.078962
Grid_Cell_121,2021,0.16353764,161,500.50204,0.005294961,0.04897553,2939.6401,580.851,0.001794164,25.533646,220.26096,12.803736,4.83703
Grid_Cell_121,2022,0.16863906,449,515.63904,0.005036674,0.06521473,3183.8289,539.70624,0.002097264,23.414812,244.22894,12.850367,5.212873
Grid_Cell_121,2023,0.14335445,3063,499.24503,0.005592846,0.054801017,2961.542,526.4169,0.002436911,28.328074,235.25311,13.464075,5.068413
Grid_Cell_121,2024,0.16169155,13110,423.01395,0.00485302,0.07567281,3415.667,428.48236,0.001847645,38.89428,237.0507,13.286493,5.0350494
Grid_Cell_121,2025,0.1410748,16728,491.14844,0.005284722,0.0643299,3088.416,506.73706,0.001653182,37.00764,213.62473,13.355188,4.6264715
Grid_Cell_122,2000,0.1653001,0,432.29965,0.005181719,0.18582833,2457.007,496.93173,0.001791937,32.527573,217.57278,10.606134,4.050987
Grid_Cell_122,2001,0.1813856,0,455.55493,0.005585204,0.16794749,2277.3748,589.31604,0.001766267,31.73481,248.8024,10.735895,4.1349583
Grid_Cell_122,2002,0.2165725,0,459.95996,0.005091968,0.186225,2365.3848,504.99933,0.005323548,29.533167,278.11496,10.351892,3.95344
Grid_Cell_122,2003,0.24489996,0,424.83426,0.005449554,0.13867635,1952.9508,494.1875,0.017925972,26.0857,292.81427,9.107813,3.7603488
Grid_Cell_122,2004,0.19086981,0,501.64896,0.005978418,0.20620273,1949.8815,605.74646,0.005310584,25.092821,320.2137,10.643518,3.953322
Grid_Cell_122,2005,0.20695305,0,523.45374,0.005492592,0.16657858,2150.4766,559.5113,0.006212072,19.554049,332.4487,11.315668,3.80592
Grid_Cell_122,2006,0.24473414,0,480.52728,0.005205849,0.20501122,2367.3596,482.21027,0.008722867,21.803852,300.2116,11.062342,3.7785416
Grid_Cell_122,2007,0.18022512,0,458.26834,0.004690095,0.15026611,2820.7793,422.31348,0.001776202,32.947056,260.24966,12.249811,3.934459
Grid_Cell_122,2008,0.19343138,0,426.99976,0.004910169,0.15897475,2332.3318,414.90842,0.006994495,27.052599,241.18579,10.916376,3.6225727
Grid_Cell_122,2009,0.21322803,0,441.18155,0.004629725,0.15395966,2476.9827,497.39075,0.006485476,26.669498,243.35568,11.0212345,3.7821531
Grid_Cell_122,2010,0.21967992,0,453.78995,0.00489089,0.16520883,2561.399,518.54584,0.010023206,21.759876,281.5276,12.19076,4.000962
Grid_Cell_122,2011,0.21840388,0,499.27527,0.004907919,0.1934498,2548.1646,450.56088,0.00913749,22.362001,264.16977,10.166285,4.2613783
Grid_Cell_122,2012,0.26116702,0,405.9581,0.005173289,0.20013437,2811.7278,394.256,0.005114997,23.874666,228.31628,11.23797,4.7091937
Grid_Cell_122,2013,0.21038449,0,406.86584,0.005058866,0.0685023,2831.2405,415.59155,0.001973189,29.154171,209.20753,12.061121,4.6534805
Grid_Cell_122,2014,0.18619645,0,357.83975,0.004530965,0.06512797,3134.7751,347.74164,0.003676842,32.272736,180.70529,11.22674,5.0025916
Grid_Cell_122,2015,0.16389465,0,384.9392,0.004827753,0.051960822,3220.8218,393.05087,0.001445291,36.499195,177.2116,12.543268,5.1628413
Grid_Cell_122,2016,0.1815278,0,374.61218,0.005378597,0.04238546,2703.1135,401.07697,0.001376861,33.222237,199.87103,11.770105,4.6142645
Grid_Cell_122,2017,0.17561239,0,316.93085,0.005152297,0.05373535,2942.3804,284.52924,0.003194897,35.45968,189.3771,12.184351,4.8407702
Grid_Cell_122,2018,0.17308958,263,336.75415,0.004855453,0.055142082,3245.9553,367.50674,0.001516127,38.928352,173.02316,12.3701725,4.946796
Grid_Cell_122,2019,0.1465021,70,365.9597,0.005284235,0.057228222,2983.9216,326.70865,0.001317432,37.398922,181.36105,12.807886,4.714946
Grid_Cell_122,2020,0.12994975,75,383.82126,0.004833872,0.061219852,3354.774,380.33624,0.001105376,38.079624,207.86113,12.8310795,5.1502395
Grid_Cell_122,2021,0.1595983,161,493.74988,0.005258961,0.049096737,3006.246,571.779,0.001950565,26.419044,219.11415,12.855036,4.911824
Grid_Cell_122,2022,0.16696605,449,505.24625,0.005018838,0.051685024,3220.4822,526.69006,0.001987565,24.501205,244.11424,12.848169,5.261092
Grid_Cell_122,2023,0.13955492,3063,486.3401,0.005552388,0.05357782,3007.9106,512.5097,0.002139784,29.448833,232.60844,13.494379,5.1220427
Grid_Cell_122,2024,0.15716742,13110,417.14444,0.004826598,0.06281486,3452.9673,423.85583,0.002023439,39.902004,237.13533,13.260736,5.0947275
Grid_Cell_122,2025,0.13816255,16728,488.0541,0.005264857,0.055819243,3120.2288,504.50143,0.001689734,37.335434,215.9066,13.376429,4.6774592
Grid_Cell_123,2000,0.15864626,0,421.1398,0.005139642,0.24601024,2512.9062,481.38892,0.001615641,34.152843,210.32526,10.6336,4.0886703
Grid_Cell_123,2001,0.1761777,0,449.74777,0.005552646,0.16608015,2312.0747,576.10223,0.00162487,32.530235,243.33368,10.713465,4.173965
Grid_Cell_123,2002,0.21293925,0,446.19534,0.005059837,0.18941267,2396.8752,491.14297,0.004752356,30.692533,271.42087,10.3310795,3.97594
Grid_Cell_123,2003,0.23656544,0,417.33798,0.005442503,0.14109711,1980.2671,477.25632,0.015887901,27.634394,284.29562,9.137171,3.801068
Grid_Cell_123,2004,0.18711212,0,487.4039,0.005930023,0.25316322,2003.2267,592.52136,0.005148323,26.108818,315.0111,10.666468,4.026136
Grid_Cell_123,2005,0.19748116,0,522.6243,0.005469856,0.19013554,2208.367,548.2501,0.007058658,20.422281,332.1502,11.371973,3.8759198
Grid_Cell_123,2006,0.23632766,0,476.6782,0.005187431,0.20605159,2409.4014,474.49152,0.007930024,22.738409,298.70273,11.061426,3.8543293
Grid_Cell_123,2007,0.17661366,0,451.9741,0.004685325,0.16112871,2844.7632,418.0291,0.001804137,33.167507,260.8097,12.202814,4.0129523
Grid_Cell_123,2008,0.19387257,0,420.48468,0.00488465,0.16702437,2369.7766,404.5903,0.007116848,27.264551,240.13539,10.903925,3.692962
Grid_Cell_123,2009,0.20673668,0,438.96536,0.00459843,0.15765749,2529.238,491.7661,0.006147812,27.267752,239.94086,11.013971,3.8661256
Grid_Cell_123,2010,0.21372643,0,448.4364,0.004871006,0.18516003,2609.5823,509.7319,0.00974162,22.5496,275.3656,12.185541,4.0697975
Grid_Cell_123,2011,0.21262243,0,497.44678,0.004893919,0.26463512,2581.2214,450.4097,0.008643867,22.955761,260.14227,10.141626,4.3315835
Grid_Cell_123,2012,0.2574213,0,408.5398,0.005161397,0.24663907,2849.2678,394.12137,0.002918094,23.929054,225.55043,11.22201,4.788702
Grid_Cell_123,2013,0.20325239,0,407.6251,0.005035098,0.07435086,2885.4917,415.51056,0.001782623,29.76538,207.12126,12.032465,4.743583
Grid_Cell_123,2014,0.18111405,0,356.67984,0.004516657,0.0669906,3173.9573,346.45645,0.003526812,32.79194,178.73929,11.19021,5.084167
Grid_Cell_123,2015,0.16206236,0,382.9898,0.004801407,0.06371001,3217.006,388.31076,0.001459942,36.9658,175.9291,12.46023,5.172157
Grid_Cell_123,2016,0.17281133,0,358.34875,0.005342078,0.05297679,2723.951,379.21286,0.001254573,34.62403,192.54826,11.744532,4.660474
Grid_Cell_123,2017,0.17016383,0,301.06888,0.005120924,0.061534215,2976.7473,274.3632,0.002460671,37.460037,180.65288,12.116724,4.8809757
Grid_Cell_123,2018,0.16755551,263,320.65024,0.004842038,0.06452263,3248.029,350.3045,0.001380185,40.544476,166.97148,12.225397,4.967755
Grid_Cell_123,2019,0.14267579,70,348.14185,0.005241245,0.064556666,2996.4392,306.8107,0.001195815,38.823463,175.38779,12.70553,4.736898
Grid_Cell_123,2020,0.12430416,75,383.80078,0.00479669,0.06352558,3379.044,385.14417,0.001130909,39.013172,205.53809,12.813593,5.1672816
Grid_Cell_123,2021,0.1539591,161,495.88614,0.005224039,0.05891515,3055.896,571.5479,0.001934151,26.729164,216.0319,12.849787,4.956756
Grid_Cell_123,2022,0.16656083,449,503.70505,0.005001294,0.06436127,3234.6538,524.75037,0.001925459,24.761818,242.88292,12.777582,5.2814345
Grid_Cell_123,2023,0.13459688,3063,482.32578,0.005506764,0.05465995,3038.3584,508.7772,0.002158168,30.011923,230.26112,13.428888,5.1510153
Grid_Cell_123,2024,0.15169105,13110,417.23343,0.004799252,0.0693153,3464.508,424.56906,0.002059324,40.34702,236.49873,13.165369,5.1082664
Grid_Cell_123,2025,0.13300455,16728,486.117,0.005245152,0.059676863,3133.8125,505.06198,0.001664106,37.87774,214.12799,13.319971,4.691676
Grid_Cell_124,2000,0.152064,0,373.9608,0.005129375,0.21553399,2559.3447,465.34723,0.001174541,38.49058,205.66302,10.686853,4.151807
Grid_Cell_124,2001,0.17074472,0,420.23782,0.00554643,0.14857143,2339.7002,562.7491,0.001071891,35.380123,239.02692,10.725428,4.2176294
Grid_Cell_124,2002,0.20871803,0,492.31137,0.005058971,0.22361325,2386.9722,480.75446,0.002400935,28.017027,269.10788,10.3467655,4.0070014
Grid_Cell_124,2003,0.22282694,0,428.54407,0.005457568,0.11261416,1994.6685,457.164,0.006807576,28.555254,276.3282,9.204004,3.8656914
Grid_Cell_124,2004,0.18401062,0,505.214,0.005907202,0.2072986,2035.8406,579.30817,0.00203403,25.368078,283.90372,10.713282,4.1247015
Grid_Cell_124,2005,0.18791239,0,552.69696,0.005461175,0.17461553,2247.4473,543.3016,0.001628777,19.693274,290.43845,11.433771,3.9757485
Grid_Cell_124,2006,0.22894016,0,483.39578,0.005182855,0.17387052,2436.792,467.53418,0.001647188,23.228159,267.90686,11.057581,3.9629595
Grid_Cell_124,2007,0.1726883,0,438.51837,0.004693986,0.15091911,2872.7842,412.2317,0.001156819,34.64427,240.80931,12.158808,4.11624
Grid_Cell_124,2008,0.1900321,0,419.74365,0.004876696,0.17802344,2410.9717,392.7395,0.002277705,28.214916,237.14981,10.898584,3.7892392
Grid_Cell_124,2009,0.19990589,0,436.37662,0.004580769,0.14509591,2584.5667,485.58093,0.001763767,28.609936,233.34465,11.014856,3.973934
Grid_Cell_124,2010,0.20937096,0,455.26523,0.004857403,0.17447495,2641.2896,499.12308,0.002999353,23.047812,265.52466,12.1783085,4.166544
Grid_Cell_124,2011,0.20851457,0,499.12943,0.004873782,0.25351644,2610.3423,450.42914,0.002508134,23.557459,252.11499,10.14007,4.400111
Grid_Cell_124,2012,0.25407735,0,421.90057,0.005147446,0.22152346,2866.186,394.12567,0.001281762,23.914038,225.52768,11.194056,4.8479233
Grid_Cell_124,2013,0.19687457,0,402.07388,0.005004896,0.06230309,2930.1616,415.56888,0.000993,31.304274,208.43877,12.013849,4.8189945
Grid_Cell_124,2014,0.17632125,0,374.55273,0.004497551,0.0677828,3190.1926,345.7231,0.001281983,32.550133,187.76257,11.158045,5.144715
Grid_Cell_124,2015,0.15999979,0,387.1921,0.004775581,0.06229905,3195.2078,382.7682,0.000783,37.570774,184.00261,12.422388,5.1587663
Grid_Cell_124,2016,0.16598628,0,355.0939,0.005307157,0.047902595,2726.736,371.87817,0.000812,35.411263,202.92941,11.751154,4.679326
Grid_Cell_124,2017,0.16536705,0,296.09442,0.005080191,0.05411509,3003.8254,264.93048,0.000872,39.179893,187.52481,12.098352,4.914058
Grid_Cell_124,2018,0.16303353,263,315.79565,0.004818521,0.07097861,3236.7522,341.15256,0.000961,41.724346,174.32578,12.144403,4.9728575
Grid_Cell_124,2019,0.13811013,70,338.83115,0.005195882,0.05816335,3012.395,282.88657,0.000672,40.544296,181.58392,12.67486,4.764398
Grid_Cell_124,2020,0.12217472,75,398.49713,0.004759402,0.061351795,3408.8691,387.714,0.00094,38.74585,209.35757,12.883539,5.2038255
Grid_Cell_124,2021,0.14894702,161,484.7654,0.005192522,0.051994674,3093.8367,570.45496,0.001506558,28.227743,223.9352,12.881159,4.9989133
Grid_Cell_124,2022,0.1672706,449,505.72034,0.004976585,0.06504161,3249.5977,525.78937,0.001398007,25.082682,245.10497,12.76272,5.298592
Grid_Cell_124,2023,0.13101612,3063,485.78827,0.005462251,0.053532664,3061.5093,506.2662,0.001238445,30.635569,234.4474,13.410883,5.1747828
Grid_Cell_124,2024,0.1481715,13110,431.3443,0.004782612,0.06608427,3448.2524,424.4377,0.001474219,40.100037,229.2465,13.113733,5.1066637
Grid_Cell_124,2025,0.12831572,16728,486.47565,0.005227854,0.05528778,3148.0977,505.02838,0.001240052,38.31336,226.43782,13.328394,4.7138414
Grid_Cell_125,2000,0.15271886,0,382.3797,0.005136392,0.22790878,2630.303,449.46936,0.000648,40.015312,167.33578,10.758051,4.2301464
Grid_Cell_125,2001,0.17233115,0,415.5366,0.00555479,0.13571168,2386.4634,549.03204,0.001273822,36.53166,204.50868,10.764215,4.274376
Grid_Cell_125,2002,0.21091443,0,420.40497,0.005074813,0.19197118,2437.2432,472.7473,0.004807812,34.03125,233.83224,10.388178,4.047892
Grid_Cell_125,2003,0.22062536,0,381.39993,0.005483822,0.1096567,2052.9595,435.92255,0.016136883,33.245358,230.87943,9.295313,3.9356914
Grid_Cell_125,2004,0.18781449,0,423.12128,0.005900631,0.21946084,2150.8079,566.04425,0.004277121,32.88786,246.04205,10.770288,4.230952
Grid_Cell_125,2005,0.18407439,0,456.14383,0.005457931,0.16359472,2363.1306,540.74524,0.006249373,27.163301,259.83865,11.495295,4.087598
Grid_Cell_125,2006,0.22771302,0,420.2104,0.005181517,0.1902702,2530.8896,460.27548,0.00739775,28.825567,231.80746,11.060389,4.082754
Grid_Cell_125,2007,0.17524435,0,402.51657,0.004710314,0.1639744,2935.9443,405.77005,0.000735,37.164833,210.69467,12.126307,4.2224727
Grid_Cell_125,2008,0.1891179,0,385.75415,0.004875989,0.17471352,2493.078,379.60275,0.010622565,31.628199,200.22217,10.910273,3.8903663
Grid_Cell_125,2009,0.1987698,0,409.3496,0.004570629,0.15119039,2671.5183,478.67545,0.010053832,31.211882,198.91037,11.029444,4.0818105
Grid_Cell_125,2010,0.20986883,0,405.00204,0.004862979,0.1984722,2768.2256,491.36975,0.013506559,27.082922,226.50204,12.150904,4.290414
Grid_Cell_125,2011,0.20988825,0,459.82498,0.004878905,0.24616013,2690.6323,442.26755,0.009839401,27.816025,217.59659,10.231287,4.5211725
Grid_Cell_125,2012,0.25254214,0,381.2495,0.005169249,0.21466008,2927.0974,380.123,0.00562956,28.007874,187.63882,11.223841,4.937473
Grid_Cell_125,2013,0.19674125,0,403.0891,0.004998345,0.06322204,3006.7317,403.57547,0.002037469,32.717716,169.37534,12.0438175,4.931631
Grid_Cell_125,2014,0.17872831,0,349.78186,0.004495575,0.06969444,3251.6753,340.83072,0.004958544,35.747627,145.03421,11.175837,5.233345
Grid_Cell_125,2015,0.15863773,0,360.55927,0.004751667,0.06433702,3226.363,353.62762,0.000861,41.01482,132.70808,12.457514,5.1101017
Grid_Cell_125,2016,0.1684644,0,353.02597,0.005256682,0.05222142,2805.5593,375.26224,0.000733,36.89302,160.21475,11.898066,4.7201047
Grid_Cell_125,2017,0.16800982,0,278.77014,0.005014037,0.05145589,3089.7664,253.95229,0.003357113,41.291153,144.12367,12.155634,4.9717293
Grid_Cell_125,2018,0.16537687,263,310.4799,0.004768401,0.057883225,3275.2202,331.08804,0.000727,42.952618,132.35588,12.13891,4.9767613
Grid_Cell_125,2019,0.14154787,70,313.962,0.005144865,0.052069083,3068.686,253.34639,0.000413,42.58827,129.32277,12.716059,4.7880964
Grid_Cell_125,2020,0.122229606,75,353.8222,0.004722991,0.057484888,3476.7793,349.6231,0.000485,42.806297,152.6267,12.979609,5.2286205
Grid_Cell_125,2021,0.14735202,161,457.01694,0.005162621,0.065726444,3151.3518,543.94415,0.000835,31.061317,170.64688,12.945978,5.024838
Grid_Cell_125,2022,0.16499385,449,472.16473,0.004954116,0.051526293,3296.3965,505.562,0.000872,28.652544,197.52325,12.820948,5.30188
Grid_Cell_125,2023,0.13619246,3063,460.08856,0.005430816,0.043934837,3120.1287,487.35754,0.001555702,33.422382,186.921,13.4622135,5.1940637
Grid_Cell_125,2024,0.14527494,13110,389.2152,0.004747984,0.06754077,3505.4849,413.13278,0.001212436,44.47203,186.95782,13.129938,5.1200986
Grid_Cell_125,2025,0.12942162,16728,449.6821,0.005212429,0.050971445,3184.1104,432.61087,0.000482,40.819687,171.67874,13.39419,4.7278247
Grid_Cell_126,2000,0.15188165,0,372.97278,0.005137349,0.15273485,2673.4373,435.17953,0.000582,41.185085,160.36105,10.802637,4.320546
Grid_Cell_126,2001,0.17174886,0,412.3074,0.005557074,0.12825488,2421.8481,534.55896,0.001030394,37.799572,198.14857,10.778101,4.3440332
Grid_Cell_126,2002,0.2102435,0,415.04816,0.005084813,0.20818663,2462.9702,464.6095,0.004426808,35.394436,229.96054,10.4049015,4.0991592
Grid_Cell_126,2003,0.2109995,0,380.14386,0.005505421,0.10107744,2081.2842,418.46326,0.013690175,34.74756,225.6861,9.362513,4.0176435
Grid_Cell_126,2004,0.1885434,0,417.526,0.005890091,0.19662075,2202.6226,553.40936,0.004140174,33.940224,242.06306,10.798334,4.3520584
Grid_Cell_126,2005,0.1789052,0,460.21762,0.005443753,0.1830607,2426.5356,537.0656,0.006151326,28.10874,257.75946,11.515467,4.1906457
Grid_Cell_126,2006,0.22683582,0,420.72556,0.005164554,0.19629262,2574.99,454.06656,0.007220911,29.394358,229.0231,11.019068,4.177206
Grid_Cell_126,2007,0.17727129,0,399.50986,0.004714722,0.15789077,2968.6045,400.12598,0.000705,38.053413,208.81033,12.05691,4.300144
Grid_Cell_126,2008,0.19881584,0,377.78397,0.004862891,0.15530626,2540.7341,368.21188,0.010425232,32.24966,195.44745,10.872492,3.970011
Grid_Cell_126,2009,0.19900821,0,408.95218,0.004551732,0.1394906,2723.5244,472.716,0.009042603,31.740286,194.35931,10.9977665,4.1658516
Grid_Cell_126,2010,0.21088105,0,403.8389,0.004873431,0.18043463,2838.1562,482.48355,0.012899942,27.589909,218.6038,12.116236,4.4125714
Grid_Cell_126,2011,0.211549,0,460.49567,0.004902583,0.14169954,2709.6792,440.3657,0.008627918,28.36131,213.0899,10.240717,4.6254535
Grid_Cell_126,2012,0.25053287,0,379.24942,0.005197992,0.19476727,2930.7188,376.61072,0.005043511,29.018816,182.86354,11.1957035,4.9892826
Grid_Cell_126,2013,0.19681783,0,403.97903,0.005003982,0.06619477,3041.634,400.61954,0.001657527,33.527176,164.44353,12.027765,5.0125904
Grid_Cell_126,2014,0.18207824,0,349.74515,0.004499907,0.07033,3264.7615,340.2443,0.004089092,36.5505,137.61658,11.1495,5.2809134
Grid_Cell_126,2015,0.15704027,0,357.90573,0.004736044,0.06641628,3226.2285,351.05182,0.000721,42.318993,127.414215,12.416559,5.073184
Grid_Cell_126,2016,0.1702389,0,364.27466,0.00522538,0.055779513,2831.3389,396.22592,0.000872,37.095715,160.04533,11.901514,4.7227345
Grid_Cell_126,2017,0.16991349,0,278.09943,0.004969914,0.060503807,3122.5977,248.45616,0.003457277,41.93721,141.9318,12.118311,4.988099
Grid_Cell_126,2018,0.16522025,263,309.38153,0.004740511,0.06986317,3277.068,332.3322,0.00075,43.454903,130.40431,12.090937,4.970871
Grid_Cell_126,2019,0.14245687,70,313.80756,0.005109242,0.06760269,3083.1047,248.09653,0.000407,43.148766,126.91172,12.645044,4.781624
Grid_Cell_126,2020,0.12292899,75,353.2589,0.004685573,0.07312043,3488.4304,349.17828,0.000489,43.00899,148.71837,12.915247,5.2152667
Grid_Cell_126,2021,0.14816783,161,459.08298,0.005130508,0.06396244,3175.3457,541.7431,0.000823,31.13778,167.12607,12.927118,5.0452147
Grid_Cell_126,2022,0.16540396,449,471.44006,0.004941612,0.06642498,3301.9438,504.52094,0.000863,29.467093,193.73148,12.784662,5.2896194
Grid_Cell_126,2023,0.13651876,3063,460.9277,0.005406723,0.06490936,3146.435,488.37277,0.001486819,34.07927,183.24635,13.416346,5.2115636
Grid_Cell_126,2024,0.1483663,13110,392.18192,0.004720026,0.07342144,3530.6438,413.79047,0.001183791,44.488403,184.77898,13.084925,5.14581
Grid_Cell_126,2025,0.12893341,16728,447.73907,0.005183965,0.059999213,3205.4604,431.2721,0.000496,41.76057,167.82887,13.366846,4.7380643
Grid_Cell_127,2000,0.19853133,0,479.30417,0.00529877,0.21575342,2152.465,603.60034,0.002049378,28.200727,197.05371,9.596857,3.9793093
Grid_Cell_127,2001,0.1951561,0,487.4689,0.005747296,0.15609273,1880.5363,681.14954,0.002384617,27.482533,241.58739,9.5515995,4.029684
Grid_Cell_127,2002,0.22368267,0,551.19727,0.005217611,0.36454442,2152.2356,575.06433,0.004338969,25.026133,246.94075,9.517359,3.968303
Grid_Cell_127,2003,0.2550637,0,478.24893,0.00551488,0.13072014,1793.622,580.7052,0.017878024,24.390455,265.9644,8.311304,3.7782598
Grid_Cell_127,2004,0.20564963,0,543.13257,0.006286526,0.2618418,1612.5553,711.84656,0.003605724,22.25067,279.5923,9.719477,3.9047563
Grid_Cell_127,2005,0.23992668,0,542.02655,0.005659232,0.10424273,1895.0205,656.32245,0.005470589,16.501348,273.0256,10.276606,3.9468443
Grid_Cell_127,2006,0.26620758,0,515.58514,0.005399677,0.3314081,2129.7534,522.7427,0.004738483,19.371498,242.26164,10.073175,3.9093978
Grid_Cell_127,2007,0.1883025,0,475.4317,0.004773315,0.22411987,2685.615,465.66037,0.001004716,31.34514,194.3199,11.44961,4.1392193
Grid_Cell_127,2008,0.21205303,0,468.7128,0.005148912,0.2393689,2038.6365,473.37604,0.004517978,22.917816,211.38246,9.754328,3.759014
Grid_Cell_127,2009,0.24832873,0,489.23288,0.004834393,0.23402539,2189.3955,571.28217,0.006458726,18.808817,211.52087,10.119074,3.980338
Grid_Cell_127,2010,0.25239375,0,513.8444,0.005090599,0.28317517,2177.7275,585.24335,0.003020236,12.4355755,245.04155,11.068842,4.203667
Grid_Cell_127,2011,0.28165838,0,549.0297,0.005157145,0.17645384,2105.3503,543.8502,0.006540579,13.979514,241.47583,8.850092,4.18631
Grid_Cell_127,2012,0.27329344,0,477.13705,0.00542028,0.17378104,2386.003,456.38776,0.010040793,16.741169,204.01135,10.003229,4.6664343
Grid_Cell_127,2013,0.23556602,0,464.69012,0.00528002,0.061485365,2371.1406,495.4986,0.001625699,22.37032,180.45432,10.789484,4.5934806
Grid_Cell_127,2014,0.228904,0,435.7099,0.004730831,0.081499316,2711.2073,421.93655,0.002583185,21.939825,162.08263,10.049219,5.0046463
Grid_Cell_127,2015,0.17957877,0,477.5492,0.005001335,0.070287295,2915.8638,480.92294,0.001200654,27.115646,168.47855,11.466242,5.4202046
Grid_Cell_127,2016,0.19082287,0,515.92535,0.005595613,0.089822836,2325.9014,560.0074,0.003120765,22.503952,207.74472,10.617914,4.694934
Grid_Cell_127,2017,0.18898356,0,413.21716,0.005379818,0.06236522,2522.281,381.69897,0.005166277,27.54319,188.40923,11.027063,4.9138184
Grid_Cell_127,2018,0.19957122,263,388.76047,0.005008435,0.096733786,2911.5645,384.43463,0.00106764,32.219097,154.62918,11.144098,5.0607
Grid_Cell_127,2019,0.15311462,70,451.6296,0.005494893,0.066495135,2598.1375,432.73657,0.001387647,30.806936,158.73024,11.586969,4.761624
Grid_Cell_127,2020,0.15199955,75,484.21518,0.005067783,0.10461803,2872.3428,465.3768,0.001307401,28.261616,185.90456,11.460657,5.186544
Grid_Cell_127,2021,0.17861643,161,602.4465,0.005402183,0.061621368,2546.2927,733.3286,0.001909086,15.702722,218.70508,11.444788,4.900797
Grid_Cell_127,2022,0.1939002,449,610.67474,0.005096047,0.06875653,2807.0745,668.8958,0.002800301,13.733929,233.63991,11.503443,5.27753
Grid_Cell_127,2023,0.15162753,3063,585.53595,0.005700638,0.06890086,2553.4922,651.18604,0.003522377,20.107916,228.09972,12.058832,5.140947
Grid_Cell_127,2024,0.16683032,13110,512.7556,0.004907261,0.06760248,3105.6008,520.20807,0.001940705,31.00848,202.83662,12.103846,5.116842
Grid_Cell_127,2025,0.13841069,16728,559.2276,0.005284255,0.06429031,2849.5142,570.4734,0.001377744,33.626945,188.26396,12.184198,4.696278
Grid_Cell_128,2000,0.19529665,0,467.9945,0.005247376,0.28296983,2184.0017,589.651,0.001958049,30.917072,199.4748,9.543543,3.968069
Grid_Cell_128,2001,0.19112037,0,481.26645,0.005677369,0.33004496,1974.1449,661.9957,0.002302373,32.310665,238.34503,9.551386,4.0318418
Grid_Cell_128,2002,0.2256294,0,543.9364,0.005163796,0.22429734,2195.3413,570.2098,0.004544192,27.495602,250.5767,9.452814,3.9555974
Grid_Cell_128,2003,0.26045504,0,468.94147,0.005469452,0.22576654,1812.1602,567.50757,0.0177261,25.261658,266.65787,8.23028,3.762061
Grid_Cell_128,2004,0.20570156,0,540.36774,0.006186584,0.24683145,1701.0908,690.5447,0.003915478,26.722073,277.58374,9.660822,3.9032536
Grid_Cell_128,2005,0.23840006,0,538.2919,0.005595667,0.2869144,1947.9805,648.68256,0.006306274,19.317537,276.113,10.20141,3.9036937
Grid_Cell_128,2006,0.26691607,0,507.0532,0.005328287,0.29849684,2174.2505,523.1963,0.005385928,21.88557,244.42682,9.999811,3.8677197
Grid_Cell_128,2007,0.18704519,0,472.85156,0.004733955,0.2024456,2691.7712,460.5131,0.000973,33.154945,199.45142,11.364801,4.0782948
Grid_Cell_128,2008,0.21204634,0,457.65256,0.005080975,0.22818767,2085.8901,463.54044,0.004803129,25.757536,213.91985,9.713282,3.7083309
Grid_Cell_128,2009,0.24976759,0,471.4896,0.00476616,0.2707446,2225.1992,550.20496,0.007251997,21.968048,213.24509,10.031763,3.9108174
Grid_Cell_128,2010,0.25425115,0,495.15826,0.005015335,0.20421274,2230.551,550.0213,0.003372555,15.530881,246.22847,11.022577,4.1521263
Grid_Cell_128,2011,0.25356227,0,510.29446,0.005059087,0.26442257,2210.076,480.9888,0.007752832,20.633018,224.01868,8.835108,4.20857
Grid_Cell_128,2012,0.26917452,0,436.4558,0.005333088,0.1668922,2475.4844,423.8716,0.005628638,22.160423,188.3068,9.989771,4.6686883
Grid_Cell_128,2013,0.23203732,0,427.97772,0.005214009,0.062413316,2454.5498,446.62534,0.001452325,27.318,171.7593,10.783258,4.6170764
Grid_Cell_128,2014,0.21199399,0,387.2492,0.004652503,0.07367485,2788.4922,363.14026,0.001862969,29.202496,149.36356,10.009974,4.978619
Grid_Cell_128,2015,0.17236307,0,415.89957,0.004947924,0.061861042,2970.223,425.84076,0.000887,34.398056,153.83514,11.360559,5.4408894
Grid_Cell_128,2016,0.19291823,0,497.87506,0.005543816,0.052246515,2385.4683,553.1563,0.003037463,26.022863,205.55017,10.544062,4.7596197
Grid_Cell_128,2017,0.18656363,0,401.76376,0.005325452,0.0692434,2581.6013,363.52692,0.004475394,30.79136,187.60814,10.939325,4.98762
Grid_Cell_128,2018,0.20033434,263,383.19415,0.0049615,0.063505225,2969.0137,384.82883,0.001110281,35.408928,155.38611,11.032526,5.1232686
Grid_Cell_128,2019,0.151528,70,445.10425,0.005444341,0.066427745,2663.4993,429.51926,0.001379914,33.58463,160.35744,11.490442,4.866898
Grid_Cell_128,2020,0.14157657,75,419.11508,0.00500935,0.124105945,2963.6628,410.4171,0.000947,36.19739,170.3967,11.39007,5.29334
Grid_Cell_128,2021,0.16861424,161,528.58636,0.005337433,0.059675526,2666.9377,634.3034,0.00119399,24.023205,190.06174,11.402796,5.036653
Grid_Cell_128,2022,0.18445095,449,555.56555,0.005047972,0.07253829,2916.074,587.156,0.0019115,20.787626,217.6699,11.44784,5.4129415
Grid_Cell_128,2023,0.14439708,3063,521.6032,0.005643662,0.06383492,2659.5894,547.98444,0.002008175,27.76793,208.07207,11.982019,5.259783
Grid_Cell_128,2024,0.16518101,13110,467.55417,0.004881483,0.066296116,3171.38,459.4895,0.001250407,37.13661,195.266,11.96026,5.2073064
Grid_Cell_128,2025,0.13506502,16728,509.01227,0.005245898,0.055090684,2921.0537,519.71814,0.001021085,38.938637,178.72816,12.09997,4.810261
Grid_Cell_129,2000,0.18920751,0,458.17386,0.005255856,0.22840309,2215.5452,574.74066,0.001829156,31.699055,199.90822,9.754053,3.9631834
Grid_Cell_129,2001,0.19023015,0,471.84885,0.005672002,0.22172396,2033.7521,645.4112,0.001916216,33.223984,235.84871,9.797327,4.0412936
Grid_Cell_129,2002,0.2262336,0,534.72186,0.005166844,0.27366057,2227.451,563.22003,0.004497736,28.084246,251.86201,9.630365,3.9462824
Grid_Cell_129,2003,0.25784436,0,461.86313,0.00547676,0.1650711,1831.3059,554.8543,0.01738352,25.771942,266.0673,8.373713,3.7362735
Grid_Cell_129,2004,0.20559242,0,532.01636,0.006141,0.27476996,1749.0477,671.5078,0.003701851,27.148548,275.81747,9.833277,3.8911293
Grid_Cell_129,2005,0.238095,0,535.3435,0.005578144,0.21618685,1968.1135,639.5047,0.006228986,19.358093,277.41086,10.377863,3.8426664
Grid_Cell_129,2006,0.2672077,0,497.90448,0.005299835,0.22354819,2196.7278,522.60876,0.005617199,22.011393,247.21158,10.17721,3.8023431
Grid_Cell_129,2007,0.19005975,0,469.48956,0.004728694,0.18436584,2688.683,455.6207,0.000991,32.698505,203.3091,11.537256,3.9917536
Grid_Cell_129,2008,0.2135338,0,449.11694,0.005046566,0.17578785,2115.9016,454.2821,0.005248822,25.86265,215.58632,9.933893,3.6407077
Grid_Cell_129,2009,0.24783632,0,457.8308,0.004733728,0.18003015,2250.4717,532.31256,0.007086572,22.963655,213.89676,10.197443,3.823146
Grid_Cell_129,2010,0.2558131,0,487.6123,0.004981736,0.2317933,2267.5508,547.18634,0.00436924,16.027866,249.6691,11.226313,4.0789413
Grid_Cell_129,2011,0.24880756,0,511.66608,0.005019984,0.23764408,2252.935,481.0428,0.007604962,20.470518,228.31116,9.048883,4.174186
Grid_Cell_129,2012,0.2701813,0,433.25372,0.005297405,0.210908,2517.0393,423.94055,0.006611633,22.335396,192.34645,10.203547,4.6115165
Grid_Cell_129,2013,0.22882742,0,429.58582,0.005190465,0.06052883,2496.9077,446.7366,0.00147988,27.06175,175.92422,10.999292,4.575912
Grid_Cell_129,2014,0.21185099,0,387.44687,0.004618071,0.07316898,2825.476,362.76013,0.001970904,29.231945,152.85281,10.217707,4.9049544
Grid_Cell_129,2015,0.1752767,0,414.2612,0.004907609,0.060786087,2986.6096,421.24643,0.000889,34.093075,154.86818,11.552851,5.335239
Grid_Cell_129,2016,0.1944764,0,480.38916,0.005509421,0.057912566,2433.1172,528.13855,0.001812883,27.035572,202.18048,10.742853,4.7035747
Grid_Cell_129,2017,0.184724,0,393.32788,0.00528925,0.059753813,2615.6443,346.95,0.003436356,31.250622,184.76463,11.1218815,4.9121747
Grid_Cell_129,2018,0.20278712,263,378.1203,0.004932415,0.070662975,2983.1516,388.38202,0.001069456,35.74167,155.27156,11.199366,4.996351
Grid_Cell_129,2019,0.15346,70,422.26117,0.005407064,0.06933352,2704.94,400.5115,0.001050034,34.721397,158.17686,11.672937,4.8060074
Grid_Cell_129,2020,0.14351755,75,416.68204,0.004978654,0.07667438,2979.7937,408.3438,0.000917,36.353317,174.55469,11.562616,5.2036204
Grid_Cell_129,2021,0.17179024,161,529.2063,0.005301632,0.054546956,2695.446,640.305,0.00128725,23.868845,195.06773,11.590509,4.9866533
Grid_Cell_129,2022,0.18401934,449,559.10046,0.00502952,0.06384958,2941.985,587.1701,0.00190049,20.476542,222.36197,11.642237,5.3722906
Grid_Cell_129,2023,0.14809416,3063,524.1045,0.005615398,0.056266505,2687.1736,552.10785,0.002292425,27.518085,212.96512,12.134851,5.193721
Grid_Cell_129,2024,0.17233104,13110,465.7963,0.004871293,0.07375953,3166.504,456.88126,0.00124209,36.871613,198.99962,12.051386,5.1151533
Grid_Cell_129,2025,0.13964933,16728,509.15338,0.005232993,0.06737669,2939.0454,519.5533,0.001135155,38.488983,183.41492,12.264643,4.768014
Grid_Cell_13,2000,0.13721208,0,412.89862,0.006004896,0.13939004,2530.9277,460.88135,0.000874,37.056126,195.31252,12.223658,4.0496883
Grid_Cell_13,2001,0.14519486,0,408.59436,0.006572334,0.11442574,2277.329,528.1405,0.001338836,41.45196,212.01111,12.2703495,4.037424
Grid_Cell_13,2002,0.18200944,0,546.6159,0.006202488,0.17845266,2144.472,563.4489,0.001661545,29.432756,257.43878,11.431635,3.674433
Grid_Cell_13,2003,0.20910281,0,490.02847,0.005543178,0.110301524,2241.0815,532.6819,0.006198456,27.217356,252.76144,10.743586,3.6419928
Grid_Cell_13,2004,0.1419413,0,554.7927,0.006397656,0.19868965,2138.4592,627.9218,0.002089891,26.923075,260.84943,12.1089115,3.822345
Grid_Cell_13,2005,0.14922664,0,546.9654,0.006047675,0.20146002,2263.7415,601.82996,0.001843897,22.84852,260.624,12.952448,3.831091
Grid_Cell_13,2006,0.182768,0,500.84207,0.005877253,0.16310064,2496.3481,489.93765,0.003312627,26.16233,245.9225,12.786982,3.927925
Grid_Cell_13,2007,0.1423182,0,472.15823,0.005475448,0.1836986,2835.142,474.8382,0.001279699,32.597115,223.56267,13.498957,4.00576
Grid_Cell_13,2008,0.15551025,0,525.60254,0.005794964,0.18134819,2243.2312,522.6575,0.002156885,22.898712,240.89702,12.327387,3.607716
Grid_Cell_13,2009,0.16897412,0,516.9144,0.005747985,0.15819296,2241.3584,591.165,0.001589565,22.75798,244.68181,12.502802,3.7376325
Grid_Cell_13,2010,0.1813312,0,541.94495,0.005877547,0.14112934,2468.0195,588.62915,0.00181936,20.65114,255.69962,13.57873,3.8383248
Grid_Cell_13,2011,0.16103928,0,549.0222,0.005730402,0.1964304,2553.4263,535.4478,0.001565486,25.703257,246.61655,11.662256,4.237337
Grid_Cell_13,2012,0.19611615,0,499.13574,0.005973388,0.13351183,2848.3296,484.5063,0.005975133,28.509352,218.20413,12.925196,4.6583743
Grid_Cell_13,2013,0.17013936,0,439.12006,0.005713163,0.040002875,2735.7178,435.44305,0.000976,30.418596,201.8604,13.288324,4.414508
Grid_Cell_13,2014,0.13859397,0,414.16284,0.005501017,0.052395094,3127.0044,400.2588,0.000763,33.283928,183.02858,13.0741825,4.999989
Grid_Cell_13,2015,0.13114017,0,432.95493,0.00551302,0.052431583,3166.5938,417.88007,0.00063,34.83769,180.00952,13.766993,5.027328
Grid_Cell_13,2016,0.1481919,0,397.84305,0.00596913,0.03847847,2699.774,407.61142,0.001365949,34.54036,193.02263,12.960413,4.5122495
Grid_Cell_13,2017,0.13076277,0,279.6881,0.005765773,0.047645997,3016.192,227.907,0.000474,43.13685,159.07436,13.613733,4.7021403
Grid_Cell_13,2018,0.1279428,263,295.79837,0.00565485,0.06486862,3263.8152,345.52655,0.000838,45.65079,150.17403,14.163965,4.9297066
Grid_Cell_13,2019,0.11902824,70,308.9206,0.005808725,0.043710835,3046.6516,235.50049,0.000611,45.685432,164.97852,14.308466,4.58861
Grid_Cell_13,2020,0.11672339,75,429.93405,0.005529477,0.049709536,3421.905,425.8448,0.001106916,41.002007,179.91908,14.341883,5.2306695
Grid_Cell_13,2021,0.13276896,161,494.59772,0.005921505,0.05414594,3057.483,546.95416,0.001226062,32.85127,199.05293,14.026514,4.873811
Grid_Cell_13,2022,0.1321067,449,512.8559,0.005653818,0.05285935,3347.534,530.2487,0.001109483,29.899323,203.30121,14.235773,5.2927017
Grid_Cell_13,2023,0.13193291,3063,536.4975,0.006050538,0.042202134,3077.8657,585.0349,0.001333486,30.42777,208.17853,14.675745,5.086906
Grid_Cell_13,2024,0.1293578,13110,461.91376,0.005499389,0.05209167,3460.2402,464.99274,0.001399744,39.726337,195.93393,14.555841,5.182265
Grid_Cell_13,2025,0.1362529,16728,526.87537,0.005863475,0.040559027,3121.9463,518.4069,0.000917,38.90809,201.4995,14.179224,4.8026648
Grid_Cell_130,2000,0.17632927,0,477.41113,0.005291001,0.22915764,2283.6008,559.6568,0.002400765,31.586803,223.34908,10.131006,3.962432
Grid_Cell_130,2001,0.185468,0,474.26483,0.005697982,0.19585347,2110.9246,630.7427,0.002715168,33.585243,252.92209,10.172144,4.049684
Grid_Cell_130,2002,0.21922132,0,511.02774,0.005197073,0.26498306,2287.4785,552.51935,0.006625298,30.261454,279.90265,9.940363,3.9353235
Grid_Cell_130,2003,0.24521986,0,458.37045,0.005515952,0.16642654,1872.751,542.2863,0.020485708,27.315273,291.27097,8.6557865,3.7172666
Grid_Cell_130,2004,0.19727905,0,541.57196,0.006132001,0.17942177,1809.2516,655.4706,0.007170024,26.883648,322.23468,10.145441,3.8833766
Grid_Cell_130,2005,0.22786167,0,548.8035,0.005582743,0.20685011,2015.1923,626.1073,0.012753777,19.22365,329.59424,10.6913395,3.7895157
Grid_Cell_130,2006,0.26152742,0,498.83115,0.00529164,0.21734323,2242.3743,517.8222,0.011938603,22.297602,292.20035,10.470331,3.738165
Grid_Cell_130,2007,0.18633331,0,486.52005,0.004734719,0.17970186,2710.956,450.78552,0.001601531,31.679562,247.3001,11.817896,3.9150069
Grid_Cell_130,2008,0.20262372,0,441.29865,0.005023748,0.20310009,2177.734,445.33505,0.009173187,26.976954,234.10255,10.278833,3.5808718
Grid_Cell_130,2009,0.23548996,0,451.73206,0.004714492,0.15537025,2313.0835,520.6431,0.009175774,24.722977,235.23567,10.480616,3.7478037
Grid_Cell_130,2010,0.2452761,0,477.31885,0.00496301,0.18465592,2344.14,542.4246,0.010982819,17.946062,279.4084,11.529535,4.0051055
Grid_Cell_130,2011,0.23947068,0,525.6121,0.004981895,0.20067106,2318.4014,480.89914,0.010597441,20.297504,252.74887,9.357569,4.1232276
Grid_Cell_130,2012,0.2688142,0,425.86197,0.005265147,0.21759064,2581.2786,423.85764,0.0102093,23.308676,220.22826,10.492853,4.5412292
Grid_Cell_130,2013,0.22262076,0,434.87027,0.005167872,0.056833155,2567.284,446.7215,0.002433483,27.16752,204.8731,11.324488,4.513994
Grid_Cell_130,2014,0.20570551,0,372.48993,0.004584,0.16486531,2904.9214,362.8271,0.003470887,31.079548,174.21942,10.52273,4.824578
Grid_Cell_130,2015,0.17086415,0,409.09015,0.004867969,0.06435748,3052.333,415.25784,0.001541473,34.874073,174.47638,11.960596,5.15541
Grid_Cell_130,2016,0.18597855,0,437.80588,0.005477009,0.08826852,2520.1084,473.40942,0.001884717,30.341421,208.77487,11.149927,4.5539165
Grid_Cell_130,2017,0.17734611,0,359.91916,0.005253777,0.054169882,2696.0752,316.14084,0.003586716,33.890686,191.09767,11.5264225,4.750325
Grid_Cell_130,2018,0.19355108,263,345.63605,0.004898042,0.06258014,3060.3735,363.65112,0.001355658,38.837303,170.10294,11.627771,4.812241
Grid_Cell_130,2019,0.1474973,70,372.6384,0.00538354,0.060048368,2788.016,349.2709,0.001029788,38.509434,167.89754,12.123468,4.6253567
Grid_Cell_130,2020,0.1413098,75,409.95264,0.004958131,0.065431245,3042.6252,404.9888,0.00126082,37.096024,201.11423,12.029108,4.972951
Grid_Cell_130,2021,0.16958277,161,545.36847,0.005306228,0.050718766,2729.8975,640.6528,0.001870863,22.997564,220.09248,12.044611,4.7779546
Grid_Cell_130,2022,0.17768435,449,559.50323,0.005040975,0.057506785,2979.6206,586.008,0.002715815,20.859312,248.77719,12.1027775,5.1502357
Grid_Cell_130,2023,0.14419435,3063,526.59607,0.005608199,0.06005469,2750.0684,557.199,0.003604305,27.777384,235.59256,12.601343,4.969303
Grid_Cell_130,2024,0.17232922,13110,464.26285,0.004880354,0.06417005,3184.2805,455.72806,0.002028413,37.125748,239.4773,12.459253,4.882172
Grid_Cell_130,2025,0.13736817,16728,501.73862,0.005253745,0.05793811,2950.8425,518.9851,0.001854666,38.35961,202.02325,12.705469,4.5765467
Grid_Cell_131,2000,0.16645798,0,467.3513,0.005307595,0.11987182,2349.9634,544.55786,0.002140847,33.10917,218.3073,10.434595,3.9756536
Grid_Cell_131,2001,0.18163686,0,470.60794,0.005704009,0.22932853,2162.1562,617.4835,0.002199219,33.096268,248.37022,10.473871,4.0721498
Grid_Cell_131,2002,0.21229118,0,493.6462,0.005209169,0.13908729,2307.5903,538.71155,0.006041527,29.986958,275.83994,10.178766,3.933851
Grid_Cell_131,2003,0.24205577,0,450.58145,0.005533253,0.124211006,1891.9667,528.68915,0.019228935,27.062466,287.706,8.878565,3.6971982
Grid_Cell_131,2004,0.19182335,0,532.3136,0.006100652,0.12368061,1850.683,640.8605,0.006241219,25.874878,319.76602,10.400476,3.876341
Grid_Cell_131,2005,0.21907051,0,549.7258,0.005573267,0.1497506,2062.7566,607.1112,0.010121757,19.636599,327.7967,10.971186,3.7505088
Grid_Cell_131,2006,0.25681353,0,494.34375,0.005277232,0.19854335,2275.7886,507.5784,0.010868655,22.368109,290.4848,10.735895,3.6923087
Grid_Cell_131,2007,0.18285413,0,481.84692,0.004728811,0.1274101,2733.2927,445.05286,0.001583007,31.749321,246.75613,12.050745,3.8630207
Grid_Cell_131,2008,0.19317424,0,437.75192,0.004988888,0.124037445,2231.1267,435.2334,0.008195089,27.443565,229.01906,10.5941105,3.5498607
Grid_Cell_131,2009,0.22483274,0,448.9273,0.004683468,0.113578886,2371.0383,513.11017,0.007506788,25.92987,230.569,10.730646,3.7035573
Grid_Cell_131,2010,0.23568214,0,472.1856,0.004941441,0.11955932,2405.112,535.10114,0.011219154,19.407955,274.43265,11.795832,3.9532907
Grid_Cell_131,2011,0.2327757,0,526.62946,0.004946399,0.14675845,2377.246,480.98663,0.009532209,20.529507,249.18205,9.625025,4.09607
Grid_Cell_131,2012,0.2679622,0,424.87753,0.00523514,0.14606741,2624.7153,423.85764,0.009792466,23.208454,219.19798,10.738886,4.4979916
Grid_Cell_131,2013,0.22001873,0,436.41684,0.005143386,0.04357011,2627.8855,446.7355,0.002298212,27.121294,204.6164,11.603144,4.4769735
Grid_Cell_131,2014,0.20115675,0,372.23828,0.004551246,0.059070025,2959.8594,362.664,0.003290161,31.107506,174.2318,10.785791,4.777386
Grid_Cell_131,2015,0.16793407,0,408.79208,0.00483327,0.04893726,3102.6396,414.28046,0.001508284,34.69919,172.74504,12.277735,5.0462317
Grid_Cell_131,2016,0.18079172,0,405.48795,0.005446088,0.12018182,2577.4214,438.76077,0.001561885,32.16032,199.25362,11.454676,4.4510474
Grid_Cell_131,2017,0.17521,0,349.03708,0.005221263,0.050770294,2750.7205,302.53067,0.003301723,34.06562,185.91565,11.856714,4.6609073
Grid_Cell_131,2018,0.1838192,263,320.70316,0.004861819,0.051139586,3132.5305,339.42566,0.001229322,40.39721,161.66846,12.006128,4.7418985
Grid_Cell_131,2019,0.14385307,70,357.53894,0.005362115,0.045728132,2845.7915,341.12772,0.001292897,39.207756,163.21552,12.479303,4.5396376
Grid_Cell_131,2020,0.13659658,75,414.59686,0.004927803,0.058547825,3131.345,403.34738,0.001256291,36.37239,204.46054,12.418848,4.905772
Grid_Cell_131,2021,0.16533136,161,544.51965,0.005304317,0.067879826,2802.6912,637.1374,0.001795,22.908146,220.68295,12.411066,4.7225094
Grid_Cell_131,2022,0.17344432,449,559.0324,0.005042393,0.049564917,3050.0515,584.32965,0.002440144,20.53699,247.71404,12.470453,5.0944824
Grid_Cell_131,2023,0.14135116,3063,529.4926,0.005581059,0.053845134,2841.7634,558.3762,0.003346339,26.83138,234.98927,13.029993,4.9302964
Grid_Cell_131,2024,0.16956198,13110,462.99924,0.004871301,0.056751315,3250.306,456.27573,0.001982901,36.65206,238.52402,12.831171,4.8513665
Grid_Cell_131,2025,0.1353397,16728,499.05865,0.005267632,0.051215276,2994.9573,518.6548,0.00186258,37.376923,202.53484,13.056696,4.530099
Grid_Cell_132,2000,0.1707116,0,457.77087,0.005257458,0.25051895,2347.6887,529.5839,0.001966775,30.420177,211.53215,10.467218,3.996084
Grid_Cell_132,2001,0.18513903,0,467.17465,0.005651992,0.20562787,2161.5295,604.8313,0.002084418,31.1807,242.11882,10.47204,4.098554
Grid_Cell_132,2002,0.21761249,0,478.55972,0.005165177,0.24735494,2297.2056,523.31616,0.005226027,29.52281,267.39825,10.139307,3.939707
Grid_Cell_132,2003,0.2559002,0,438.51678,0.005491226,0.15142056,1870.4796,514.0346,0.01847051,25.09465,277.80447,8.8482,3.70052
Grid_Cell_132,2004,0.19779064,0,523.2093,0.00600629,0.19022413,1868.8159,627.0354,0.006544477,24.774126,314.376,10.3971195,3.8936908
Grid_Cell_132,2005,0.21905547,0,549.6719,0.005510835,0.2341583,2042.9326,584.428,0.010036907,17.238626,325.4759,11.002039,3.745269
Grid_Cell_132,2006,0.2591314,0,492.52176,0.00521664,0.25488907,2262.5063,496.449,0.009919336,20.914066,283.64655,10.732752,3.687069
Grid_Cell_132,2007,0.18497391,0,477.65543,0.004679873,0.16672431,2737.0444,438.72192,0.001606171,31.85432,242.2841,12.008387,3.8578494
Grid_Cell_132,2008,0.20426701,0,429.49744,0.004909264,0.17671695,2245.861,423.77792,0.00753096,26.71301,221.10883,10.608942,3.5568964
Grid_Cell_132,2009,0.22828464,0,442.31985,0.004610502,0.17557491,2397.9185,506.08478,0.007068428,26.39736,220.56956,10.718622,3.707838
Grid_Cell_132,2010,0.24260437,0,468.97153,0.004880527,0.19771403,2424.6816,531.29517,0.01158601,18.994404,265.29797,11.829737,3.9449687
Grid_Cell_132,2011,0.23687212,0,509.26633,0.004877546,0.14726976,2434.9646,458.1371,0.008918202,21.31763,235.48186,9.714869,4.12107
Grid_Cell_132,2012,0.2716334,0,420.23975,0.005171605,0.23202251,2661.444,401.57455,0.002278542,22.716904,205.72815,10.803156,4.517596
Grid_Cell_132,2013,0.2247288,0,407.44043,0.005075612,0.05528015,2694.0505,423.41617,0.001650473,28.94477,191.07285,11.692041,4.4980354
Grid_Cell_132,2014,0.19974492,0,357.86783,0.00448551,0.055514973,3014.7617,350.87906,0.003242692,32.047806,167.21176,10.860102,4.7988586
Grid_Cell_132,2015,0.1705813,0,387.71805,0.00480579,0.043678362,3125.4094,399.4445,0.001375531,35.49453,165.93642,12.29104,5.0630813
Grid_Cell_132,2016,0.1873867,0,430.54874,0.005421173,0.040416196,2570.2468,478.62558,0.001904959,29.18279,205.17586,11.457666,4.4760475
Grid_Cell_132,2017,0.18449073,0,374.80804,0.005186171,0.0485853,2760.562,325.78955,0.005583168,30.844744,197.29144,11.884424,4.700325
Grid_Cell_132,2018,0.18741082,263,349.6731,0.004838754,0.06367165,3139.2302,369.4237,0.001587887,37.038685,167.17032,12.0404,4.808611
Grid_Cell_132,2019,0.14881378,70,381.02676,0.005330649,0.052907195,2852.072,356.18832,0.001520117,36.31082,168.79631,12.503351,4.590802
Grid_Cell_132,2020,0.13463087,75,384.80676,0.004876246,0.060110174,3204.4553,376.71518,0.000935,37.58774,189.11203,12.50091,5.0093923
Grid_Cell_132,2021,0.16349214,161,501.23755,0.005276009,0.044203937,2878.9856,582.7097,0.001733593,25.532959,200.95732,12.48974,4.8251123
Grid_Cell_132,2022,0.17212322,449,518.9514,0.005026389,0.054822378,3110.6462,536.7676,0.001941295,22.849356,231.18729,12.540064,5.173044
Grid_Cell_132,2023,0.14293201,3063,494.90884,0.00554997,0.04673311,2890.981,524.71796,0.002216257,28.21868,217.0577,13.133478,5.002043
Grid_Cell_132,2024,0.16473019,13110,434.54807,0.004841956,0.05713108,3316.0212,429.80463,0.001805827,38.45888,223.9733,12.899408,4.9508543
Grid_Cell_132,2025,0.13960071,16728,483.77106,0.005250488,0.050322916,3045.1755,507.58432,0.001666639,37.649662,195.41312,13.115107,4.593176
Grid_Cell_133,2000,0.17060219,0,447.47076,0.005222935,0.24302194,2403.7769,514.68115,0.001841295,31.29847,208.79597,10.557367,4.030693
Grid_Cell_133,2001,0.18699743,0,459.70425,0.005629817,0.1978069,2181.733,592.3876,0.001947123,31.265762,241.1335,10.495234,4.1304717
Grid_Cell_133,2002,0.2193025,0,463.57578,0.005145252,0.22225666,2308.69,508.40353,0.004948003,29.869238,266.3761,10.150232,3.9553921
Grid_Cell_133,2003,0.2553635,0,429.6716,0.005475229,0.13950968,1888.0922,499.0226,0.017696112,25.504826,275.5427,8.892969,3.7216501
Grid_Cell_133,2004,0.1996853,0,509.3466,0.005942697,0.23889774,1904.6768,614.44794,0.006369935,24.019747,312.73965,10.463373,3.9387727
Grid_Cell_133,2005,0.21455075,0,545.3648,0.005481863,0.26639298,2095.935,564.9318,0.008703846,17.873428,325.65067,11.104303,3.7814336
Grid_Cell_133,2006,0.25891745,0,484.93582,0.005191301,0.22104678,2289.5662,486.6696,0.009167695,20.986238,285.07507,10.776392,3.7268293
Grid_Cell_133,2007,0.18581158,0,471.20566,0.004663928,0.1658667,2765.0334,432.64908,0.001723651,32.042282,244.98758,12.013239,3.9042194
Grid_Cell_133,2008,0.20976807,0,421.01456,0.004865903,0.18125503,2286.8633,413.41135,0.007777357,26.86694,223.13623,10.642969,3.6025932
Grid_Cell_133,2009,0.2275503,0,437.53653,0.004571475,0.16139767,2453.286,499.662,0.006902548,27.297344,221.32545,10.764978,3.762975
Grid_Cell_133,2010,0.24141729,0,461.82083,0.004852838,0.20785104,2488.2822,524.988,0.011462247,20.061216,264.7815,11.883417,3.9985988
Grid_Cell_133,2011,0.23644859,0,501.35532,0.004860686,0.24279958,2492.5913,450.54684,0.009210384,22.160301,237.44954,9.771326,4.2087755
Grid_Cell_133,2012,0.26860678,0,413.85394,0.005155547,0.26114416,2713.2302,394.02875,0.002186609,23.34822,206.31314,10.851587,4.6104236
Grid_Cell_133,2013,0.22179496,0,400.20117,0.005045557,0.060652696,2766.5088,415.59372,0.001648914,29.89027,189.88728,11.746241,4.599063
Grid_Cell_133,2014,0.19620855,0,352.52075,0.004462842,0.06723514,3078.8684,345.47256,0.003272928,32.81319,166.68776,10.891504,4.8961535
Grid_Cell_133,2015,0.1736497,0,382.21762,0.004774815,0.05451068,3163.24,392.09076,0.001394432,35.53377,165.09161,12.279261,5.143321
Grid_Cell_133,2016,0.18576722,0,407.1509,0.005370992,0.06377189,2625.727,449.49896,0.001755724,30.437685,197.9575,11.485559,4.581751
Grid_Cell_133,2017,0.1833443,0,340.09143,0.005133838,0.050605968,2841.626,297.59726,0.004491421,33.299854,188.30954,11.893305,4.807106
Grid_Cell_133,2018,0.18328932,263,340.54385,0.004810165,0.06448469,3175.7625,364.14145,0.001517702,37.588627,164.4086,11.994806,4.9099464
Grid_Cell_133,2019,0.15204911,70,361.3146,0.005280684,0.05471013,2886.5842,327.10715,0.001037086,37.178143,165.72224,12.443842,4.668576
Grid_Cell_133,2020,0.13586116,75,378.4371,0.00482128,0.062639385,3237.8435,374.5869,0.000929,37.918556,189.417,12.479303,5.072849
Grid_Cell_133,2021,0.16539422,161,491.3577,0.005229639,0.04561875,2928.7341,570.3955,0.001888096,26.099821,199.444,12.507837,4.8941875
Grid_Cell_133,2022,0.17533399,449,509.1061,0.005005462,0.055124093,3128.0747,529.5802,0.001932271,23.441679,231.54065,12.50976,5.2046194
Grid_Cell_133,2023,0.1447329,3063,484.44904,0.005512466,0.045361273,2911.8406,512.51074,0.00221025,28.716148,218.28668,13.115381,5.038036
Grid_Cell_133,2024,0.16454245,13110,427.5684,0.004808396,0.060483217,3336.9834,424.61383,0.001950868,38.982582,224.9865,12.87414,4.997936
Grid_Cell_133,2025,0.1423085,16728,481.53616,0.005223314,0.05558599,3062.3525,504.87338,0.001703011,37.44749,198.53226,13.0975895,4.633493
Grid_Cell_134,2000,0.16996282,0,435.57825,0.005182901,0.26082098,2464.8665,499.7761,0.001692019,32.400497,204.86139,10.625635,4.073057
Grid_Cell_134,2001,0.18652992,0,453.49536,0.00560206,0.24892814,2218.6785,580.32935,0.001832086,31.50816,239.7743,10.496759,4.179376
Grid_Cell_134,2002,0.2209912,0,449.9354,0.005120789,0.24216366,2341.7559,495.1411,0.004581339,30.837448,265.01318,10.14773,3.986351
Grid_Cell_134,2003,0.25439397,0,421.3977,0.005474966,0.16568142,1908.8544,483.24063,0.016472911,26.268728,272.90204,8.937738,3.7685337
Grid_Cell_134,2004,0.20214987,0,496.5545,0.005901355,0.25876245,1960.7963,602.7049,0.00627653,24.829174,308.8093,10.508234,4.0146947
Grid_Cell_134,2005,0.21006148,0,540.0329,0.005463928,0.23342688,2155.9753,552.2494,0.009259428,18.617638,325.8559,11.183832,3.8521526
Grid_Cell_134,2006,0.2548541,0,480.96146,0.005178599,0.189082,2333.2444,478.5415,0.008431288,21.528885,286.2786,10.804438,3.8053224
Grid_Cell_134,2007,0.18611321,0,463.06464,0.004660794,0.1842265,2801.31,426.17773,0.001771068,32.284397,248.11377,12.002619,3.986685
Grid_Cell_134,2008,0.21279989,0,414.12576,0.004837164,0.19164348,2339.1196,403.1115,0.007869976,27.088701,224.79297,10.671747,3.6850727
Grid_Cell_134,2009,0.22431822,0,434.0352,0.004544674,0.22395116,2514.4343,493.52975,0.00659999,27.824291,222.09216,10.805506,3.8518448
Grid_Cell_134,2010,0.23840134,0,454.93585,0.004832482,0.2539963,2553.1514,515.5661,0.010803209,20.864676,263.1121,11.909937,4.0716467
Grid_Cell_134,2011,0.2366,0,498.6715,0.00485109,0.2480844,2526.271,450.64404,0.009095374,22.26189,240.25377,9.772181,4.284803
Grid_Cell_134,2012,0.2688493,0,411.56735,0.005143242,0.2510812,2748.8618,393.95227,0.002191882,23.31459,209.29124,10.8554325,4.6869264
Grid_Cell_134,2013,0.21820232,0,402.20242,0.005022955,0.050162867,2817.5732,415.59265,0.001787452,29.784113,192.14197,11.746119,4.6858096
Grid_Cell_134,2014,0.19608328,0,351.9462,0.004447544,0.06734686,3112.3882,344.29535,0.003306805,32.44549,167.65935,10.876917,4.971941
Grid_Cell_134,2015,0.17803158,0,381.54694,0.004753226,0.06432792,3162.6733,389.52792,0.001393836,35.259274,165.82188,12.23028,5.1675677
Grid_Cell_134,2016,0.18359648,0,390.39096,0.005332966,0.050386608,2659.6106,423.38266,0.001516598,31.669489,192.5969,11.497309,4.6400843
Grid_Cell_134,2017,0.18409836,0,321.52515,0.005098565,0.06478819,2892.5496,286.27344,0.003435212,34.690327,181.33531,11.874964,4.8723116
Grid_Cell_134,2018,0.18285951,263,328.88202,0.004785114,0.05823342,3185.598,355.97556,0.001370233,37.81384,162.91574,11.92898,4.95796
Grid_Cell_134,2019,0.15439674,70,349.82666,0.005239632,0.052685868,2908.2393,310.58316,0.000917,37.329082,165.16246,12.401911,4.7178226
Grid_Cell_134,2020,0.13718644,75,380.69998,0.0047853,0.07953388,3279.8472,379.02762,0.000968,37.671543,192.00992,12.506708,5.1250687
Grid_Cell_134,2021,0.16722554,161,493.19586,0.005202241,0.054773588,2970.3748,569.2129,0.001663456,25.592009,201.42078,12.55282,4.943811
Grid_Cell_134,2022,0.17990172,449,505.6156,0.00499441,0.05722234,3140.8086,529.12115,0.001958216,23.4305,233.69986,12.499109,5.2285576
Grid_Cell_134,2023,0.14550869,3063,483.4349,0.005492357,0.058703765,2943.3025,509.80643,0.002219164,28.920168,220.5675,13.101313,5.085639
Grid_Cell_134,2024,0.16700277,13110,427.258,0.004795947,0.067411184,3338.204,425.37512,0.001998845,38.544983,227.456,12.8432865,5.019679
Grid_Cell_134,2025,0.14302573,16728,483.73505,0.005204612,0.05260552,3079.5464,504.70947,0.001707854,36.814526,201.84222,13.112146,4.67037
Grid_Cell_135,2000,0.16696781,0,423.74176,0.005155412,0.28434166,2513.916,484.87326,0.001513878,33.676403,194.09464,10.640741,4.134007
Grid_Cell_135,2001,0.18376444,0,451.4995,0.00557954,0.1944105,2248.717,568.78735,0.00159948,32.14966,231.3334,10.468805,4.229136
Grid_Cell_135,2002,0.21954136,0,442.42938,0.005104865,0.22217205,2356.5415,483.6499,0.00405249,31.48471,256.22455,10.120722,4.020392
Grid_Cell_135,2003,0.24574287,0,416.1338,0.00547951,0.11284109,1932.0381,464.87518,0.013711719,27.711367,257.3119,8.963739,3.8350065
Grid_Cell_135,2004,0.20299672,0,484.1932,0.005868186,0.18317862,2016.0498,590.852,0.005685461,26.158514,292.2004,10.521357,4.1121335
Grid_Cell_135,2005,0.20245752,0,541.4088,0.005447982,0.18750766,2220.2092,545.52203,0.00859089,19.401854,316.21848,11.210535,3.9526322
Grid_Cell_135,2006,0.24814434,0,483.0027,0.005168489,0.17601053,2376.2166,470.71475,0.007909196,22.096012,275.73346,10.775415,3.9190211
Grid_Cell_135,2007,0.18571463,0,455.1709,0.004659941,0.17485419,2839.6616,417.87573,0.001618373,32.89699,240.09132,11.931147,4.0938425
Grid_Cell_135,2008,0.21473844,0,406.5735,0.004815196,0.19231215,2397.1177,391.17783,0.006726591,27.799952,213.41266,10.649591,3.788556
Grid_Cell_135,2009,0.21987426,0,429.7411,0.004521841,0.17091827,2575.276,486.69553,0.005210219,28.39116,210.89511,10.790522,3.9607832
Grid_Cell_135,2010,0.23615775,0,454.22195,0.004808023,0.19518553,2615.716,503.7487,0.009279667,21.162275,249.14558,11.861902,4.1679482
Grid_Cell_135,2011,0.23686993,0,496.6584,0.004828799,0.28016374,2559.4324,450.63647,0.007562785,22.661097,227.59491,9.73086,4.3563094
Grid_Cell_135,2012,0.26687047,0,411.1861,0.005119621,0.23832214,2781.6448,393.87796,0.001845229,23.915478,201.659,10.797815,4.749187
Grid_Cell_135,2013,0.21568027,0,400.97232,0.004983773,0.055061158,2868.2314,415.58942,0.001605476,30.611774,186.04391,11.684107,4.7554326
Grid_Cell_135,2014,0.1956689,0,350.59726,0.004417695,0.063924655,3143.1113,343.68408,0.00286501,33.06031,162.78258,10.797846,5.0285163
Grid_Cell_135,2015,0.18008246,0,380.30493,0.004733797,0.056447595,3154.451,388.37015,0.001320979,36.084354,162.1244,12.134607,5.156643
Grid_Cell_135,2016,0.18232237,0,400.11023,0.005303694,0.045174975,2672.167,429.92465,0.00158139,31.619698,188.26605,11.460169,4.6660066
Grid_Cell_135,2017,0.18535155,0,325.31598,0.005062523,0.052695077,2920.1768,296.89957,0.003151849,35.116974,176.36821,11.808466,4.9109416
Grid_Cell_135,2018,0.18374987,263,326.73282,0.004753333,0.05768595,3178.3855,352.74097,0.001218373,37.86027,159.77629,11.816828,4.9596725
Grid_Cell_135,2019,0.15620469,70,347.56512,0.005194557,0.057053395,2922.0925,304.42715,0.000901,37.661945,161.87682,12.330378,4.7371035
Grid_Cell_135,2020,0.1356571,75,381.58853,0.004744815,0.059913937,3323.413,382.27383,0.000986,38.075214,186.18819,12.550043,5.166257
Grid_Cell_135,2021,0.16564296,161,492.69473,0.005182916,0.05138669,3000.4578,568.5779,0.001645558,26.140593,195.48087,12.550989,4.9734683
Grid_Cell_135,2022,0.1805743,449,506.54977,0.004976208,0.053890213,3157.919,525.48914,0.001870476,23.768904,228.79872,12.48144,5.2428045
Grid_Cell_135,2023,0.14344712,3063,482.4899,0.005469124,0.047606826,2974.6946,509.11633,0.002055257,29.92982,213.72282,13.072596,5.114543
Grid_Cell_135,2024,0.16774847,13110,428.77063,0.00477937,0.072112136,3345.0137,425.7672,0.002037041,38.72472,223.47871,12.7998295,5.0212154
Grid_Cell_135,2025,0.14105111,16728,483.87167,0.005181483,0.051317498,3105.0955,504.84348,0.00164512,37.02951,197.21275,13.110834,4.696572
Grid_Cell_136,2000,0.15431093,0,397.25452,0.005131268,0.21672899,2673.7534,442.88632,0.001103461,40.226868,162.43117,10.739649,4.3233476
Grid_Cell_136,2001,0.17199619,0,447.04993,0.005572964,0.13402146,2355.904,529.3404,0.001102829,35.899822,190.10863,10.5663395,4.4034853
Grid_Cell_136,2002,0.20994383,0,445.0797,0.00512006,0.22780281,2382.9805,453.32352,0.002246199,33.283855,217.46611,10.225,4.1513853
Grid_Cell_136,2003,0.21307915,0,403.6803,0.005521493,0.17328557,2041.399,418.33908,0.005188565,33.33214,197.18443,9.226526,4.0544925
Grid_Cell_136,2004,0.20001127,0,467.4397,0.005823756,0.19767939,2198.7344,554.1644,0.00301069,30.035423,222.18425,10.685022,4.4404464
Grid_Cell_136,2005,0.18008697,0,540.0015,0.005422914,0.1826723,2413.2578,527.58435,0.005369007,24.277164,236.0153,11.3284855,4.241194
Grid_Cell_136,2006,0.23268959,0,469.24023,0.005143379,0.15435423,2524.247,449.94635,0.003229425,26.86029,206.77774,10.782862,4.213987
Grid_Cell_136,2007,0.17815799,0,421.07852,0.004680411,0.1874024,2938.074,395.9604,0.001046254,37.687214,190.63762,11.82049,4.336274
Grid_Cell_136,2008,0.2033886,0,380.2235,0.004784503,0.18805145,2565.9949,357.6051,0.003378238,33.24133,164.80028,10.658197,4.050885
Grid_Cell_136,2009,0.20890766,0,412.43628,0.004484947,0.13590443,2742.047,466.02432,0.002250562,32.96687,164.65884,10.781397,4.2138996
Grid_Cell_136,2010,0.22456503,0,449.8944,0.00480979,0.1790832,2807.2905,475.55856,0.006227387,25.158216,195.45865,11.79278,4.4446263
Grid_Cell_136,2011,0.23030397,0,480.7165,0.00487735,0.14057569,2622.9612,440.46613,0.003630617,26.676233,180.63194,9.77569,4.5643578
Grid_Cell_136,2012,0.25269565,0,388.19,0.005169987,0.21530524,2835.4856,376.74857,0.00101167,29.696878,161.75136,10.756891,4.859399
Grid_Cell_136,2013,0.20682077,0,378.44675,0.004976174,0.057911612,2951.5645,400.71887,0.00091,35.99027,155.24205,11.661036,4.894097
Grid_Cell_136,2014,0.1930063,0,347.02136,0.004402941,0.06774044,3171.95,347.86475,0.001919315,37.164288,144.9824,10.688135,5.1016326
Grid_Cell_136,2015,0.17240979,0,348.49353,0.004679123,0.06251971,3101.1584,349.68887,0.000908,42.952675,144.94772,11.973291,4.8974304
Grid_Cell_136,2016,0.1744653,0,387.1964,0.005193495,0.052677825,2733.8105,401.6424,0.001919515,35.687607,161.0644,11.471308,4.556785
Grid_Cell_136,2017,0.17830215,0,271.59137,0.004924085,0.05271599,3013.4004,269.0107,0.001540445,42.20361,143.87878,11.752192,4.844366
Grid_Cell_136,2018,0.17277451,263,310.55225,0.00465011,0.06387155,3184.4014,321.20602,0.000919,42.037697,142.06938,11.721979,4.822378
Grid_Cell_136,2019,0.15278754,70,340.3572,0.005092047,0.06649798,2920.1926,295.37677,0.000831,40.976814,142.80775,12.132685,4.5664186
Grid_Cell_136,2020,0.1255048,75,346.67383,0.004657475,0.066311404,3356.5938,345.77264,0.000869,43.531277,152.44745,12.516108,5.0552597
Grid_Cell_136,2021,0.15286747,161,462.74094,0.005095837,0.060414713,3047.0925,541.00977,0.001521182,31.194769,163.85228,12.525354,4.9016876
Grid_Cell_136,2022,0.16878939,449,504.78183,0.004946136,0.057645783,3141.9536,499.88773,0.001858466,27.767014,199.29301,12.41781,5.092119
Grid_Cell_136,2023,0.14031667,3063,460.69876,0.005403624,0.054235846,3008.2317,491.8115,0.001260918,34.505814,176.29752,12.997248,5.0327964
Grid_Cell_136,2024,0.15822221,13110,418.09747,0.004718398,0.068047,3357.7947,413.84305,0.002061435,42.641888,193.80305,12.687342,4.9318395
Grid_Cell_136,2025,0.13259707,16728,436.45758,0.005121694,0.0424182,3146.188,430.50003,0.000871,43.547863,164.72673,13.070734,4.621439
Grid_Cell_137,2000,0.19960779,0,469.41562,0.005300499,0.20638202,2109.6968,600.8357,0.001959573,30.226759,201.21428,9.396051,3.9609628
Grid_Cell_137,2001,0.19260664,0,478.3548,0.005720584,0.22306688,1900.1151,662.3953,0.002625254,31.679012,241.49222,9.399439,4.026876
Grid_Cell_137,2002,0.22535914,0,534.42487,0.005193827,0.22540939,2157.3386,571.36426,0.00461488,27.867691,249.88934,9.345392,3.958577
Grid_Cell_137,2003,0.28041703,0,466.02115,0.005465921,0.18517977,1757.1765,570.39984,0.018348876,23.090513,269.46902,8.05871,3.7448351
Grid_Cell_137,2004,0.21245815,0,537.1571,0.00614378,0.1676361,1697.4174,696.3284,0.005475253,25.84539,277.7238,9.573938,3.9247699
Grid_Cell_137,2005,0.24418312,0,545.9664,0.005607263,0.19239122,1908.0908,662.77765,0.007986582,17.48161,277.66098,10.051722,3.9191732
Grid_Cell_137,2006,0.27220714,0,509.27042,0.00533816,0.18608467,2116.9407,533.5092,0.00644401,20.442064,245.52112,9.810297,3.8735075
Grid_Cell_137,2007,0.1933992,0,487.38733,0.004721592,0.19534177,2657.1587,487.63513,0.001157134,31.196547,202.12645,11.221582,4.094596
Grid_Cell_137,2008,0.21601897,0,461.05603,0.005066634,0.18069766,2057.5186,464.0316,0.005733931,25.018608,214.61049,9.575586,3.7276273
Grid_Cell_137,2009,0.25802344,0,467.3953,0.004731023,0.14410014,2214.373,556.30475,0.008638421,21.3998,209.91147,9.892817,3.9326668
Grid_Cell_137,2010,0.25880563,0,498.4663,0.004982273,0.23789474,2217.916,560.425,0.003867993,14.84085,242.01028,10.8406925,4.188462
Grid_Cell_137,2011,0.27756253,0,508.58917,0.005025847,0.22234417,2202.872,485.19214,0.006406613,18.641056,223.60976,8.63238,4.2792206
Grid_Cell_137,2012,0.2750446,0,449.36746,0.005314587,0.25850388,2443.239,425.3795,0.002660686,19.769386,188.7557,9.732172,4.7275
Grid_Cell_137,2013,0.24726358,0,431.65942,0.005202862,0.05837657,2424.7585,453.3138,0.001707257,25.376268,172.27614,10.512415,4.6968026
Grid_Cell_137,2014,0.2243094,0,402.77313,0.004588746,0.065399446,2764.2703,382.04675,0.002289531,26.488277,151.53479,9.743921,5.015468
Grid_Cell_137,2015,0.18475527,0,422.32016,0.004904944,0.07978999,2914.5356,413.3862,0.000912,32.814255,152.14203,11.162317,5.381814
Grid_Cell_137,2016,0.1902827,0,446.35767,0.005502126,0.13557917,2405.3572,471.8703,0.001353733,28.995687,182.29704,10.4604435,4.7621813
Grid_Cell_137,2017,0.18517599,0,373.32196,0.005323993,0.06931258,2566.713,350.2548,0.00194001,33.055126,164.53479,10.7842045,5.0070033
Grid_Cell_137,2018,0.19758417,263,355.4889,0.004921788,0.09734778,2945.574,347.7589,0.00123549,37.02509,147.19115,10.8267765,5.1060767
Grid_Cell_137,2019,0.15023331,70,404.64423,0.00542745,0.06342033,2641.256,391.81644,0.001191247,36.09903,142.55034,11.366938,4.8446035
Grid_Cell_137,2020,0.14590102,75,420.1135,0.005006447,0.08295542,2908.7983,414.63486,0.000954,35.277176,168.43932,11.263636,5.2399936
Grid_Cell_137,2021,0.17537738,161,540.15533,0.005292344,0.07482636,2653.5928,651.7908,0.001319521,21.777351,189.27013,11.3189335,5.0091534
Grid_Cell_137,2022,0.19030249,449,562.0402,0.00503053,0.08788655,2854.1575,605.2029,0.002157247,19.570602,219.29941,11.27511,5.351092
Grid_Cell_137,2023,0.14846903,3063,532.1397,0.005598871,0.076307364,2631.3914,558.09973,0.002662312,25.607216,210.66313,11.827417,5.2364607
Grid_Cell_137,2024,0.17844887,13110,489.0683,0.004889404,0.092183,3065.777,475.58957,0.001540855,34.56013,201.36826,11.674524,5.0940576
Grid_Cell_137,2025,0.13721384,16728,516.79645,0.005211726,0.08198675,2888.8423,522.8097,0.001057368,37.085567,178.95836,12.061914,4.7722373
Grid_Cell_138,2000,0.19270161,0,460.0981,0.005300536,0.2262029,2141.4253,587.71594,0.001840543,31.190483,199.13786,9.600946,3.956863
Grid_Cell_138,2001,0.1907375,0,469.19424,0.00571118,0.39772692,1951.0605,644.693,0.002205829,32.583675,237.18,9.594324,4.0411224
Grid_Cell_138,2002,0.224328,0,527.1262,0.005196509,0.24988022,2179.1765,562.856,0.004638031,28.36996,250.09717,9.473108,3.9507003
Grid_Cell_138,2003,0.2771046,0,459.3597,0.005468185,0.22054824,1771.3019,558.3729,0.01829822,23.70218,266.8491,8.159906,3.7196982
Grid_Cell_138,2004,0.2114018,0,530.83264,0.006096082,0.19009572,1735.3468,676.50964,0.005222906,26.052624,275.82535,9.698481,3.910938
Grid_Cell_138,2005,0.24374367,0,543.61847,0.005580061,0.24768518,1923.8921,651.0769,0.008534911,17.666039,278.76035,10.179865,3.852598
Grid_Cell_138,2006,0.27256042,0,498.73502,0.005305153,0.26796994,2129.1494,525.7494,0.006579969,20.913858,245.59912,9.925684,3.8001854
Grid_Cell_138,2007,0.19610488,0,481.19998,0.004708671,0.23373926,2644.864,481.5558,0.001139206,31.12924,203.9889,11.317896,4.0026784
Grid_Cell_138,2008,0.21847743,0,452.01205,0.005025989,0.17206146,2078.728,454.23364,0.006283446,25.256693,214.63144,9.725031,3.6521833
Grid_Cell_138,2009,0.25597268,0,455.4786,0.004691016,0.16283748,2232.936,539.49347,0.008546038,22.54406,208.67462,10.002466,3.8393106
Grid_Cell_138,2010,0.2606838,0,491.73038,0.00494351,0.2070402,2234.3044,556.78217,0.00464073,15.410645,243.51515,10.960901,4.097092
Grid_Cell_138,2011,0.27358875,0,508.54596,0.004975809,0.21872759,2225.8762,485.12628,0.007792435,18.781384,224.70227,8.746576,4.2054534
Grid_Cell_138,2012,0.2757025,0,447.16922,0.005266605,0.18154502,2464.559,425.43658,0.002634802,19.987108,189.37845,9.868158,4.6303005
Grid_Cell_138,2013,0.24854243,0,432.21887,0.005162941,0.062919974,2443.3655,453.38293,0.001794462,24.952744,174.63028,10.630152,4.6113915
Grid_Cell_138,2014,0.22512713,0,401.95667,0.004543298,0.09048062,2776.8928,381.0305,0.002448411,26.596497,152.98283,9.872278,4.9028997
Grid_Cell_138,2015,0.18777815,0,421.83093,0.004878986,0.06653139,2914.1147,420.8112,0.000937,32.522327,153.26103,11.284327,5.28815
Grid_Cell_138,2016,0.1975436,0,462.15472,0.005492334,0.07392718,2407.9016,498.44543,0.001473842,27.615633,192.47331,10.5515995,4.6965733
Grid_Cell_138,2017,0.19274853,0,397.93842,0.005307448,0.07363959,2557.2017,370.40543,0.002833716,30.554499,177.53244,10.873194,4.918373
Grid_Cell_138,2018,0.20802681,263,381.64755,0.004908833,0.06380388,2917.4126,387.98462,0.001624161,34.642365,158.04411,10.891962,4.963405
Grid_Cell_138,2019,0.1537531,70,416.55447,0.00540116,0.061081126,2661.6,387.35605,0.001093421,34.52897,150.20819,11.48617,4.7958703
Grid_Cell_138,2020,0.14697202,75,419.24326,0.004994443,0.07256034,2914.6746,411.56525,0.000931,35.577858,171.39552,11.367853,5.1676574
Grid_Cell_138,2021,0.17768173,161,539.68555,0.005263492,0.07313444,2683.7761,656.1043,0.001385973,21.822126,192.67131,11.429834,4.9928174
Grid_Cell_138,2022,0.189359,449,564.28766,0.005014862,0.06202521,2886.0938,603.369,0.002251894,19.414852,221.93607,11.424097,5.3399963
Grid_Cell_138,2023,0.15052971,3063,532.4021,0.005573744,0.061734404,2666.0554,561.89594,0.002862918,25.582767,213.02388,11.926935,5.2119403
Grid_Cell_138,2024,0.1842988,13110,489.90988,0.004874617,0.06931594,3081.8655,475.2261,0.001558475,34.079147,203.08287,11.754511,5.054089
Grid_Cell_138,2025,0.13885693,16728,516.3986,0.00520567,0.09027869,2914.3699,523.048,0.001116904,37.093784,182.01938,12.17544,4.773952
Grid_Cell_139,2000,0.17903997,0,484.6309,0.005349597,0.24520825,2216.083,574.09094,0.002449744,31.003462,219.3936,10.047815,3.9590154
Grid_Cell_139,2001,0.18584113,0,471.3132,0.005753557,0.25228217,2024.2556,629.6087,0.003038504,33.02789,249.64194,10.002436,4.0566363
Grid_Cell_139,2002,0.21655554,0,511.07742,0.005246289,0.2729259,2230.7463,552.0895,0.006529236,30.07317,275.37665,9.817133,3.9454606
Grid_Cell_139,2003,0.25587997,0,459.36404,0.005525746,0.16492374,1815.6736,545.83527,0.021081647,25.928175,282.8702,8.487757,3.705794
Grid_Cell_139,2004,0.20019037,0,543.84235,0.006111044,0.19808728,1788.9768,660.86017,0.009362879,25.879171,317.45346,10.045496,3.902707
Grid_Cell_139,2005,0.23335649,0,560.2818,0.005595692,0.2110367,1969.7155,635.7128,0.014466493,17.63246,325.3631,10.529566,3.801228
Grid_Cell_139,2006,0.26471937,0,504.3996,0.005309064,0.24626426,2175.5337,518.4054,0.012766993,21.460556,283.5755,10.246149,3.7329595
Grid_Cell_139,2007,0.1906852,0,496.93018,0.004724099,0.22846329,2665.1277,473.98175,0.001808527,30.506647,242.58472,11.617029,3.9273357
Grid_Cell_139,2008,0.20564044,0,444.44473,0.005012741,0.18636872,2140.8555,445.23813,0.010604867,26.70529,228.5108,10.083765,3.5923471
Grid_Cell_139,2009,0.24234882,0,451.0279,0.004680735,0.17319542,2296.6182,528.3554,0.010270216,24.51372,224.40846,10.31521,3.7638655
Grid_Cell_139,2010,0.25603476,0,489.96783,0.004938784,0.21663146,2295.0896,552.177,0.008395757,16.371176,270.54065,11.282282,4.0250716
Grid_Cell_139,2011,0.26164606,0,519.94214,0.004952981,0.23038316,2280.7852,485.05826,0.011833247,19.11247,241.52863,9.051905,4.1418233
Grid_Cell_139,2012,0.2726002,0,441.49426,0.005254813,0.23304129,2510.4202,425.26102,0.004034259,21.109669,211.04915,10.170923,4.537985
Grid_Cell_139,2013,0.24095206,0,436.33044,0.005154945,0.05768598,2508.568,453.56653,0.002715284,25.65312,197.24886,10.997919,4.5301247
Grid_Cell_139,2014,0.21727058,0,380.35236,0.00452464,0.08001589,2844.137,377.97516,0.004122342,29.190592,171.5757,10.195948,4.803893
Grid_Cell_139,2015,0.18446916,0,415.68896,0.004838753,0.07312281,2971.2346,416.37888,0.001659521,33.47931,173.43956,11.666925,5.1167116
Grid_Cell_139,2016,0.18783575,0,453.6148,0.00547191,0.043993536,2461.2202,484.90372,0.002171766,28.836037,202.94048,10.892237,4.537864
Grid_Cell_139,2017,0.18377274,0,370.14893,0.005267578,0.05489108,2622.339,338.8338,0.003381452,32.903793,183.40079,11.243128,4.7449484
Grid_Cell_139,2018,0.19870928,263,335.60284,0.004862805,0.061012916,2991.8723,343.3979,0.001813702,38.67558,167.43065,11.288446,4.776385
Grid_Cell_139,2019,0.14732547,70,367.68555,0.005373403,0.05137622,2724.8677,344.07288,0.000945,38.3773,158.83673,11.873316,4.612788
Grid_Cell_139,2020,0.14285412,75,410.9015,0.004974193,0.06516134,2933.7222,411.12906,0.001327548,36.611607,194.14108,11.724878,4.9172134
Grid_Cell_139,2021,0.17467438,161,557.1729,0.005263166,0.0476986,2697.0237,660.771,0.002220699,21.138351,216.62556,11.7792,4.800797
Grid_Cell_139,2022,0.18449913,449,568.5493,0.005017187,0.049691457,2914.3809,603.45325,0.003864192,19.495596,246.50232,11.825342,5.1472907
Grid_Cell_139,2023,0.14845486,3063,533.8105,0.005557066,0.048642434,2710.915,564.0084,0.004142366,25.770147,230.55777,12.301966,4.991872
Grid_Cell_139,2024,0.18293831,13110,486.73224,0.004869262,0.061397206,3100.9165,474.21432,0.00246675,34.578674,241.84262,12.138239,4.8516903
Grid_Cell_139,2025,0.136841,16728,509.35617,0.005214538,0.060825117,2919.662,523.28986,0.001862198,37.46629,198.04062,12.537531,4.607014
Grid_Cell_14,2000,0.13692524,0,407.57294,0.005985507,0.17619437,2629.3896,438.66718,0.000673,36.639885,180.84285,12.4005375,4.138038
Grid_Cell_14,2001,0.14777903,0,403.17386,0.006567752,0.15363501,2338.2358,513.00104,0.001062264,41.037407,199.68622,12.341242,4.133143
Grid_Cell_14,2002,0.18318945,0,516.67725,0.006165142,0.20237249,2224.6316,544.69696,0.001813815,31.12465,246.4098,11.4942875,3.7467961
Grid_Cell_14,2003,0.20955186,0,461.3091,0.005511955,0.11208681,2288.4016,523.7816,0.010280729,28.195013,241.93008,10.805719,3.6443214
Grid_Cell_14,2004,0.14703093,0,515.86383,0.006332277,0.17903073,2226.7708,597.77844,0.001741622,28.439232,251.78372,12.15484,3.8757262
Grid_Cell_14,2005,0.15210831,0,507.54108,0.00601052,0.19540484,2358.4536,581.44714,0.001758421,24.163074,254.46349,13.045374,3.8659883
Grid_Cell_14,2006,0.1822827,0,467.54785,0.005852564,0.17531161,2579.7905,474.65677,0.005636198,27.488375,240.99898,12.8345585,3.9670005
Grid_Cell_14,2007,0.14548571,0,452.78302,0.005467616,0.19046111,2908.3333,451.0512,0.001030055,32.843727,216.19849,13.557978,4.0357947
Grid_Cell_14,2008,0.15412623,0,506.70786,0.005767003,0.17950407,2310.8696,499.20798,0.003424392,22.9217,230.62967,12.413538,3.640981
Grid_Cell_14,2009,0.17000207,0,501.45312,0.005722379,0.1881944,2325.0493,575.8862,0.001996325,22.631853,237.7198,12.583796,3.7894132
Grid_Cell_14,2010,0.17843756,0,501.71603,0.005875537,0.15098688,2563.661,566.7236,0.002222753,22.658724,246.35437,13.682947,3.8899002
Grid_Cell_14,2011,0.16257797,0,539.5268,0.00571795,0.23419195,2641.5288,535.3225,0.002146291,25.195438,244.65456,11.778681,4.330111
Grid_Cell_14,2012,0.19360915,0,480.6407,0.005967367,0.15853016,2947.3518,484.62906,0.010382489,29.537186,214.4961,13.017633,4.7630873
Grid_Cell_14,2013,0.17019369,0,449.33472,0.005710561,0.05368755,2823.8494,435.36206,0.000972,28.432356,197.82805,13.364161,4.532693
Grid_Cell_14,2014,0.14156164,0,415.72882,0.005487904,0.062383294,3232.8958,400.42297,0.000841,32.04028,174.07735,13.137903,5.129304
Grid_Cell_14,2015,0.13441366,0,434.32224,0.005500298,0.067012325,3256.872,422.53812,0.000609,33.539204,168.49725,13.832605,5.1089716
Grid_Cell_14,2016,0.15030962,0,385.8544,0.005972167,0.059098657,2784.8413,387.90573,0.001210031,34.272324,183.1848,13.055689,4.6293263
Grid_Cell_14,2017,0.13389586,0,257.34833,0.005739322,0.06432612,3154.0688,212.77296,0.00043,43.49406,146.33351,13.731714,4.8609414
Grid_Cell_14,2018,0.1317801,263,287.93488,0.005626648,0.07595032,3381.1184,327.27133,0.000686,44.57586,133.59586,14.259333,5.0760765
Grid_Cell_14,2019,0.12411951,70,306.20328,0.005810221,0.07188658,3129.895,251.49312,0.000677,44.45675,155.27486,14.389612,4.694398
Grid_Cell_14,2020,0.121719494,75,424.57895,0.005516932,0.06326631,3525.808,422.60394,0.001019102,40.407764,173.41368,14.4349,5.3284497
Grid_Cell_14,2021,0.1371316,161,504.33606,0.005936618,0.06163022,3145.935,547.3354,0.001075702,31.624807,191.30319,14.130945,4.953194
Grid_Cell_14,2022,0.13789123,449,520.69775,0.005672208,0.0690098,3431.984,539.5496,0.001043702,28.166113,199.63692,14.342585,5.388318
Grid_Cell_14,2023,0.13610585,3063,537.39716,0.006043114,0.06284295,3168.454,584.91394,0.001235856,29.166012,201.87318,14.7746525,5.1808786
Grid_Cell_14,2024,0.13304767,13110,456.72662,0.005508629,0.061671242,3535.029,465.3753,0.0013494,39.079,194.76161,14.629633,5.257261
Grid_Cell_14,2025,0.1404902,16728,533.9388,0.005864167,0.0437348,3197.3228,518.6404,0.000886,37.7385,194.14911,14.272974,4.8751607
Grid_Cell_140,2000,0.1719265,0,478.9206,0.005351913,0.26776487,2285.5151,560.0921,0.002207332,32.28534,213.3021,10.310022,3.9736378
Grid_Cell_140,2001,0.18502074,0,469.63702,0.005745834,0.24281138,2081.7444,616.7308,0.002509442,33.375904,243.74619,10.225855,4.083588
Grid_Cell_140,2002,0.21201353,0,495.7047,0.005250549,0.24511506,2268.9346,539.312,0.005854596,31.45814,268.42795,9.977564,3.9472756
Grid_Cell_140,2003,0.25210807,0,453.61844,0.005533565,0.17079958,1849.5807,531.7715,0.019273575,27.171192,273.27536,8.643702,3.6990476
Grid_Cell_140,2004,0.19812644,0,538.01227,0.006072742,0.18307483,1838.1405,647.66736,0.008701445,26.322838,311.6184,10.214167,3.8998382
Grid_Cell_140,2005,0.22750811,0,562.6794,0.005565031,0.24153048,2023.7599,614.9142,0.013599335,18.330633,322.48572,10.733118,3.7692075
Grid_Cell_140,2006,0.2619891,0,501.76007,0.005274917,0.23307015,2218.145,510.0041,0.011408476,22.133327,279.20038,10.423853,3.6940212
Grid_Cell_140,2007,0.18827924,0,491.163,0.004701712,0.21228874,2696.2612,463.33188,0.001681188,31.042112,238.90305,11.773432,3.8849728
Grid_Cell_140,2008,0.2027364,0,437.63022,0.004957686,0.14545593,2199.3208,435.52637,0.009845393,27.37017,220.04182,10.2998295,3.5665958
Grid_Cell_140,2009,0.23514839,0,446.183,0.00463391,0.21564496,2359.6943,520.8224,0.008733175,26.086447,216.77095,10.483881,3.725338
Grid_Cell_140,2010,0.2547165,0,486.1921,0.00490429,0.20120005,2350.039,546.15924,0.008541599,17.259884,265.63254,11.462366,3.9841125
Grid_Cell_140,2011,0.2563081,0,520.77374,0.004911539,0.20961168,2326.3828,485.2451,0.01153613,19.495699,236.75412,9.21023,4.107919
Grid_Cell_140,2012,0.27366152,0,440.9945,0.005220601,0.22608106,2542.1345,425.3472,0.003629566,21.401278,208.04572,10.325403,4.4829984
Grid_Cell_140,2013,0.243624,0,437.4482,0.005123393,0.05669374,2560.0876,453.5082,0.002582079,26.060051,194.9457,11.205683,4.4847817
Grid_Cell_140,2014,0.21524449,0,378.19882,0.004485266,0.11250564,2897.3625,376.00955,0.003844027,30.154663,169.18088,10.376947,4.748619
Grid_Cell_140,2015,0.18327856,0,414.08194,0.004804719,0.054299925,3022.6785,415.3669,0.00170249,33.854298,170.79344,11.969141,4.99928
Grid_Cell_140,2016,0.18293096,0,423.2474,0.005445971,0.056121398,2519.766,450.66324,0.001799375,31.00098,192.74496,11.175348,4.426799
Grid_Cell_140,2017,0.18152003,0,348.21414,0.005232411,0.052995984,2679.2402,312.5034,0.002809634,34.351078,174.7812,11.56518,4.626969
Grid_Cell_140,2018,0.18796866,263,308.05637,0.004833781,0.06818553,3055.5105,320.20273,0.001578716,41.20258,157.80588,11.639002,4.677344
Grid_Cell_140,2019,0.14556383,70,354.61646,0.005362512,0.054888435,2761.2417,338.9742,0.001019041,39.606716,155.71822,12.188532,4.473302
Grid_Cell_140,2020,0.1413599,75,415.74286,0.004949569,0.06356001,2990.4458,412.71555,0.001338091,36.20873,195.45636,12.097406,4.7856216
Grid_Cell_140,2021,0.17378668,161,560.23145,0.005270388,0.04812089,2733.9153,662.4159,0.002282846,20.877804,216.85143,12.1115055,4.6777835
Grid_Cell_140,2022,0.18187623,449,572.09174,0.005026088,0.050663706,2959.8518,602.9759,0.003285065,19.406612,246.02533,12.181726,5.018181
Grid_Cell_140,2023,0.14712493,3063,535.07837,0.005545117,0.04505195,2770.8777,562.41864,0.003586565,25.923117,229.29904,12.695795,4.8458786
Grid_Cell_140,2024,0.17832892,13110,487.91714,0.004868295,0.05797563,3132.8242,473.7568,0.002213107,34.770866,236.03033,12.49856,4.7350235
Grid_Cell_140,2025,0.13777418,16728,504.86487,0.005230282,0.05459716,2936.3533,523.84344,0.001868188,37.177155,196.2326,12.863489,4.4762416
Grid_Cell_141,2000,0.17022306,0,474.9891,0.005313738,0.26188433,2296.303,546.1535,0.002002091,29.803898,203.41226,10.415064,4.0007987
Grid_Cell_141,2001,0.18444557,0,471.4903,0.005709002,0.25348294,2091.4104,604.678,0.002146486,31.763573,231.93076,10.270899,4.1187596
Grid_Cell_141,2002,0.21462254,0,483.2966,0.005224502,0.20156416,2276.5784,525.5582,0.004836086,31.835146,253.80733,9.982203,3.9618647
Grid_Cell_141,2003,0.2634419,0,444.4622,0.005511452,0.1665951,1837.2996,516.6601,0.017151633,25.296572,256.11975,8.658442,3.712164
Grid_Cell_141,2004,0.19988747,0,535.8334,0.005998247,0.1750393,1866.5713,635.77246,0.008395034,25.755724,295.78705,10.247705,3.9229257
Grid_Cell_141,2005,0.22244976,0,568.9693,0.00550976,0.20656443,2019.536,590.1682,0.012021983,16.397171,310.11694,10.813166,3.7762623
Grid_Cell_141,2006,0.26136264,0,504.3532,0.005222434,0.22516844,2222.2793,500.6545,0.008829924,21.205622,263.28052,10.464472,3.6987128
Grid_Cell_141,2007,0.18509373,0,485.63876,0.004661065,0.17279969,2717.6416,450.84598,0.001561065,31.65043,226.09964,11.786005,3.8946302
Grid_Cell_141,2008,0.20908977,0,430.78018,0.004882761,0.15857263,2229.544,424.67618,0.00809417,26.83419,204.20297,10.3597355,3.5877707
Grid_Cell_141,2009,0.23552573,0,438.42972,0.004568838,0.186984,2400.667,513.6037,0.007131973,26.864481,199.9462,10.517603,3.7416394
Grid_Cell_141,2010,0.25466147,0,487.58426,0.004855551,0.2426193,2387.4482,538.87787,0.009466606,17.211647,249.10826,11.533411,3.996818
Grid_Cell_141,2011,0.2551905,0,493.4065,0.00486682,0.28084168,2380.219,457.99994,0.0103956,21.346329,212.9563,9.288965,4.133707
Grid_Cell_141,2012,0.27508256,0,425.52054,0.00517415,0.25454545,2576.6833,405.2053,0.002318422,21.970758,191.73161,10.405085,4.4896927
Grid_Cell_141,2013,0.24997064,0,413.2422,0.005077352,0.06255666,2617.7058,435.77243,0.001928962,27.395569,181.95355,11.313593,4.4994736
Grid_Cell_141,2014,0.21062708,0,362.80234,0.004432688,0.06377512,2954.2424,361.30536,0.00384763,31.173557,160.76985,10.4839115,4.7634134
Grid_Cell_141,2015,0.18318729,0,389.00757,0.004773565,0.047974817,3031.3735,395.29837,0.001431421,34.820126,161.07451,11.964197,4.991506
Grid_Cell_141,2016,0.18573435,0,448.57852,0.00542135,0.09315664,2512.945,489.24207,0.002295075,28.405764,193.53091,11.162226,4.4421678
Grid_Cell_141,2017,0.19039756,0,373.201,0.005188373,0.0479097,2684.3208,333.3852,0.004356342,31.136608,179.44594,11.56814,4.6535788
Grid_Cell_141,2018,0.18844305,263,328.20377,0.004801918,0.06937168,3074.6252,338.80463,0.001673897,38.315224,156.21198,11.667414,4.767378
Grid_Cell_141,2019,0.14744747,70,371.24197,0.00532605,0.05048026,2766.7007,356.35464,0.001286486,37.20571,156.3224,12.17016,4.5372744
Grid_Cell_141,2020,0.13728732,75,388.87802,0.004884221,0.055701125,3076.9055,385.21527,0.00099,37.402214,176.76294,12.129541,4.924932
Grid_Cell_141,2021,0.1677813,161,511.5224,0.005235324,0.04315681,2798.1782,602.18854,0.001828593,23.918188,191.87079,12.144648,4.782475
Grid_Cell_141,2022,0.17753552,449,534.2269,0.005011235,0.053830672,3014.5315,551.86487,0.002428233,21.770987,225.07954,12.2104435,5.1022563
Grid_Cell_141,2023,0.14535078,3063,499.6511,0.005501929,0.038315434,2831.0251,529.3091,0.002355846,27.836172,205.86052,12.761805,4.934748
Grid_Cell_141,2024,0.17423557,13110,461.901,0.004841992,0.052455932,3170.423,448.88538,0.00192605,36.478275,217.5684,12.488642,4.8228555
Grid_Cell_141,2025,0.1377097,16728,486.76297,0.005206293,0.04048474,2987.2998,508.11615,0.001561862,37.685333,184.60051,12.882654,4.550924
Grid_Cell_142,2000,0.16915634,0,466.0562,0.005272908,0.33037037,2361.337,532.2807,0.001862139,30.663786,198.45103,10.511072,4.0422745
Grid_Cell_142,2001,0.18510497,0,465.7242,0.005683033,0.24854779,2113.939,593.01074,0.001970712,31.680515,229.3478,10.285578,4.1637254
Grid_Cell_142,2002,0.21660689,0,469.81927,0.005204646,0.19842061,2298.6536,511.866,0.004331754,32.602818,250.34464,9.979029,3.9875152
Grid_Cell_142,2003,0.2696401,0,435.81137,0.005497777,0.17926064,1851.424,502.06934,0.016076606,25.21355,252.16158,8.680262,3.7457256
Grid_Cell_142,2004,0.20399874,0,522.5674,0.005929938,0.18585621,1905.6058,624.73486,0.008376131,24.983458,290.01605,10.294489,3.9767509
Grid_Cell_142,2005,0.21837226,0,561.4168,0.005472797,0.25910527,2071.5215,568.44934,0.011188244,16.794096,307.36917,10.906702,3.8209198
Grid_Cell_142,2006,0.26250312,0,497.21005,0.005191475,0.2176692,2250.9482,492.08792,0.007225096,20.94232,262.03073,10.50503,3.7491581
Grid_Cell_142,2007,0.18465956,0,479.16205,0.00463901,0.1560496,2753.381,439.52975,0.001597188,31.76566,224.77989,11.7903385,3.9542534
Grid_Cell_142,2008,0.21475036,0,422.51492,0.004830012,0.23942696,2281.9292,414.77487,0.00777818,26.90896,201.42615,10.400629,3.6529346
Grid_Cell_142,2009,0.23585804,0,432.98434,0.004523331,0.25530863,2460.9314,506.73386,0.006593897,27.597124,196.39134,10.553217,3.8075984
Grid_Cell_142,2010,0.25471437,0,480.38928,0.004820667,0.26637146,2464.1,531.47125,0.009737182,18.05462,245.34149,11.581354,4.0712357
Grid_Cell_142,2011,0.25585502,0,485.07648,0.004848104,0.32223472,2440.6855,448.90524,0.010062802,22.090706,210.72588,9.32403,4.2297344
Grid_Cell_142,2012,0.27474728,0,418.55957,0.005145547,0.17881298,2631.0164,398.74838,0.002130266,22.476025,189.65712,10.449579,4.566332
Grid_Cell_142,2013,0.24868728,0,407.79575,0.0050413,0.033719964,2687.5977,430.02902,0.001700853,27.878141,179.25862,11.373194,4.5869393
Grid_Cell_142,2014,0.20949185,0,358.14755,0.004397879,0.033001766,3016.9568,356.20776,0.003909527,31.350698,158.90732,10.517481,4.845708
Grid_Cell_142,2015,0.18657736,0,382.81918,0.00474478,0.04099772,3054.6384,390.7667,0.001448877,34.535435,158.35643,11.955652,5.0468483
Grid_Cell_142,2016,0.18402912,0,428.78128,0.005378177,0.03381861,2555.6125,465.9412,0.00205472,29.422935,187.52757,11.197931,4.5269356
Grid_Cell_142,2017,0.19081952,0,352.0816,0.005136855,0.038979117,2734.0579,316.1873,0.004248,32.228695,175.66975,11.554163,4.728784
Grid_Cell_142,2018,0.18735342,263,318.69547,0.004764466,0.04319508,3105.799,329.73804,0.001300688,38.45344,152.65596,11.641504,4.8493986
Grid_Cell_142,2019,0.14957513,70,362.97458,0.005280947,0.034597136,2786.0208,346.45322,0.001299654,37.063633,155.15205,12.104822,4.6000485
Grid_Cell_142,2020,0.13898996,75,382.60312,0.004834562,0.051591005,3113.3652,380.72073,0.000946,37.4406,174.66063,12.118952,4.9917693
Grid_Cell_142,2021,0.169075,161,501.18896,0.005196807,0.055334873,2838.0242,586.12897,0.00183312,24.524958,187.86328,12.162561,4.837681
Grid_Cell_142,2022,0.18061101,449,522.6137,0.004995934,0.047780238,3033.4302,541.54333,0.002302123,22.49548,222.52493,12.175074,5.1353045
Grid_Cell_142,2023,0.14613277,3063,491.04678,0.00547737,0.039739884,2849.5251,519.90015,0.002379178,28.422453,204.43907,12.72497,4.975502
Grid_Cell_142,2024,0.17681067,13110,454.27307,0.004817282,0.05579988,3177.7263,442.5522,0.002046867,36.604446,216.10841,12.421015,4.8612113
Grid_Cell_142,2025,0.13973881,16728,484.42633,0.005176127,0.049830873,3000.7014,504.67334,0.001599104,37.329857,184.704,12.841883,4.5792108
Grid_Cell_143,2000,0.1648313,0,449.37244,0.005227759,0.25958157,2446.362,518.5684,0.001751606,32.55916,201.01373,10.589045,4.0919843
Grid_Cell_143,2001,0.182287,0,453.9403,0.005652369,0.19562253,2156.2266,582.17615,0.002001846,32.447075,238.146,10.282343,4.2232456
Grid_Cell_143,2002,0.21505941,0,454.04263,0.005181228,0.21201493,2352.2788,498.6641,0.00446026,34.88108,260.34982,9.966211,4.026488
Grid_Cell_143,2003,0.25983462,0,427.09686,0.005497164,0.14658846,1887.5222,488.10168,0.0163062,27.367544,261.3708,8.710871,3.7957256
Grid_Cell_143,2004,0.20249791,0,506.01312,0.005882691,0.24257353,1965.9789,613.75006,0.008687862,26.060516,298.3498,10.329248,4.0512385
Grid_Cell_143,2005,0.208396,0,549.7734,0.005452157,0.19358125,2158.6907,553.5432,0.010485021,18.52543,319.17438,10.977961,3.8957143
Grid_Cell_143,2006,0.2568726,0,483.82672,0.005176797,0.24000753,2317.8252,483.12286,0.008212431,22.26862,277.0969,10.536219,3.8320692
Grid_Cell_143,2007,0.18179382,0,467.9462,0.004631646,0.17325564,2820.3652,428.99652,0.001654045,32.763657,238.4768,11.779963,4.041925
Grid_Cell_143,2008,0.21144672,0,413.1252,0.004796047,0.16799156,2358.9297,404.7023,0.008674112,27.988998,213.25179,10.43487,3.7401614
Grid_Cell_143,2009,0.22873236,0,428.94516,0.004494882,0.19381629,2540.266,499.25375,0.006924137,28.644999,208.54326,10.577021,3.8990366
Grid_Cell_143,2010,0.24983591,0,464.44632,0.004793465,0.1892896,2565.6638,522.19403,0.009773349,19.750046,256.48874,11.601252,4.154044
Grid_Cell_143,2011,0.25371507,0,486.7386,0.004833378,0.17250285,2488.469,448.92792,0.010903476,22.224957,229.21286,9.318811,4.308193
Grid_Cell_143,2012,0.27230614,0,416.42914,0.005123241,0.22094823,2687.0981,398.701,0.002344922,22.911465,203.00314,10.454309,4.631291
Grid_Cell_143,2013,0.23602167,0,415.32767,0.00501017,0.05723023,2752.268,429.95663,0.001762199,28.27508,189.00595,11.377253,4.656734
Grid_Cell_143,2014,0.20642225,0,359.95978,0.004369773,0.06952371,3072.717,355.3632,0.004094569,31.435383,164.36601,10.504999,4.908756
Grid_Cell_143,2015,0.18511616,0,382.28888,0.004732558,0.059105612,3079.5747,390.64142,0.001482548,35.027718,162.4124,11.907038,5.0702047
Grid_Cell_143,2016,0.17928609,0,409.0433,0.005346777,0.07739057,2605.2837,447.50964,0.001796216,31.513187,191.5504,11.21734,4.5769014
Grid_Cell_143,2017,0.18613195,0,346.714,0.005104171,0.044137277,2784.0469,317.4563,0.004640757,33.13556,183.85735,11.539545,4.7834415
Grid_Cell_143,2018,0.18477222,263,320.4688,0.004735583,0.061211076,3134.4897,332.60004,0.001180397,38.501873,161.75203,11.614222,4.8816247
Grid_Cell_143,2019,0.14890859,70,349.0048,0.00523743,0.04968789,2840.3853,319.49854,0.001000979,38.190468,160.22292,12.083521,4.659672
Grid_Cell_143,2020,0.13588566,75,380.5675,0.004785074,0.061048582,3184.8987,380.23282,0.000939,37.964966,186.09541,12.16659,5.0531764
Grid_Cell_143,2021,0.16694802,161,501.0939,0.005171149,0.056226853,2901.9417,583.35986,0.001565411,25.037666,197.6115,12.214045,4.9032626
Grid_Cell_143,2022,0.17923518,449,515.8313,0.004982684,0.055261333,3080.851,542.3198,0.002300394,23.644072,232.60112,12.191431,5.173489
Grid_Cell_143,2023,0.14252609,3063,491.30164,0.005460083,0.04294258,2903.6074,518.2877,0.002719449,29.317863,218.02908,12.755701,5.028755
Grid_Cell_143,2024,0.17494911,13110,449.40384,0.004801394,0.053774882,3223.5276,442.03125,0.002116581,37.21779,227.44551,12.4331,4.920404
Grid_Cell_143,2025,0.13756226,16728,487.1243,0.005155043,0.04556774,3045.2524,504.60577,0.001662702,37.542202,196.22397,12.869165,4.624032
Grid_Cell_144,2000,0.20234326,0,464.21707,0.005299269,0.21408825,2021.3068,599.7906,0.001874793,27.28822,194.97906,9.318232,3.9793775
Grid_Cell_144,2001,0.19378062,0,474.6515,0.005697266,0.28195715,1878.0238,645.6488,0.002841449,31.79858,232.65645,9.259485,4.0729375
Grid_Cell_144,2002,0.2293402,0,525.01373,0.005183204,0.19998497,2121.314,563.44244,0.004647668,27.118397,243.08133,9.175074,3.9797413
Grid_Cell_144,2003,0.30385303,0,463.68295,0.005416075,0.18914956,1685.6617,562.40894,0.016284548,19.413088,265.75006,7.798242,3.7255542
Grid_Cell_144,2004,0.22070761,0,535.2572,0.006008084,0.2284069,1702.7947,682.3387,0.008752356,23.760916,275.48285,9.415003,3.933957
Grid_Cell_144,2005,0.2607888,0,561.68036,0.005531024,0.21982579,1836.6244,663.40295,0.01501674,12.466072,281.26227,9.848291,3.8691733
Grid_Cell_144,2006,0.27994746,0,503.50864,0.005258749,0.23831116,2038.593,528.6741,0.007643353,18.454971,238.28342,9.538874,3.7963157
Grid_Cell_144,2007,0.20481458,0,498.48535,0.004643517,0.1809277,2597.8618,511.41135,0.001412462,29.75363,200.50488,10.97439,4.0135684
Grid_Cell_144,2008,0.22722124,0,466.56085,0.004943898,0.19663852,2030.8925,454.55566,0.003822326,22.599504,206.75743,9.40481,3.6707282
Grid_Cell_144,2009,0.27347225,0,455.457,0.004598944,0.1456931,2190.1313,547.9726,0.007726192,20.275713,196.64287,9.682917,3.8509545
Grid_Cell_144,2010,0.2751762,0,509.72427,0.004875479,0.28393438,2171.9302,585.8503,0.007342716,12.050973,230.21255,10.621271,4.114181
Grid_Cell_144,2011,0.31859046,0,496.8366,0.004938765,0.18133684,2157.2356,501.73557,0.006664534,15.832494,223.26514,8.396387,4.21107
Grid_Cell_144,2012,0.2845579,0,462.2576,0.005244799,0.2304135,2355.7375,431.74054,0.005047398,16.684298,193.26604,9.488672,4.614385
Grid_Cell_144,2013,0.26365453,0,445.47372,0.0051168,0.052821748,2360.225,480.2047,0.002785706,21.755829,176.03156,10.254297,4.6130695
Grid_Cell_144,2014,0.25685418,0,431.85648,0.004495184,0.069844395,2663.6672,433.92456,0.002435908,21.127161,162.45833,9.464258,4.869441
Grid_Cell_144,2015,0.21405862,0,460.4712,0.004888496,0.09341818,2773.384,446.0551,0.001410195,26.931454,163.43652,10.934687,5.2448964
Grid_Cell_144,2016,0.20227182,0,513.8897,0.005509072,0.052996952,2303.0784,560.33374,0.002064436,22.318987,202.5278,10.242182,4.6865325
Grid_Cell_144,2017,0.20607753,0,446.8181,0.00533578,0.05873734,2440.2898,430.43185,0.004176387,25.611725,186.96834,10.58761,4.8937154
Grid_Cell_144,2018,0.2223278,263,430.24002,0.004917435,0.06278905,2773.1606,444.3455,0.003578134,29.110865,168.57736,10.541651,4.8557343
Grid_Cell_144,2019,0.16288668,70,471.05988,0.005408163,0.04836346,2519.0767,429.03647,0.001640264,28.93708,162.32683,11.136774,4.708542
Grid_Cell_144,2020,0.15353224,75,464.25745,0.004986755,0.07894235,2804.5432,449.9696,0.001233333,30.813457,178.51894,11.071894,5.135041
Grid_Cell_144,2021,0.18626668,161,607.59265,0.005232197,0.056589346,2580.361,780.2924,0.003542863,15.10091,218.1042,11.12649,4.983331
Grid_Cell_144,2022,0.20228054,449,581.64435,0.005003308,0.072923586,2765.3901,682.9682,0.005335007,16.882933,231.0413,11.091272,5.2723594
Grid_Cell_144,2023,0.15385191,3063,562.61835,0.005517048,0.059195153,2590.2493,616.4435,0.004916853,21.589453,222.06236,11.6271305,5.1832075
Grid_Cell_144,2024,0.20218788,13110,557.3534,0.004839291,0.09553305,2973.6067,561.9425,0.003506958,26.51762,212.05067,11.510248,4.992093
Grid_Cell_144,2025,0.13834815,16728,545.94855,0.005170473,0.0654113,2862.669,552.94904,0.001479286,34.474552,188.1481,11.967615,4.7842054
Grid_Cell_145,2000,0.1819127,0,492.03595,0.005390971,0.23329857,2106.7126,587.4854,0.002511268,27.151623,214.87006,9.943445,3.9858346
Grid_Cell_145,2001,0.18695,0,475.7628,0.005786708,0.30237973,1953.6891,630.1379,0.003515832,32.475018,242.34587,9.819269,4.09328
Grid_Cell_145,2002,0.21873145,0,512.1639,0.005279406,0.25401738,2171.7385,552.353,0.006387873,28.56641,266.98416,9.674402,3.9760768
Grid_Cell_145,2003,0.27630222,0,459.84464,0.005517794,0.19004735,1738.6187,549.61523,0.021040017,22.1796,274.6552,8.296686,3.715349
Grid_Cell_145,2004,0.20305027,0,552.04407,0.006074716,0.2256579,1754.1682,667.1221,0.011321523,23.20763,309.80484,9.925531,3.9255214
Grid_Cell_145,2005,0.24430273,0,574.02045,0.005589709,0.25320947,1887.9915,644.9015,0.019418791,13.231178,317.6006,10.36529,3.8192074
Grid_Cell_145,2006,0.2714238,0,511.38828,0.005305482,0.25587448,2088.2715,517.48413,0.012645041,18.811499,270.8963,10.015833,3.7343292
Grid_Cell_145,2007,0.19523118,0,510.00247,0.004696058,0.20028397,2628.377,499.74518,0.002206767,29.617485,234.61743,11.428797,3.9435687
Grid_Cell_145,2008,0.21121389,0,450.8273,0.004972949,0.22553104,2090.9805,445.53433,0.011418122,24.328756,219.42622,9.913233,3.612395
Grid_Cell_145,2009,0.25126725,0,451.24713,0.004627136,0.24071509,2266.6082,537.5182,0.010390277,22.64741,209.62088,10.156336,3.780064
Grid_Cell_145,2010,0.26232886,0,505.4496,0.004911787,0.21958382,2241.1123,581.2204,0.010749472,13.888045,256.44705,11.082178,4.0422974
Grid_Cell_145,2011,0.29966125,0,502.65024,0.00495033,0.2538242,2217.749,501.80148,0.011935031,16.681925,242.92575,8.838556,4.146652
Grid_Cell_145,2012,0.2786197,0,448.89896,0.005263771,0.26502672,2409.364,431.803,0.009107431,18.121363,216.47147,9.937403,4.522445
Grid_Cell_145,2013,0.24785544,0,456.6366,0.005143317,0.047478553,2435.5417,480.21118,0.003626932,22.581264,199.01335,10.766504,4.534953
Grid_Cell_145,2014,0.24025126,0,424.97253,0.004501499,0.066913515,2742.7688,434.0401,0.005789038,23.16664,186.24402,9.941187,4.774852
Grid_Cell_145,2015,0.20066623,0,453.35828,0.004839846,0.047385048,2853.061,437.0274,0.002020086,28.379549,186.55623,11.430262,5.0665746
Grid_Cell_145,2016,0.18726833,0,463.60013,0.005466921,0.033842843,2389.4343,475.24365,0.002505328,26.371607,201.38948,10.686457,4.5149817
Grid_Cell_145,2017,0.18951143,0,379.96826,0.005284174,0.0465669,2538.478,362.35403,0.002861428,30.94508,173.55762,11.05932,4.7072086
Grid_Cell_145,2018,0.2029213,263,349.76056,0.004861292,0.061270803,2870.0098,357.79968,0.002433031,35.752228,164.29143,11.037012,4.663679
Grid_Cell_145,2019,0.14945911,70,379.40353,0.005364464,0.048469167,2605.507,355.21954,0.001306661,35.667824,155.62077,11.636652,4.4952884
Grid_Cell_145,2020,0.14551672,75,454.23874,0.004954494,0.060305,2828.4617,444.90964,0.001758371,31.94012,204.07918,11.533716,4.829167
Grid_Cell_145,2021,0.18411678,161,615.1408,0.005227265,0.056432124,2576.4875,780.5754,0.006019791,14.651164,239.72516,11.558649,4.7084
Grid_Cell_145,2022,0.1952101,449,615.5812,0.004999955,0.0428652,2785.6284,682.8851,0.009041852,14.408733,261.9979,11.587397,5.027188
Grid_Cell_145,2023,0.15150301,3063,574.5286,0.005496637,0.046970148,2619.551,616.33655,0.006876997,20.734156,245.28072,12.110376,4.8836865
Grid_Cell_145,2024,0.20072503,13110,567.5144,0.004832198,0.049799055,2969.9897,562.6936,0.005837645,25.622515,260.0046,11.971491,4.7212577
Grid_Cell_145,2025,0.13664149,16728,554.0251,0.005171006,0.054039504,2859.252,553.1392,0.002244714,33.218983,210.60295,12.42367,4.554559
Grid_Cell_146,2000,0.17348343,0,467.8954,0.005330092,0.26220682,2168.628,562.0185,0.002501052,27.491955,220.71318,10.233118,4.035886
Grid_Cell_146,2001,0.18421723,0,463.63333,0.005718327,0.24557638,1996.5248,605.9826,0.003523736,33.03812,252.52507,9.970179,4.1662593
Grid_Cell_146,2002,0.21521853,0,475.0497,0.005242354,0.21833353,2182.1694,528.3868,0.005890764,31.517927,272.8337,9.723322,4.001111
Grid_Cell_146,2003,0.27576736,0,439.0935,0.005485431,0.16943271,1743.7327,518.7866,0.019040264,23.52267,275.0137,8.358423,3.7440474
Grid_Cell_146,2004,0.2048177,0,528.028,0.005946519,0.15880609,1806.4703,645.51215,0.012424764,24.385605,307.71103,10.008234,3.9616895
Grid_Cell_146,2005,0.23776914,0,548.87585,0.005475938,0.20518519,1947.7368,594.5757,0.016661448,14.971462,320.68143,10.549616,3.824687
Grid_Cell_146,2006,0.26755038,0,484.64752,0.005195277,0.1975401,2130.561,503.67526,0.009738829,20.585758,278.114,10.12295,3.7321033
Grid_Cell_146,2007,0.18845825,0,481.32632,0.004615112,0.17350836,2653.205,463.4323,0.002019904,31.726482,245.50525,11.4769535,3.946548
Grid_Cell_146,2008,0.2127612,0,429.81516,0.004826033,0.1457358,2163.2815,426.36176,0.009945308,25.11503,226.7978,10.065821,3.6390684
Grid_Cell_146,2009,0.24827808,0,425.97083,0.004501321,0.1719826,2342.1802,522.87445,0.011996917,25.394045,219.218,10.243921,3.7886257
Grid_Cell_146,2010,0.26493332,0,477.9096,0.004815698,0.19728749,2318.7844,552.1381,0.011010976,15.710237,265.71393,11.221064,4.054969
Grid_Cell_146,2011,0.28400797,0,468.00385,0.004850183,0.26682964,2311.79,457.94052,0.01093587,20.084686,243.14983,8.975824,4.219803
Grid_Cell_146,2012,0.27822107,0,426.61374,0.00516011,0.2622041,2478.552,420.91513,0.008175044,19.658188,226.42726,10.088129,4.5606966
Grid_Cell_146,2013,0.2653767,0,458.64972,0.005055095,0.055925004,2520.5327,484.5917,0.004910815,21.771408,220.36996,10.986078,4.5921793
Grid_Cell_146,2014,0.23588336,0,396.06958,0.004388311,0.07375338,2850.23,406.1999,0.006627407,25.759903,198.65146,10.129755,4.8313246
Grid_Cell_146,2015,0.20338136,0,402.70413,0.004772852,0.0434027,2799.772,410.7985,0.002098531,30.883966,194.78714,11.582483,4.824554
Grid_Cell_146,2016,0.1915764,0,479.9562,0.005408823,0.044789106,2391.0308,518.5884,0.003851011,24.264095,229.40007,10.893061,4.4352345
Grid_Cell_146,2017,0.20238507,0,405.493,0.005191191,0.051414534,2560.36,383.28442,0.007631192,26.98534,210.4955,11.240107,4.6860104
Grid_Cell_146,2018,0.20055954,263,355.8442,0.004807651,0.068862975,2876.3071,368.0964,0.003760089,34.147057,192.78642,11.235468,4.6956315
Grid_Cell_146,2019,0.15158318,70,412.97855,0.005330245,0.049775306,2604.6785,383.47345,0.001905904,32.32548,186.41496,11.855646,4.487377
Grid_Cell_146,2020,0.13648373,75,416.43756,0.00488601,0.064394906,2915.7415,406.7207,0.001471332,34.037342,213.59753,11.894922,4.8748293
Grid_Cell_146,2021,0.17337157,161,545.4225,0.005196177,0.048163474,2661.4387,688.9644,0.004521431,19.17029,240.27158,11.893702,4.741448
Grid_Cell_146,2022,0.1889675,449,573.8057,0.004990842,0.05361586,2853.967,631.2891,0.005907445,17.089298,266.9871,11.947474,5.0436606
Grid_Cell_146,2023,0.14426452,3063,535.6756,0.005448908,0.04450101,2703.122,576.5807,0.005531586,23.611391,248.53522,12.476374,4.8801937
Grid_Cell_146,2024,0.19207452,13110,540.1075,0.004812,0.057911612,3016.4912,555.9753,0.003993947,27.92785,261.0584,12.297876,4.7747684
Grid_Cell_146,2025,0.13342832,16728,497.15652,0.005158474,0.050386768,2901.1194,488.4539,0.001642717,36.582287,216.76738,12.7121525,4.5316677
Grid_Cell_147,2000,0.16786562,0,464.77628,0.005291039,0.29157552,2246.3557,549.41486,0.002234496,28.25836,212.3717,10.349268,4.0821447
Grid_Cell_147,2001,0.18223491,0,459.8814,0.005696214,0.23036389,2030.573,595.0357,0.003047065,32.82851,245.70027,10.004602,4.2201295
Grid_Cell_147,2002,0.21647692,0,463.3965,0.005228327,0.21290827,2214.1824,515.7929,0.005203737,32.202694,265.57407,9.735743,4.032789
Grid_Cell_147,2003,0.2756981,0,434.23782,0.005480585,0.16667925,1770.3732,504.47446,0.017284838,23.748941,266.91257,8.389826,3.788979
Grid_Cell_147,2004,0.2042861,0,522.031,0.005888776,0.22551928,1858.5105,635.9157,0.011869016,24.035254,299.4743,10.063379,4.025316
Grid_Cell_147,2005,0.22838348,0,547.446,0.00544377,0.20167276,2015.6412,570.4776,0.014668696,15.690623,315.81317,10.652491,3.886502
Grid_Cell_147,2006,0.26631543,0,480.70874,0.005171229,0.23113208,2179.8438,496.67044,0.008460825,20.622728,273.34018,10.181086,3.7972403
Grid_Cell_147,2007,0.18361874,0,474.84958,0.004597544,0.14047287,2712.7036,445.98062,0.001931572,32.237556,239.25745,11.495996,4.0256233
Grid_Cell_147,2008,0.21440123,0,422.3663,0.004779899,0.0981744,2233.3838,417.11853,0.009059369,25.449911,218.3238,10.118555,3.7218895
Grid_Cell_147,2009,0.24366067,0,422.72867,0.00446266,0.22507985,2422.3557,515.68054,0.010533044,26.33819,210.63174,10.292719,3.8700297
Grid_Cell_147,2010,0.26292843,0,474.55515,0.0047854,0.21010265,2416.7136,539.5777,0.011102836,16.402124,258.1286,11.287836,4.155414
Grid_Cell_147,2011,0.27471635,0,459.1662,0.004841666,0.22223054,2383.6191,443.83786,0.009638466,21.578945,232.81958,9.009943,4.3237753
Grid_Cell_147,2012,0.27464986,0,425.3051,0.005137207,0.23848554,2541.9263,417.0905,0.006669993,20.191643,217.64699,10.14303,4.6342964
Grid_Cell_147,2013,0.26412886,0,461.7806,0.005028667,0.04943866,2587.0237,486.108,0.004227277,21.313425,215.07985,11.0550785,4.6699877
Grid_Cell_147,2014,0.23304127,0,389.1716,0.004356242,0.07773708,2922.1006,395.98743,0.006633411,25.860256,191.3823,10.191034,4.90879
Grid_Cell_147,2015,0.20634739,0,391.13626,0.004741722,0.056662034,2826.277,401.94037,0.001997298,30.976597,185.8232,11.560877,4.8464375
Grid_Cell_147,2016,0.18713158,0,468.92398,0.005373953,0.044341438,2437.09,510.0614,0.003289027,25.136175,220.79626,10.916346,4.4948316
Grid_Cell_147,2017,0.19900718,0,402.51974,0.005145725,0.047285464,2597.3015,381.483,0.007668431,26.827131,206.14664,11.200403,4.738818
Grid_Cell_147,2018,0.19450514,263,346.20306,0.004767939,0.056819607,2922.784,352.53793,0.003256123,34.5674,183.92508,11.199976,4.7637477
Grid_Cell_147,2019,0.1509437,70,409.97833,0.005287783,0.07079401,2637.7373,388.09476,0.001850928,31.99535,181.447,11.776941,4.5509734
Grid_Cell_147,2020,0.13434777,75,410.79706,0.004835351,0.0595079,2967.6348,405.2139,0.001447124,33.940983,207.23277,11.860254,4.943716
Grid_Cell_147,2021,0.1706885,161,536.78687,0.005164933,0.05324751,2704.5508,667.8817,0.004228288,19.903044,231.96164,11.889826,4.7999067
Grid_Cell_147,2022,0.18558416,449,564.3438,0.004979955,0.061944105,2884.349,615.71234,0.005252514,17.716887,260.65518,11.919214,5.0939345
Grid_Cell_147,2023,0.14069548,3063,524.74817,0.005429439,0.051221825,2733.9158,566.0701,0.005396589,24.388556,241.35512,12.446405,4.9359813
Grid_Cell_147,2024,0.19369602,13110,537.35004,0.004797388,0.06342379,3024.0784,552.58374,0.003808125,27.619091,256.3852,12.195002,4.818103
Grid_Cell_147,2025,0.13129108,16728,487.5868,0.005128601,0.05487463,2939.5938,475.58627,0.00159223,37.08913,210.49197,12.665125,4.583761
Grid_Cell_15,2000,0.14018701,0,385.32428,0.005964131,0.16387707,2709.8406,413.98245,0.000967,39.87731,226.8551,12.52569,4.2427874
Grid_Cell_15,2001,0.14996657,0,387.16824,0.006552875,0.14365166,2385.1206,496.12393,0.001574839,43.11171,248.58902,12.364466,4.259376
Grid_Cell_15,2002,0.18508637,0,501.78946,0.006124529,0.1812878,2287.511,531.05975,0.00207076,33.277637,295.57446,11.526941,3.847618
Grid_Cell_15,2003,0.20395996,0,462.67963,0.005507722,0.1636732,2299.3567,515.9117,0.00812437,28.853579,294.39462,10.8675785,3.670109
Grid_Cell_15,2004,0.15104729,0,513.9434,0.006297407,0.1881109,2306.9255,564.91766,0.002567179,31.890192,307.7866,12.169001,3.9542098
Grid_Cell_15,2005,0.1572555,0,524.4247,0.005981288,0.18183248,2398.9211,562.8571,0.002850178,24.93709,319.1138,13.0924015,3.9136596
Grid_Cell_15,2006,0.18365547,0,464.04758,0.005835903,0.18568431,2593.5906,462.5921,0.005899942,28.974194,308.546,12.815973,4.0024114
Grid_Cell_15,2007,0.14803766,0,442.81354,0.005472006,0.19126467,2917.844,425.76624,0.001532613,35.580414,280.20667,13.554346,4.056548
Grid_Cell_15,2008,0.15453433,0,494.04175,0.005746897,0.15132394,2346.5752,472.93015,0.003758449,25.540142,288.1754,12.439142,3.6731532
Grid_Cell_15,2009,0.17127846,0,495.14697,0.00570305,0.19834739,2371.243,560.16254,0.002751551,25.108898,291.20898,12.598536,3.8420503
Grid_Cell_15,2010,0.17974028,0,500.46973,0.005876835,0.1879082,2601.9995,524.6349,0.002732723,24.723833,311.1524,13.724909,3.9363728
Grid_Cell_15,2011,0.16213106,0,540.5075,0.005683248,0.26827866,2702.4358,520.7145,0.002777914,26.875248,303.69705,11.865717,4.4144945
Grid_Cell_15,2012,0.19071458,0,456.9305,0.005945861,0.23682857,3016.76,462.16934,0.00868097,33.556858,278.22025,13.075525,4.853661
Grid_Cell_15,2013,0.17441824,0,427.0921,0.005681366,0.06399222,2886.468,388.88638,0.00124313,31.57884,254.64676,13.375025,4.6451244
Grid_Cell_15,2014,0.14328256,0,377.15015,0.005450694,0.059733503,3323.7163,359.72424,0.000971,37.103165,219.48238,13.15362,5.258619
Grid_Cell_15,2015,0.14037904,0,365.01645,0.005508674,0.070641465,3304.793,359.74692,0.000839,40.26075,211.53696,13.857172,5.16267
Grid_Cell_15,2016,0.15402465,0,380.0362,0.005995285,0.053973444,2833.995,395.73587,0.002239358,37.12881,236.92159,13.112879,4.707605
Grid_Cell_15,2017,0.13730697,0,250.5562,0.005725695,0.06657623,3223.2732,204.5801,0.000704,45.685894,206.09535,13.751795,4.9720035
Grid_Cell_15,2018,0.13692273,263,278.25702,0.00559688,0.0756091,3445.1252,302.21207,0.00102263,47.156784,186.25584,14.220179,5.163679
Grid_Cell_15,2019,0.12863952,70,286.2233,0.005794841,0.05794245,3195.6553,234.18936,0.00071,48.169865,200.49634,14.343195,4.765425
Grid_Cell_15,2020,0.1257082,75,334.91895,0.005514473,0.059895534,3574.7498,351.04694,0.001261902,48.292664,188.85362,14.394556,5.3737707
Grid_Cell_15,2021,0.13282591,161,380.40497,0.005951645,0.066690505,3216.006,405.54324,0.000808,42.284317,197.3064,14.152765,5.015352
Grid_Cell_15,2022,0.14047195,449,426.06924,0.005704215,0.06672018,3464.119,458.82504,0.001351548,36.36534,226.61223,14.323572,5.4256124
Grid_Cell_15,2023,0.13333938,3063,429.45544,0.006044884,0.056606866,3258.5352,445.42224,0.000993,38.86129,221.13715,14.764978,5.251769
Grid_Cell_15,2024,0.13105169,13110,363.6416,0.005543884,0.067353286,3569.2695,363.03012,0.001250929,47.99467,218.23662,14.580988,5.2964377
Grid_Cell_15,2025,0.14215049,16728,440.17545,0.005872103,0.05060322,3238.5574,434.47388,0.000882,45.31632,210.71927,14.261805,4.9249477
Grid_Cell_16,2000,0.13685118,0,367.96927,0.005955538,0.18023837,2673.2014,392.33282,0.000954,41.144184,240.94649,12.697809,4.371793
Grid_Cell_16,2001,0.14689606,0,375.08844,0.006551536,0.16386063,2331.2139,481.48456,0.001570894,43.53437,261.17282,12.432276,4.4100266
Grid_Cell_16,2002,0.18446966,0,497.72,0.00609793,0.18114494,2239.8357,521.25336,0.002095373,33.256283,302.82886,11.610468,3.968303
Grid_Cell_16,2003,0.19996324,0,447.45813,0.00552801,0.16530694,2220.246,509.27295,0.007606942,29.505331,304.42252,10.989832,3.7208626
Grid_Cell_16,2004,0.14939196,0,489.23163,0.006290569,0.21956058,2260.1025,536.50836,0.002409006,33.366703,311.74976,12.233271,4.054961
Grid_Cell_16,2005,0.15538678,0,494.6199,0.005988901,0.21058722,2331.1462,545.83417,0.002960627,26.842,322.11118,13.17193,3.9865706
Grid_Cell_16,2006,0.1838052,0,436.13068,0.005865602,0.20212929,2493.9517,452.49518,0.006238835,31.110416,316.06924,12.8181095,4.057343
Grid_Cell_16,2007,0.14482921,0,415.3848,0.005525431,0.19320318,2791.2654,404.78723,0.001426432,37.6646,289.99982,13.579248,4.0916853
Grid_Cell_16,2008,0.15147735,0,475.11478,0.005766225,0.1738156,2260.7476,450.19363,0.003801793,26.666597,296.0381,12.499567,3.7257147
Grid_Cell_16,2009,0.16760091,0,479.9568,0.005723355,0.18222713,2292.9163,547.3667,0.002988507,26.384521,298.38113,12.642908,3.9164681
Grid_Cell_16,2010,0.17792332,0,464.7066,0.005913078,0.20040531,2504.4067,499.9266,0.002646938,27.223911,314.7242,13.773096,3.9703112
Grid_Cell_16,2011,0.15800202,0,528.12634,0.005667251,0.24320824,2604.4868,517.2228,0.002984257,27.462969,310.81747,11.932703,4.441686
Grid_Cell_16,2012,0.18922356,0,437.63843,0.005955424,0.23549844,2891.347,456.60315,0.008644071,34.58653,291.1628,13.124781,4.8726845
Grid_Cell_16,2013,0.17521976,0,416.24783,0.005665061,0.07591351,2781.6235,377.79913,0.001277332,32.28961,272.65005,13.378992,4.68896
Grid_Cell_16,2014,0.14036095,0,358.1929,0.005437722,0.07696573,3203.3982,348.02246,0.001087784,38.643215,240.76953,13.173487,5.3060846
Grid_Cell_16,2015,0.13914753,0,357.13028,0.005530328,0.079936,3152.2751,358.14746,0.00098,40.624905,237.92644,13.856409,5.187259
Grid_Cell_16,2016,0.15294532,0,380.2979,0.006017502,0.053674508,2724.854,404.2381,0.002801014,37.58392,263.34167,13.156183,4.7517986
Grid_Cell_16,2017,0.13557358,0,244.77278,0.005729582,0.091875814,3108.9836,203.49792,0.00109311,46.01477,239.76874,13.763483,5.0536814
Grid_Cell_16,2018,0.13584858,263,268.47653,0.00559375,0.07802582,3326.553,281.57544,0.000933,47.974842,217.04434,14.168116,5.24909
Grid_Cell_16,2019,0.12653403,70,276.87265,0.00580591,0.061482534,3095.0715,223.27164,0.000722,49.31269,222.21214,14.32696,4.85611
Grid_Cell_16,2020,0.123073384,75,335.87103,0.005538845,0.062377404,3430.6353,357.61157,0.001536195,47.97844,217.08647,14.394617,5.458675
Grid_Cell_16,2021,0.13062698,161,382.73022,0.005960515,0.08221289,3121.289,402.19092,0.000889,41.5908,224.10597,14.209375,5.1350093
Grid_Cell_16,2022,0.13876201,449,418.1982,0.00573852,0.07022125,3311.2888,458.49133,0.001451538,36.69657,249.72864,14.307917,5.4993114
Grid_Cell_16,2023,0.13105027,3063,426.9628,0.006055295,0.07024071,3144.4314,442.8972,0.001101377,38.894196,243.72127,14.764215,5.3400226
Grid_Cell_16,2024,0.12853573,13110,354.05914,0.005576791,0.07438781,3418.1882,362.12344,0.001507743,48.479694,243.14758,14.540033,5.3697395
Grid_Cell_16,2025,0.13913292,16728,444.67032,0.005881175,0.06792747,3133.4084,432.58682,0.000948,44.733307,235.81235,14.285212,5.0278053
Grid_Cell_17,2000,0.1347713,0,350.41275,0.006017769,0.23010986,2575.9248,376.62842,0.000743,42.770966,236.90921,12.914392,4.5243382
Grid_Cell_17,2001,0.14441767,0,367.08777,0.006635803,0.14745714,2245.3254,471.16943,0.001118497,44.235424,253.63034,12.600763,4.653862
Grid_Cell_17,2002,0.1842348,0,513.05493,0.006180443,0.1904762,2129.5046,514.0174,0.001384712,31.129686,286.75494,11.793543,4.175221
Grid_Cell_17,2003,0.1974864,0,458.10583,0.005593773,0.118309855,2095.9082,504.3006,0.002048884,27.003908,287.60864,11.193537,3.8169928
Grid_Cell_17,2004,0.14886609,0,494.94217,0.006330935,0.16888954,2171.0986,515.24854,0.001539939,32.705524,286.1154,12.353418,4.1934175
Grid_Cell_17,2005,0.15389934,0,495.03143,0.006040421,0.15035781,2214.1455,530.347,0.00178098,27.325302,286.03354,13.291193,4.1048923
Grid_Cell_17,2006,0.184611,0,447.637,0.005944345,0.22546074,2345.4023,446.68582,0.002152065,30.652063,280.754,12.848444,4.1546373
Grid_Cell_17,2007,0.14355488,0,397.8056,0.005631287,0.18641469,2625.6335,395.69904,0.00087,39.22559,261.55246,13.641047,4.173877
Grid_Cell_17,2008,0.15110068,0,455.4403,0.005826139,0.18603359,2154.009,433.48752,0.001030984,28.396894,271.0678,12.597895,3.8211722
Grid_Cell_17,2009,0.16589804,0,457.07593,0.005785519,0.18133333,2184.603,543.9399,0.001861541,28.795382,275.13416,12.72558,4.0370846
Grid_Cell_17,2010,0.17910996,0,474.65878,0.005983729,0.14935672,2347.9534,487.58218,0.001619154,26.835001,285.46375,13.839624,4.0219893
Grid_Cell_17,2011,0.1576903,0,521.6172,0.005695008,0.32232064,2450.139,517.19794,0.001642408,27.86982,281.56256,12.002466,4.4587755
Grid_Cell_17,2012,0.19304997,0,462.48486,0.006001766,0.1418194,2707.899,456.587,0.003362353,32.241444,262.5345,13.177301,4.875724
Grid_Cell_17,2013,0.18051963,0,395.84338,0.005687438,0.06093681,2634.069,377.76996,0.000792,34.018833,253.47801,13.401911,4.705912
Grid_Cell_17,2014,0.14093342,0,344.46936,0.005473345,0.06413971,3007.9124,345.80197,0.00068,39.189724,235.36394,13.205774,5.3182764
Grid_Cell_17,2015,0.13965803,0,349.98715,0.005554712,0.07333657,2946.5962,356.1073,0.000724,40.81307,240.76605,13.84704,5.1804442
Grid_Cell_17,2016,0.15267366,0,384.16776,0.006027395,0.052578446,2585.9624,394.45203,0.001994122,38.007286,251.55421,13.208887,4.767919
Grid_Cell_17,2017,0.13515352,0,240.37936,0.005743739,0.06679634,2951.183,201.68567,0.000463,47.749897,227.68898,13.776392,5.0884757
Grid_Cell_17,2018,0.13602582,263,249.56572,0.005603452,0.07618442,3163.7803,261.5825,0.000636,50.562252,215.18341,14.120234,5.309022
Grid_Cell_17,2019,0.12533592,70,272.6574,0.005840547,0.07502464,2929.77,217.42453,0.000503,50.867886,218.71838,14.284449,4.9178224
Grid_Cell_17,2020,0.12353203,75,341.06454,0.005586717,0.06587107,3212.5054,360.62946,0.001308224,47.597862,223.93373,14.330103,5.5214825
Grid_Cell_17,2021,0.13063194,161,369.65033,0.005979985,0.07258643,2968.5005,402.42096,0.000689,42.808548,231.1175,14.211847,5.239564
Grid_Cell_17,2022,0.13806996,449,416.63763,0.005786663,0.070410855,3110.822,452.78894,0.001161319,37.620617,246.20404,14.237787,5.574414
Grid_Cell_17,2023,0.13122652,3063,421.8544,0.006080161,0.056673512,2976.1887,442.42633,0.000869,40.01883,242.55031,14.704157,5.4133787
Grid_Cell_17,2024,0.12831876,13110,355.59842,0.005622761,0.065578125,3209.853,363.03845,0.001262851,48.5023,239.3028,14.438715,5.4472666
Grid_Cell_17,2025,0.13961454,16728,436.4109,0.005900845,0.055906553,2968.4917,432.1122,0.00077,45.073936,240.20152,14.242212,5.1031594
Grid_Cell_18,2000,0.13180988,0,339.3164,0.006075593,0.1592837,2800.6545,367.32382,0.000656,44.869038,212.64586,13.084253,4.708486
Grid_Cell_18,2001,0.13917811,0,358.7621,0.006716101,0.14001024,2432.3037,465.2478,0.000983,45.82082,233.65015,12.7304325,4.9343076
Grid_Cell_18,2002,0.17793663,0,498.90802,0.006263423,0.16127688,2273.265,509.67252,0.001249154,29.76506,271.51123,11.938074,4.4131317
Grid_Cell_18,2003,0.19698225,0,456.2709,0.005652791,0.13012232,2196.1787,500.91586,0.001773736,21.515533,279.18896,11.355921,3.9434996
Grid_Cell_18,2004,0.14735088,0,498.98758,0.006362848,0.19462556,2348.9934,501.7563,0.001374116,32.245224,275.25815,12.428431,4.357557
Grid_Cell_18,2005,0.14973794,0,498.46906,0.006105445,0.17013687,2419.9905,512.07983,0.001445997,28.533873,272.32706,13.370142,4.2808857
Grid_Cell_18,2006,0.17759915,0,444.1788,0.006040561,0.2193861,2532.7527,445.30777,0.001623709,32.652794,266.7837,12.838129,4.3277884
Grid_Cell_18,2007,0.13966301,0,409.52792,0.005760612,0.1802505,2815.4065,400.07086,0.000788,39.906773,250.21361,13.667627,4.3370275
Grid_Cell_18,2008,0.1464219,0,449.51224,0.005897628,0.21100512,2356.9824,419.20264,0.00076,31.358517,255.96715,12.65069,3.9915276
Grid_Cell_18,2009,0.15853363,0,464.96747,0.005860509,0.17999461,2375.3474,551.9923,0.001805983,29.901114,261.9597,12.772852,4.233557
Grid_Cell_18,2010,0.17264384,0,484.42743,0.00607828,0.21697597,2515.3523,481.92844,0.001492466,27.829327,274.29666,13.864008,4.132571
Grid_Cell_18,2011,0.15107307,0,528.0184,0.005750443,0.33785903,2626.201,517.20984,0.001484527,28.816198,270.8178,12.03982,4.525248
Grid_Cell_18,2012,0.18559463,0,467.31973,0.00607262,0.21888262,2871.165,456.64084,0.00270917,32.915073,249.44695,13.18722,4.928627
Grid_Cell_18,2013,0.16654941,0,398.56604,0.005734184,0.05548027,2797.6394,377.6879,0.00071,34.34686,238.04819,13.3771305,4.7652273
Grid_Cell_18,2014,0.13924034,0,348.71158,0.005542907,0.060825147,3152.6616,344.61395,0.00062,37.406307,216.8489,13.188623,5.3682766
Grid_Cell_18,2015,0.13889195,0,351.84152,0.005617684,0.08639773,3105.9277,355.70557,0.000706,40.11054,222.63194,13.7972355,5.1875334
Grid_Cell_18,2016,0.14808814,0,355.63348,0.006060681,0.04562873,2828.5188,346.55457,0.00128055,42.565853,228.22661,13.282892,4.838547
Grid_Cell_18,2017,0.13229777,0,244.65833,0.005797174,0.060262837,3156.4468,204.76367,0.000376,51.186153,198.73744,13.712183,5.094777
Grid_Cell_18,2018,0.13392699,263,231.15497,0.005628593,0.07203115,3368.7153,228.21803,0.00046,56.047104,181.74634,13.952509,5.302583
Grid_Cell_18,2019,0.12503105,70,260.39185,0.00589679,0.050271686,3110.8794,218.4246,0.000513,54.95251,188.88809,14.1010685,4.8927884
Grid_Cell_18,2020,0.123791285,75,344.01245,0.00564114,0.068669826,3377.0027,359.58148,0.001212852,48.642708,207.80028,14.104425,5.497883
Grid_Cell_18,2021,0.1317399,161,377.92746,0.006042831,0.07641243,3149.318,407.77454,0.000647,43.78652,214.20282,14.105036,5.2711396
Grid_Cell_18,2022,0.13724856,449,420.49536,0.005896177,0.063455805,3262.8179,459.5238,0.001144867,40.01013,230.54027,14.047602,5.555681
Grid_Cell_18,2023,0.1325723,3063,433.41254,0.006150778,0.05378083,3139.3215,461.35007,0.000891,41.621803,230.44002,14.493891,5.379543
Grid_Cell_18,2024,0.12811917,13110,372.7296,0.005715441,0.088756934,3362.8633,379.31088,0.001381653,48.54871,226.56398,14.247919,5.453188
Grid_Cell_18,2025,0.14156252,16728,452.60892,0.005951783,0.050899282,3118.7112,446.98407,0.000766,44.529922,228.66454,14.068598,5.0849547
Grid_Cell_19,2000,0.13777956,0,341.53912,0.006134708,0.14626276,2883.9282,361.26874,0.000464,42.427578,146.23491,13.194544,4.9335284
Grid_Cell_19,2001,0.14319728,0,374.31512,0.00678593,0.14366668,2514.6494,461.40625,0.000641,44.19328,174.01442,12.805811,5.2499237
Grid_Cell_19,2002,0.17731798,0,479.8568,0.006346046,0.23194465,2413.1536,507.19827,0.00102886,33.5532,221.33351,12.056452,4.6957345
Grid_Cell_19,2003,0.18279438,0,444.35422,0.005731616,0.14291231,2395.3098,498.42972,0.001986832,30.487993,228.47789,11.485498,4.1489105
Grid_Cell_19,2004,0.15067804,0,461.99307,0.006400122,0.20854262,2442.5178,491.3875,0.001064375,34.834812,228.97127,12.4717655,4.5907536
Grid_Cell_19,2005,0.15395798,0,481.36725,0.006211298,0.17555395,2508.7021,491.9627,0.001046247,27.195513,232.44995,13.397242,4.5481114
Grid_Cell_19,2006,0.18430807,0,422.17923,0.00618439,0.31197226,2591.345,444.23642,0.004096599,32.552605,226.63684,12.777185,4.5991583
Grid_Cell_19,2007,0.14692295,0,415.75522,0.005948828,0.2529293,2878.6821,407.0412,0.000666,37.44375,210.26395,13.648005,4.615418
Grid_Cell_19,2008,0.1590429,0,441.33313,0.006014711,0.15762962,2432.3645,405.29037,0.001410092,29.464264,207.72784,12.629267,4.2608237
Grid_Cell_19,2009,0.16183467,0,477.15524,0.005981393,0.18061441,2453.4587,562.54175,0.001674134,27.673805,221.51595,12.763971,4.5365024
Grid_Cell_19,2010,0.18120897,0,457.82266,0.006226825,0.20124921,2574.8816,487.7928,0.001473942,27.442554,235.20526,13.815851,4.3542495
Grid_Cell_19,2011,0.15457274,0,506.07382,0.005836974,0.26698366,2688.7043,502.17087,0.001522223,28.605537,236.24062,12.017908,4.696755
Grid_Cell_19,2012,0.18793537,0,422.256,0.00617456,0.17830503,2931.9338,418.45837,0.006597749,35.17734,202.88628,13.117945,5.083511
Grid_Cell_19,2013,0.16951992,0,429.74243,0.005813283,0.054738767,2853.7605,409.96045,0.000766,31.23293,192.08614,13.2850895,4.918241
Grid_Cell_19,2014,0.14716701,0,350.37262,0.005656883,0.05235073,3214.7761,342.14725,0.000512,38.59553,159.58307,13.092127,5.512112
Grid_Cell_19,2015,0.1512818,0,365.31238,0.005811315,0.06752753,3135.9612,368.6299,0.000603,39.939407,164.30147,13.656397,5.306061
Grid_Cell_19,2016,0.15543196,0,335.70807,0.006213925,0.041986093,2893.2576,314.6642,0.000776,40.79164,165.12085,13.363092,5.1038136
Grid_Cell_19,2017,0.14208859,0,235.72456,0.005972072,0.049478844,3135.041,210.34187,0.000345,47.374645,131.12941,13.620996,5.3057017
Grid_Cell_19,2018,0.1441014,263,208.45229,0.00575949,0.0593108,3304.5908,206.81244,0.000262,53.615715,116.66508,13.683893,5.438748
Grid_Cell_19,2019,0.1338019,70,244.4813,0.006026023,0.047673374,3039.9521,216.61777,0.000363,52.195072,122.26634,13.93844,4.944809
Grid_Cell_19,2020,0.13330273,75,342.9968,0.005787506,0.078752086,3363.5361,354.15637,0.000916,47.412388,154.78044,14.025904,5.54194
Grid_Cell_19,2021,0.14494027,161,411.06836,0.00621479,0.061978143,3127.7104,439.34506,0.000722,39.665085,167.20093,14.038416,5.321756
Grid_Cell_19,2022,0.14659622,449,468.2746,0.006096026,0.052765112,3167.4666,512.9697,0.001141154,34.32351,196.89568,13.939356,5.5233183
Grid_Cell_19,2023,0.1455706,3063,495.91,0.006306274,0.050561357,3076.7056,564.9566,0.001647716,34.333504,203.37744,14.365656,5.3670774
Grid_Cell_19,2024,0.13860697,13110,438.79837,0.005903438,0.06468941,3281.3364,469.07346,0.002110384,41.965588,209.51253,14.120569,5.4430456
Grid_Cell_19,2025,0.15913014,16728,534.5214,0.006085591,0.05285264,3064.8896,529.7914,0.001033938,36.246387,204.74304,13.971521,5.0821085
Grid_Cell_2,2000,0.13088448,0,366.12363,0.006658599,0.11411964,2733.6074,390.61328,0.002619194,36.59421,234.2081,13.31048,5.4283357
Grid_Cell_2,2001,0.1339888,0,395.44644,0.007138831,0.13979302,2521.3643,479.99518,0.003083579,41.161156,257.29767,13.316462,5.501739
Grid_Cell_2,2002,0.16497374,0,505.67096,0.006813204,0.1989766,2311.1995,560.7922,0.00526201,27.737375,308.4535,12.485071,4.9604607
Grid_Cell_2,2003,0.17214932,0,464.7921,0.006188212,0.14870134,2234.7854,544.61053,0.006822702,21.46163,322.4208,11.956537,4.3773007
Grid_Cell_2,2004,0.13655515,0,529.3399,0.006862554,0.16453466,2410.172,552.01245,0.005982411,28.813437,330.38412,12.979395,4.9115186
Grid_Cell_2,2005,0.13235547,0,554.20135,0.007046579,0.16384596,2443.7615,581.2506,0.008332907,22.758833,342.57318,13.864191,5.232598
Grid_Cell_2,2006,0.1700914,0,498.86246,0.007008356,0.13295417,2592.25,543.2843,0.008415191,26.817284,337.1083,13.280451,5.543747
Grid_Cell_2,2007,0.13159455,0,495.6104,0.006878578,0.18212686,2823.698,479.73816,0.004884867,30.008558,320.46802,14.033136,5.6064453
Grid_Cell_2,2008,0.15050024,0,484.9525,0.006897816,0.13884372,2384.1558,449.25983,0.004078521,28.84525,315.58267,13.005884,5.0815887
Grid_Cell_2,2009,0.14219762,0,560.59283,0.006825098,0.23278563,2396.3933,652.3081,0.009389494,23.257442,321.7438,13.284388,5.4144135
Grid_Cell_2,2010,0.13739195,0,535.1409,0.0071274,0.19332129,2523.773,564.1402,0.011679907,25.08963,341.55954,14.186579,5.1512017
Grid_Cell_2,2011,0.17467,0,622.851,0.006299426,0.18081236,2601.9995,649.1783,0.011197247,17.55277,346.33548,12.438654,5.0987754
Grid_Cell_2,2012,0.18378201,0,563.7081,0.006679577,0.1420337,2848.5027,633.3103,0.018199658,24.243921,329.64447,13.577478,5.422343
Grid_Cell_2,2013,0.14267993,0,546.1578,0.00628927,0.052689772,2779.1885,510.33777,0.006712808,25.135473,318.78647,13.679163,5.2503986
Grid_Cell_2,2014,0.15425915,0,506.3646,0.006275602,0.05135091,3094.532,549.8895,0.006570545,26.717665,296.218,13.546961,5.9295435
Grid_Cell_2,2015,0.15312113,0,528.89026,0.006116835,0.063637376,3047.9736,522.5591,0.005462373,24.329546,305.91727,14.007868,5.473629
Grid_Cell_2,2016,0.14287987,0,425.632,0.0065062,0.05480729,2863.3572,426.93475,0.00858778,34.96068,296.2492,13.651331,5.2071266
Grid_Cell_2,2017,0.13270883,0,279.4559,0.006248428,0.05864625,3132.8528,238.72536,0.002556195,44.652935,254.26134,13.9237,5.4546404
Grid_Cell_2,2018,0.13862363,263,275.05374,0.00609846,0.061422456,3274.305,251.98885,0.001521699,49.321274,222.9266,14.095148,5.555871
Grid_Cell_2,2019,0.123628624,70,272.058,0.00636191,0.05161134,3053.3882,245.20103,0.003054976,50.778908,207.79526,14.276117,5.111658
Grid_Cell_2,2020,0.12934703,75,449.1249,0.006195385,0.05486893,3262.0808,488.39658,0.006937213,37.391396,270.2008,14.346491,5.73692
Grid_Cell_2,2021,0.1382376,161,524.9209,0.006589495,0.059891235,2967.6125,538.91895,0.005705014,28.74326,288.19968,14.206354,5.4038105
Grid_Cell_2,2022,0.13438396,449,508.5078,0.00643066,0.05340686,3185.128,541.69025,0.00692049,30.680206,289.7678,14.249506,5.778489
Grid_Cell_2,2023,0.14089517,3063,541.44495,0.006672645,0.12239038,2976.4905,608.57245,0.006794076,29.30473,291.14304,14.57287,5.4725566
Grid_Cell_2,2024,0.13393822,13110,515.9364,0.00630625,0.056107383,3188.1746,560.2271,0.01003011,35.391167,303.85336,14.34173,5.6377683
Grid_Cell_2,2025,0.15052453,16728,580.2419,0.006435536,0.05669214,3040.0708,581.59265,0.006826263,34.94639,299.47034,14.129541,5.2612095
Grid_Cell_20,2000,0.13478349,0,339.28302,0.00650998,0.118671186,2848.209,355.8903,0.000443,43.29771,140.91219,13.3701725,5.367044
Grid_Cell_20,2001,0.13726233,0,381.80493,0.007008879,0.11756341,2556.323,457.73965,0.000565,44.730335,165.9593,13.036005,5.7262936
Grid_Cell_20,2002,0.16715914,0,484.1606,0.006621837,0.2500073,2392.9133,505.55014,0.000846,31.411623,221.2286,12.289972,5.1130633
Grid_Cell_20,2003,0.17893164,0,448.77463,0.005850736,0.14486532,2402.159,496.6175,0.001330127,25.061062,230.0245,11.677668,4.415657
Grid_Cell_20,2004,0.14873973,0,469.918,0.006475143,0.19548795,2513.2354,481.02417,0.000946,34.23498,232.00555,12.5793705,4.8684516
Grid_Cell_20,2005,0.14737037,0,489.86252,0.006423383,0.17627166,2586.9517,473.19876,0.000828,28.934542,229.14423,13.489893,4.906639
Grid_Cell_20,2006,0.18057168,0,430.38074,0.006433924,0.17779213,2631.8462,443.12402,0.002269051,34.12924,218.68744,12.790674,4.9761786
Grid_Cell_20,2007,0.14181013,0,427.98837,0.006254941,0.24403831,2919.439,412.38394,0.000659,38.687675,211.15167,13.70376,5.014459
Grid_Cell_20,2008,0.15746503,0,431.74844,0.006237095,0.18026854,2500.871,391.9005,0.000634,33.331287,199.78021,12.654474,4.6296425
Grid_Cell_20,2009,0.15543312,0,482.38245,0.006207088,0.18752673,2505.8403,571.6969,0.001412045,29.382132,219.77884,12.82696,4.9487286
Grid_Cell_20,2010,0.17815708,0,482.48663,0.00662801,0.1684846,2614.7695,488.06497,0.001352558,27.68849,243.35709,13.883173,4.870448
Grid_Cell_20,2011,0.14574619,0,510.13895,0.00624309,0.26251033,2659.602,496.4825,0.001046832,31.331015,237.26886,12.038935,5.215625
Grid_Cell_20,2012,0.18025625,0,414.63586,0.006613351,0.16433038,2843.956,403.8633,0.004500519,37.501137,197.13766,13.01037,5.488907
Grid_Cell_20,2013,0.16442424,0,438.41913,0.006231629,0.04665574,2801.0342,422.65802,0.000661,32.849422,193.79758,13.182062,5.3369393
Grid_Cell_20,2014,0.14643589,0,350.62857,0.006129352,0.04902587,3074.742,342.0857,0.000416,40.208675,162.21503,12.929773,5.9110165
Grid_Cell_20,2015,0.15331037,0,369.27164,0.006569506,0.06256214,2964.1873,369.33408,0.000571,41.762928,165.16156,13.499872,5.817396
Grid_Cell_20,2016,0.15339452,0,365.44974,0.006909243,0.047013875,2820.256,348.29617,0.000817,42.78458,166.21892,13.431574,5.7266283
Grid_Cell_20,2017,0.14093798,0,245.10544,0.006515208,0.05247197,2975.9934,221.50261,0.000298,51.16749,132.30052,13.356836,5.7106676
Grid_Cell_20,2018,0.14296842,263,194.18332,0.006059089,0.063171566,3111.4023,188.15544,0.000183,59.306103,115.28855,13.051905,5.6174464
Grid_Cell_20,2019,0.13167652,70,241.0739,0.006400985,0.06663945,2860.0654,219.96144,0.000295,55.915867,120.2667,13.409143,5.167001
Grid_Cell_20,2020,0.13394946,75,337.85388,0.006302243,0.053883635,3155.2908,353.60495,0.00086,49.330067,155.12155,13.6192875,5.845458
Grid_Cell_20,2021,0.144944,161,413.51996,0.006726505,0.05309881,2902.6125,439.53732,0.000687,41.790337,168.8634,13.613886,5.6175094
Grid_Cell_20,2022,0.14537877,449,474.54074,0.006603677,0.0540252,2935.344,515.32196,0.001108312,36.99255,201.93947,13.488092,5.8080783
Grid_Cell_20,2023,0.1442081,3063,498.2255,0.006772566,0.05475783,2840.7778,564.7806,0.001383141,37.791958,211.67377,13.790186,5.556872
Grid_Cell_20,2024,0.13921526,13110,447.78812,0.006444179,0.055916976,3014.4583,469.5811,0.001676715,43.932594,223.24004,13.619379,5.7073593
Grid_Cell_20,2025,0.15764466,16728,536.4033,0.006535244,0.057690766,2845.1929,530.2393,0.000884,37.791195,216.8293,13.498926,5.3146152
Grid_Cell_21,2000,0.15397912,0,470.98648,0.005955689,0.2916343,2321.5403,525.0351,0.001177021,37.06616,183.29686,11.205805,3.9174027
Grid_Cell_21,2001,0.16319352,0,468.6078,0.006446804,0.20695874,2095.5435,602.4327,0.00129475,38.82572,199.49092,11.275232,3.9563622
Grid_Cell_21,2002,0.19833685,0,628.2196,0.00622895,0.2611515,1968.0837,675.90826,0.002594493,25.517385,261.78522,10.543909,3.7186453
Grid_Cell_21,2003,0.22498752,0,542.8772,0.005640089,0.17132622,2090.4102,588.17017,0.009360277,24.604887,249.62936,9.915796,3.7399037
Grid_Cell_21,2004,0.15964717,0,607.1567,0.006608691,0.2961507,1830.994,714.1752,0.002559563,24.715078,267.02765,11.236475,3.630371
Grid_Cell_21,2005,0.16658397,0,607.1937,0.00609363,0.23004144,2094.4895,723.5536,0.002927062,19.946558,260.7556,12.07583,3.7595842
Grid_Cell_21,2006,0.20683165,0,581.74493,0.005915352,0.24411224,2307.9014,642.1842,0.004064472,21.675625,242.89098,12.051325,3.7970006
Grid_Cell_21,2007,0.16900688,0,556.29236,0.005507099,0.24429183,2645.6777,564.82166,0.001541627,27.77912,214.67824,12.744165,3.8759317
Grid_Cell_21,2008,0.18489258,0,592.78674,0.005864909,0.26808137,2144.7583,586.60297,0.004036694,22.532698,236.79054,11.44784,3.5807009
Grid_Cell_21,2009,0.18730973,0,577.2767,0.005756413,0.21978062,2065.3357,653.3039,0.001633072,21.357782,240.51624,11.567163,3.6156805
Grid_Cell_21,2010,0.18708202,0,615.81915,0.00577188,0.25739923,2351.1477,692.38904,0.003141219,18.08827,248.24413,12.738092,3.8327427
Grid_Cell_21,2011,0.18210821,0,615.49725,0.005712159,0.23568375,2304.5085,611.68823,0.003170887,23.883924,235.17142,10.565027,4.0477824
Grid_Cell_21,2012,0.22665426,0,566.9403,0.005933129,0.22487482,2535.182,556.23773,0.007577049,22.521132,203.66379,11.818628,4.390239
Grid_Cell_21,2013,0.18851908,0,521.95605,0.00566179,0.05046361,2469.1064,538.08734,0.001607308,25.013103,196.86212,12.380579,4.1679325
Grid_Cell_21,2014,0.16330658,0,501.2054,0.005405191,0.058902383,2835.8718,493.58374,0.001284753,27.142921,177.50594,12.081537,4.754304
Grid_Cell_21,2015,0.14169393,0,535.7126,0.005459664,0.061094273,2977.926,535.9143,0.001189897,28.643139,176.12332,12.944971,5.0178075
Grid_Cell_21,2016,0.17000994,0,443.86536,0.005917283,0.04607546,2487.3743,438.33963,0.0011186,32.871506,179.6096,12.031061,4.277516
Grid_Cell_21,2017,0.14649044,0,389.11374,0.005801386,0.055702504,2670.1719,345.33325,0.000863,35.062378,158.89986,12.581568,4.4708734
Grid_Cell_21,2018,0.13720098,263,383.77518,0.005679247,0.06415548,3007.953,425.77814,0.00167751,40.185013,151.19498,13.210596,4.75183
Grid_Cell_21,2019,0.12052774,70,342.76776,0.005807763,0.060476005,2837.4902,247.6105,0.000419,43.752876,146.42987,13.477167,4.4548087
Grid_Cell_21,2020,0.12597817,75,491.66837,0.005533476,0.073399186,3147.734,495.66772,0.001459078,35.333725,166.003,13.473169,5.043238
Grid_Cell_21,2021,0.14765297,161,620.75464,0.005909793,0.043629378,2747.4558,719.1536,0.002069099,21.841421,208.07198,13.127649,4.717989
Grid_Cell_21,2022,0.14578709,449,600.7949,0.005570612,0.063215025,3046.1716,586.9638,0.001183003,21.390184,204.72006,13.329096,5.0648932
Grid_Cell_21,2023,0.14565592,3063,643.48334,0.006034675,0.061643835,2814.7288,707.56635,0.001861205,21.278545,210.5578,13.786066,4.941735
Grid_Cell_21,2024,0.13662057,13110,558.5704,0.005436231,0.06273967,3275.1785,538.65247,0.001451122,31.661821,188.4084,13.876001,5.0533466
Grid_Cell_21,2025,0.14537747,16728,608.68567,0.005855231,0.052636113,2870.874,624.5598,0.001563931,33.363853,197.04207,13.382624,4.5219874
Grid_Cell_22,2000,0.15487267,0,463.00604,0.005858712,0.24116609,2371.8965,509.58707,0.00102152,37.07068,178.60191,11.191858,3.9129615
Grid_Cell_22,2001,0.16264363,0,449.697,0.006367499,0.20281637,2130.1794,575.6583,0.001224055,40.378765,192.02884,11.192286,3.9403348
Grid_Cell_22,2002,0.20042163,0,602.8645,0.006120163,0.30444676,1995.3513,648.6912,0.002328014,26.60955,254.81172,10.451899,3.698303
Grid_Cell_22,2003,0.24418537,0,524.5777,0.005509966,0.15818956,2118.7266,568.94617,0.009908661,23.996023,242.79143,9.812342,3.7607255
Grid_Cell_22,2004,0.16269246,0,602.15594,0.006450853,0.27574062,1893.7139,693.0489,0.002395324,24.82479,262.87842,11.133265,3.6903095
Grid_Cell_22,2005,0.17271389,0,593.2412,0.006004667,0.2884948,2101.8699,696.7782,0.002679257,20.059963,258.79855,11.932032,3.7766047
Grid_Cell_22,2006,0.20885493,0,571.59393,0.005834732,0.26422763,2321.2373,619.03766,0.004042326,21.864838,241.56929,11.888056,3.8241923
Grid_Cell_22,2007,0.17128377,0,541.5363,0.00541714,0.24950533,2661.16,544.3578,0.001376647,28.133537,212.18642,12.614801,3.8874385
Grid_Cell_22,2008,0.18748435,0,580.46204,0.00576977,0.3789406,2147.7705,571.7009,0.003571636,22.676607,233.2511,11.32995,3.563283
Grid_Cell_22,2009,0.1926238,0,564.89557,0.00567402,0.24010414,2072.4094,635.00116,0.001506353,21.462627,237.80988,11.434107,3.6248927
Grid_Cell_22,2010,0.19485067,0,608.3207,0.005698085,0.2612287,2352.6316,677.5888,0.003263281,17.654781,248.818,12.590387,3.8266125
Grid_Cell_22,2011,0.18793899,0,613.48956,0.005657696,0.22331703,2304.759,611.6753,0.003402747,22.949839,237.0596,10.413233,4.0831246
Grid_Cell_22,2012,0.231996,0,564.7679,0.005882934,0.15516977,2536.4502,556.4639,0.007575632,22.241217,206.708,11.663294,4.430437
Grid_Cell_22,2013,0.1945018,0,523.60956,0.005611386,0.07923257,2471.0037,537.91455,0.001629243,24.372421,200.0403,12.209406,4.205433
Grid_Cell_22,2014,0.16623437,0,499.69452,0.005355181,0.07153695,2836.4778,490.95288,0.00127076,27.270264,179.08612,11.906855,4.7699547
Grid_Cell_22,2015,0.14388661,0,535.33246,0.005476181,0.07357146,2969.4043,536.8939,0.00114126,28.556429,177.91547,12.867151,5.066369
Grid_Cell_22,2016,0.17238168,0,483.45877,0.005936272,0.05380918,2465.3794,490.72733,0.001422749,29.513823,190.71663,11.9813175,4.3596883
Grid_Cell_22,2017,0.14979357,0,420.3549,0.005798948,0.06223579,2668.6448,374.28372,0.001123925,32.535645,168.50699,12.549158,4.52512
Grid_Cell_22,2018,0.14042887,263,406.30505,0.005664185,0.06527761,3001.4082,453.20148,0.001539473,37.963905,158.72218,13.162989,4.7975836
Grid_Cell_22,2019,0.12238894,70,366.13358,0.005805683,0.07091415,2841.2021,263.9369,0.000477,42.09437,153.52716,13.402582,4.5361104
Grid_Cell_22,2020,0.12597756,75,491.19012,0.005515778,0.06452361,3184.9363,493.46622,0.001448159,35.85127,166.71289,13.39538,5.188149
Grid_Cell_22,2021,0.14976855,161,620.33673,0.005896039,0.05166098,2774.5137,715.311,0.001993716,22.588358,208.50348,13.0793705,4.8176465
Grid_Cell_22,2022,0.14608431,449,602.6363,0.005576475,0.072307885,3076.332,589.14215,0.001190065,22.418617,205.02827,13.263971,5.1726675
Grid_Cell_22,2023,0.14794068,3063,640.22504,0.006045056,0.051646,2836.9749,707.7769,0.001902695,22.584734,211.35663,13.707453,5.044303
Grid_Cell_22,2024,0.13717932,13110,558.7823,0.005441312,0.07996336,3282.686,538.2772,0.001525265,32.364872,189.74286,13.782953,5.133748
Grid_Cell_22,2025,0.14561136,16728,609.607,0.005838577,0.056147713,2895.275,624.46497,0.001511136,33.381096,198.28493,13.334162,4.620671
Grid_Cell_23,2000,0.15483631,0,450.74826,0.005814899,0.25753033,2445.61,496.1129,0.000917,37.53206,178.51523,11.370142,3.926149
Grid_Cell_23,2001,0.16091675,0,435.44965,0.006345577,0.17953877,2181.5776,560.04803,0.001244986,41.599102,193.2943,11.301508,3.9403691
Grid_Cell_23,2002,0.20025827,0,579.7903,0.006067354,0.26108947,2036.0386,619.8509,0.002042233,27.517393,252.85716,10.556971,3.6901522
Grid_Cell_23,2003,0.2466701,0,510.84222,0.005439962,0.15361163,2170.2441,552.8228,0.00963048,24.37102,242.06975,9.91485,3.7733967
Grid_Cell_23,2004,0.16335224,0,592.5455,0.006352749,0.27189904,1977.1318,674.1046,0.00225526,25.285103,260.51602,11.248499,3.755166
Grid_Cell_23,2005,0.17552435,0,580.08466,0.005962048,0.25197682,2138.2317,667.07385,0.002322514,20.539692,259.1744,12.006281,3.7941048
Grid_Cell_23,2006,0.20935452,0,555.759,0.005794417,0.27986827,2359.2537,581.83813,0.003835473,22.501139,243.06984,11.931299,3.84611
Grid_Cell_23,2007,0.16830239,0,525.07935,0.00536752,0.21202828,2708.2974,521.49854,0.00125149,28.970339,213.30043,12.696466,3.9024384
Grid_Cell_23,2008,0.1819862,0,565.57935,0.005711293,0.21457689,2179.094,556.3831,0.003105587,23.30396,233.05534,11.425837,3.5534127
Grid_Cell_23,2009,0.19320571,0,550.3609,0.005626992,0.21762596,2113.9612,616.94135,0.00139825,21.944056,238.05176,11.527124,3.6448586
Grid_Cell_23,2010,0.1997046,0,595.6836,0.005660099,0.22294249,2385.2957,660.53015,0.002879319,18.035736,251.64201,12.646997,3.812229
Grid_Cell_23,2011,0.19012588,0,608.38007,0.005623248,0.22912852,2335.981,611.7962,0.003512842,22.61949,244.39941,10.47677,4.093296
Grid_Cell_23,2012,0.23252052,0,562.39734,0.005855062,0.18810819,2570.036,556.3433,0.008087094,22.531988,215.57982,11.717707,4.4438934
Grid_Cell_23,2013,0.19809169,0,525.3645,0.00558465,0.05237908,2499.7866,537.92426,0.001701452,23.727102,209.11948,12.255213,4.2167683
Grid_Cell_23,2014,0.16796365,0,498.38876,0.005330009,0.061230782,2865.5132,488.9927,0.001263247,27.153091,185.54752,11.943079,4.763482
Grid_Cell_23,2015,0.14702451,0,533.70703,0.005415133,0.054070402,2974.0972,530.2541,0.001037661,28.51382,184.08437,12.753443,5.039588
Grid_Cell_23,2016,0.17472759,0,485.25638,0.005866244,0.04867933,2478.0356,489.94644,0.001416182,28.77023,196.81142,11.8805485,4.375091
Grid_Cell_23,2017,0.1500169,0,406.90674,0.005713986,0.059936646,2698.5247,359.01578,0.001019079,33.334194,170.088,12.480524,4.517517
Grid_Cell_23,2018,0.14469887,263,388.39108,0.005574024,0.07030344,3013.82,431.19324,0.001208127,38.728016,157.42159,13.075251,4.7567616
Grid_Cell_23,2019,0.12528749,70,355.1964,0.00572492,0.057091735,2849.9233,258.17615,0.000481,42.80554,155.15193,13.281122,4.502001
Grid_Cell_23,2020,0.12846284,75,489.53043,0.005429569,0.056183327,3185.6033,488.67444,0.001371902,36.2002,172.73378,13.273432,5.1254444
Grid_Cell_23,2021,0.15319808,161,619.53534,0.005809697,0.048391387,2792.2,715.0183,0.002038318,22.652634,214.97636,12.994349,4.798297
Grid_Cell_23,2022,0.14961338,449,605.32227,0.005509205,0.06147463,3098.5754,592.76447,0.001292123,22.630953,211.30424,13.170801,5.1843452
Grid_Cell_23,2023,0.15159798,3063,635.26996,0.005971134,0.052476253,2853.8816,705.4247,0.00194226,23.022453,217.93384,13.597406,5.041084
Grid_Cell_23,2024,0.14058062,13110,556.5831,0.005374151,0.15153335,3277.6558,537.6409,0.001559104,32.67498,195.42638,13.64123,5.0954757
Grid_Cell_23,2025,0.14736447,16728,608.9388,0.00575373,0.05075211,2926.7375,624.3107,0.001526681,33.657387,204.47342,13.247339,4.6423645
Grid_Cell_24,2000,0.14990091,0,460.5851,0.00585271,0.2506838,2512.5605,483.11386,0.000793,34.07646,169.52914,11.866846,3.9467502
Grid_Cell_24,2001,0.15950565,0,438.98553,0.006413769,0.18146278,2216.303,548.9111,0.001110507,38.4798,183.34323,11.721247,3.9517047
Grid_Cell_24,2002,0.19397455,0,557.93536,0.006097841,0.23465551,2090.6428,590.6531,0.002564753,27.652916,239.7627,10.969538,3.6856318
Grid_Cell_24,2003,0.2262636,0,488.84265,0.005467294,0.14603053,2227.7744,538.70184,0.012971455,25.375397,222.68286,10.32168,3.7694242
Grid_Cell_24,2004,0.1568376,0,560.4106,0.006357465,0.27556917,2060.1646,655.68274,0.001950471,25.48297,243.77907,11.669825,3.8025365
Grid_Cell_24,2005,0.16664253,0,541.7533,0.006001753,0.32261124,2208.2263,634.7571,0.002169243,21.378595,244.38048,12.416254,3.8106115
Grid_Cell_24,2006,0.2021788,0,520.93445,0.005829534,0.2509096,2442.9507,536.7568,0.00662264,24.192238,223.94467,12.309534,3.8699114
Grid_Cell_24,2007,0.15926737,0,499.22736,0.005394822,0.22535616,2794.4812,495.64114,0.001124363,30.04113,196.20793,13.095911,3.920966
Grid_Cell_24,2008,0.16924109,0,545.87366,0.005731054,0.20957151,2230.2766,539.3421,0.004247496,22.577698,209.4506,11.842737,3.556794
Grid_Cell_24,2009,0.18520613,0,525.3287,0.005654533,0.24618307,2185.5706,597.12225,0.001488171,21.673714,217.7261,11.945917,3.6713996
Grid_Cell_24,2010,0.19620085,0,545.8719,0.005696451,0.19209039,2454.8408,617.6445,0.003381918,19.352015,231.25899,13.057093,3.7975714
Grid_Cell_24,2011,0.18020803,0,565.69086,0.005626628,0.22763123,2433.506,554.33594,0.003287401,23.201418,219.84758,10.975428,4.1120286
Grid_Cell_24,2012,0.22984566,0,508.15286,0.005860181,0.16299494,2684.4807,502.49084,0.009273446,24.061401,184.91374,12.215662,4.4747334
Grid_Cell_24,2013,0.1890914,0,467.6796,0.005603985,0.060011927,2616.8018,461.20535,0.000867,26.069702,171.85556,12.728266,4.253549
Grid_Cell_24,2014,0.15613085,0,430.85315,0.005340783,0.07346327,2988.786,419.73767,0.000808,30.397266,151.29457,12.413141,4.7879343
Grid_Cell_24,2015,0.14433622,0,449.50485,0.005408588,0.07163601,3082.1038,438.345,0.000564,32.873158,145.43265,13.217737,4.958869
Grid_Cell_24,2016,0.16537362,0,400.2341,0.005851501,0.06383655,2592.2495,405.23544,0.000874,32.74803,152.94441,12.364832,4.340904
Grid_Cell_24,2017,0.14362726,0,314.4263,0.005684811,0.06854368,2837.3481,286.73892,0.000491,38.26278,127.35758,12.994318,4.488168
Grid_Cell_24,2018,0.13973051,263,322.51648,0.00554435,0.07718903,3117.0198,369.91296,0.000792,42.01095,127.58799,13.551996,4.693577
Grid_Cell_24,2019,0.12582783,70,307.83408,0.005716506,0.06423301,2930.6074,231.60275,0.000391,44.20738,134.70155,13.7234745,4.420939
Grid_Cell_24,2020,0.12625931,75,423.22836,0.005427937,0.06794926,3266.6824,430.96292,0.000871,39.30755,142.85747,13.717554,4.9994197
Grid_Cell_24,2021,0.14605397,161,529.56055,0.005808974,0.06906955,2894.4465,575.4197,0.00104788,27.766445,168.91925,13.467646,4.7035027
Grid_Cell_24,2022,0.13983917,449,531.39197,0.005522821,0.07271004,3203.949,532.09875,0.00091,26.955986,174.49406,13.63656,5.122976
Grid_Cell_24,2023,0.14673783,3063,557.3804,0.00598535,0.06669461,2946.1235,604.8011,0.001154051,27.102282,178.5867,14.047266,4.9550567
Grid_Cell_24,2024,0.13805506,13110,474.7549,0.00538355,0.07231265,3361.4775,476.9319,0.001080983,37.09002,169.94176,14.047754,4.9936595
Grid_Cell_24,2025,0.14373249,16728,537.7134,0.0057602,0.066094026,3029.2915,535.3883,0.000808,37.4538,165.71954,13.696619,4.6056886
Grid_Cell_25,2000,0.14832155,0,418.78024,0.005824264,0.1830782,2591.3877,469.14084,0.000943,36.992786,205.58685,12.137781,3.9779427
Grid_Cell_25,2001,0.15726647,0,410.55023,0.006410629,0.15709008,2254.5146,537.9674,0.001478781,40.256165,227.44992,11.907465,3.974136
Grid_Cell_25,2002,0.18980223,0,560.1483,0.00605817,0.16538264,2114.9893,563.31396,0.001802781,26.811369,277.10504,11.145685,3.6898782
Grid_Cell_25,2003,0.21699637,0,506.66806,0.005454192,0.12805232,2252.9463,526.36285,0.004432096,25.753897,268.20578,10.488642,3.745075
Grid_Cell_25,2004,0.15523805,0,577.2578,0.006303254,0.2536245,2115.5532,635.7919,0.002264365,24.765331,279.8241,11.853785,3.834333
Grid_Cell_25,2005,0.16591972,0,578.0197,0.0059755,0.19795482,2214.019,606.9773,0.001940397,19.58217,281.23184,12.615442,3.8297896
Grid_Cell_25,2006,0.20123647,0,534.6774,0.005800311,0.16527607,2451.1736,499.1771,0.002074387,23.082611,263.81284,12.475,3.8975143
Grid_Cell_25,2007,0.15339814,0,482.02945,0.005370996,0.2036104,2809.688,472.60153,0.001344932,31.42177,235.52597,13.263269,3.9475412
Grid_Cell_25,2008,0.16526754,0,528.9737,0.005692652,0.19541651,2235.3237,523.37805,0.001513251,23.029064,255.0896,12.032251,3.574451
Grid_Cell_25,2009,0.18275075,0,517.26544,0.005621369,0.18691589,2203.9475,579.6382,0.001348308,22.168678,258.15604,12.138086,3.7090366
Grid_Cell_25,2010,0.1970492,0,578.95764,0.005679253,0.17523165,2438.5598,592.44696,0.001896243,17.057154,274.798,13.274378,3.8050373
Grid_Cell_25,2011,0.17357825,0,561.993,0.00556857,0.18845282,2529.7524,535.1162,0.00138001,24.023428,258.0769,11.323999,4.1809673
Grid_Cell_25,2012,0.21991321,0,509.22986,0.005799673,0.19302414,2795.4622,484.3544,0.003759214,25.183647,229.7785,12.548334,4.564658
Grid_Cell_25,2013,0.18241692,0,435.4794,0.005564996,0.057702817,2725.429,435.60938,0.000998,29.832914,211.29799,13.045893,4.357967
Grid_Cell_25,2014,0.15132773,0,412.0255,0.005287215,0.07186402,3097.5269,393.34573,0.00059,32.00691,192.12419,12.736628,4.8982763
Grid_Cell_25,2015,0.14136122,0,430.3986,0.00540127,0.077229105,3122.3496,420.58115,0.000676,35.29319,192.04747,13.478846,4.9485264
Grid_Cell_25,2016,0.1626253,0,381.6087,0.005848229,0.06597053,2630.5115,384.30298,0.001166554,33.532143,201.26424,12.643061,4.3751936
Grid_Cell_25,2017,0.14160588,0,296.1106,0.005656431,0.061627954,2917.8057,246.28105,0.00044,40.332283,170.56876,13.269342,4.5388184
Grid_Cell_25,2018,0.13834876,263,304.27206,0.00551061,0.08517742,3194.6316,349.3357,0.000908,44.248394,163.50308,13.7987,4.7381997
Grid_Cell_25,2019,0.12722851,70,301.16187,0.005685543,0.05963137,2982.855,227.4642,0.000518,45.14352,172.82472,13.941553,4.443987
Grid_Cell_25,2020,0.12643439,75,429.73264,0.005392479,0.06350234,3348.5303,422.66428,0.001082865,39.11019,193.60876,13.999964,5.0673842
Grid_Cell_25,2021,0.14457215,161,490.5272,0.005799807,0.05772929,2981.0735,546.8332,0.001207401,31.106571,213.93285,13.732569,4.740523
Grid_Cell_25,2022,0.13951743,449,509.1418,0.005530215,0.06589372,3279.0217,526.5313,0.001193185,29.702015,217.33104,13.896051,5.164722
Grid_Cell_25,2023,0.1446516,3063,542.5768,0.005977086,0.06635952,3004.1194,584.4064,0.001350627,29.07808,226.50804,14.317499,4.9689264
Grid_Cell_25,2024,0.1367618,13110,469.65067,0.005372003,0.12812008,3421.1519,465.07846,0.001347244,38.669533,207.93417,14.273279,5.0349617
Grid_Cell_25,2025,0.14341748,16728,523.57294,0.00574325,0.061261043,3088.7446,518.07477,0.00097,38.66439,215.31773,13.940332,4.651577
Grid_Cell_26,2000,0.14536658,0,429.84424,0.005772231,0.18524647,2680.0596,451.93124,0.000694,35.33735,172.0177,12.322962,4.0275497
Grid_Cell_26,2001,0.1547516,0,413.65524,0.00638204,0.16996308,2301.8518,525.55066,0.001106935,38.741524,191.88905,12.007502,4.018143
Grid_Cell_26,2002,0.1872176,0,516.9008,0.005995217,0.17623748,2185.2402,540.6685,0.002576363,28.91678,241.90231,11.237299,3.7054946
Grid_Cell_26,2003,0.21926036,0,459.10483,0.005438164,0.11973384,2272.93,515.5942,0.011693384,26.742544,231.50414,10.570887,3.7241845
Grid_Cell_26,2004,0.15387306,0,524.2088,0.006249695,0.17374945,2188.6968,612.0494,0.001824894,26.962645,247.41301,11.934931,3.8685882
Grid_Cell_26,2005,0.16329992,0,513.4821,0.005930472,0.23192115,2312.8782,584.27783,0.001906332,22.593695,250.18132,12.736902,3.8580432
Grid_Cell_26,2006,0.19784465,0,479.7011,0.005752726,0.22283414,2538.2527,472.79053,0.0056176,25.467985,230.45491,12.557428,3.9350827
Grid_Cell_26,2007,0.15062976,0,456.80063,0.005337129,0.16060595,2873.2317,450.74448,0.001110558,31.530148,203.12456,13.347834,3.980144
Grid_Cell_26,2008,0.16052806,0,509.8841,0.005639469,0.2616553,2290.857,505.50333,0.003454081,22.176737,217.31787,12.142847,3.60594
Grid_Cell_26,2009,0.17902109,0,495.37268,0.005572321,0.189283,2284.8027,563.9479,0.001679089,21.814405,226.80174,12.253321,3.7549613
Grid_Cell_26,2010,0.19443752,0,513.51074,0.00565229,0.19174942,2525.8623,574.4801,0.002095456,19.806833,239.5437,13.396204,3.836955
Grid_Cell_26,2011,0.17096996,0,550.6195,0.005527868,0.17907502,2619.7146,535.3312,0.002796517,23.415741,232.08557,11.4725895,4.268022
Grid_Cell_26,2012,0.21723014,0,482.72263,0.005767241,0.18443365,2883.5576,484.55908,0.010287842,25.971804,199.24716,12.642389,4.668176
Grid_Cell_26,2013,0.1808689,0,450.86832,0.005536876,0.03872693,2814.115,435.67416,0.000848,26.986917,181.08344,13.1471195,4.47783
Grid_Cell_26,2014,0.14936465,0,406.46027,0.005247986,0.07131754,3199.0513,392.19336,0.000688,30.818497,154.80867,12.834101,5.0277286
Grid_Cell_26,2015,0.14032198,0,427.81738,0.005393239,0.06906618,3203.0542,425.02213,0.000595,33.748295,151.41364,13.610376,5.01952
Grid_Cell_26,2016,0.15966195,0,387.13074,0.005846897,0.0594856,2709.9058,389.34573,0.001021936,32.316822,167.38478,12.798334,4.489777
Grid_Cell_26,2017,0.13913132,0,266.30475,0.005627873,0.10076426,3051.776,224.50067,0.000404,40.64669,133.7324,13.487238,4.701969
Grid_Cell_26,2018,0.13597259,263,295.40094,0.005486593,0.08539858,3318.2375,342.10834,0.000754,43.342384,126.11506,14.037561,4.9144325
Grid_Cell_26,2019,0.12664524,70,296.31805,0.005670961,0.06115108,3075.7373,236.85156,0.000493,43.488075,143.91031,14.205744,4.5714526
Grid_Cell_26,2020,0.12467868,75,421.52985,0.005362981,0.06150306,3488.1018,425.1264,0.000907,38.209187,157.38248,14.306665,5.234563
Grid_Cell_26,2021,0.14160644,161,504.57153,0.005799173,0.07149556,3075.3,546.48975,0.001003558,28.664684,177.60107,13.99618,4.8569956
Grid_Cell_26,2022,0.14013363,449,522.3707,0.005529568,0.07192193,3375.1814,529.87604,0.000937,26.85034,185.59932,14.183954,5.294825
Grid_Cell_26,2023,0.14258774,3063,537.409,0.005955672,0.06626077,3101.3809,583.8793,0.001059058,27.72014,189.12607,14.621454,5.0753646
Grid_Cell_26,2024,0.13616608,13110,456.50247,0.005354141,0.07220768,3519.2341,465.23883,0.001138536,37.510918,181.40862,14.522028,5.156067
Grid_Cell_26,2025,0.1420542,16728,530.01825,0.005730304,0.056089018,3161.9648,518.98145,0.000799,36.340385,179.59004,14.204157,4.758316
Grid_Cell_27,2000,0.15418202,0,400.9533,0.005747431,0.10088742,2730.2324,430.53912,0.000665,35.817013,189.12561,12.473444,4.0828967
Grid_Cell_27,2001,0.16571222,0,388.72775,0.006366269,0.11603277,2327.5605,510.49118,0.001113038,38.417835,208.42023,12.108973,4.0819445
Grid_Cell_27,2002,0.19719589,0,493.72617,0.005949806,0.2001611,2224.1094,524.0063,0.002366781,29.156673,252.62863,11.328272,3.7411113
Grid_Cell_27,2003,0.2292781,0,433.17838,0.005432942,0.113833025,2263.5242,505.59982,0.011973873,26.254951,250.8763,10.651911,3.7141159
Grid_Cell_27,2004,0.16633601,0,485.784,0.006210822,0.1869968,2222.399,581.3168,0.001795301,27.374231,256.1753,12.003992,3.9105282
Grid_Cell_27,2005,0.17573574,0,475.58063,0.005894613,0.1977528,2349.4783,565.0009,0.001881301,23.19762,260.17188,12.861597,3.8855774
Grid_Cell_27,2006,0.20687586,0,442.3601,0.00572302,0.18922001,2565.9148,455.16708,0.005423777,26.166512,248.33476,12.639002,3.9625485
Grid_Cell_27,2007,0.1619125,0,421.82266,0.005325424,0.18571933,2889.9014,427.32684,0.001072024,32.0817,228.1757,13.437098,4.0031233
Grid_Cell_27,2008,0.16909559,0,484.67355,0.005607973,0.20613435,2307.8347,482.9165,0.004591622,21.727222,240.6251,12.258631,3.6350725
Grid_Cell_27,2009,0.18806206,0,478.2504,0.005542379,0.18768024,2319.3564,547.9315,0.002161014,21.180973,245.21706,12.373072,3.795886
Grid_Cell_27,2010,0.20304064,0,476.04553,0.005647376,0.154849,2560.0173,553.7322,0.001952952,20.714237,253.08484,13.537622,3.873496
Grid_Cell_27,2011,0.18305181,0,533.4864,0.005518155,0.26223263,2668.5247,535.3193,0.002893603,22.540672,251.73465,11.636408,4.361926
Grid_Cell_27,2012,0.22643991,0,460.96622,0.005764765,0.19441192,2938.3489,484.67105,0.011208815,25.975376,232.55661,12.773005,4.780847
Grid_Cell_27,2013,0.19158132,0,448.77203,0.005535698,0.039380092,2861.2102,435.62988,0.000976,24.711327,217.80414,13.274103,4.604371
Grid_Cell_27,2014,0.16086721,0,412.7102,0.005234564,0.050162062,3254.6038,391.90176,0.000956,28.476255,191.14084,12.950739,5.1621466
Grid_Cell_27,2015,0.1519802,0,433.30054,0.005374623,0.055504467,3248.0579,428.12387,0.00073,31.391687,186.3569,13.72677,5.112876
Grid_Cell_27,2016,0.16965687,0,376.8492,0.005829752,0.03655536,2774.0383,372.66223,0.001154816,31.600492,200.42343,12.94372,4.6305556
Grid_Cell_27,2017,0.15009777,0,253.62125,0.005587513,0.04944517,3144.548,209.1744,0.000659,39.617023,165.52312,13.625452,4.8776884
Grid_Cell_27,2018,0.14915478,263,282.64398,0.005444299,0.0663372,3399.7737,312.093,0.000655,42.12081,149.40483,14.138758,5.0800834
Grid_Cell_27,2019,0.14047386,70,279.31778,0.005651249,0.039294038,3122.2075,238.167,0.000652,42.603447,168.9015,14.2792,4.6957335
Grid_Cell_27,2020,0.13810064,75,426.6178,0.005334484,0.04657057,3528.9075,424.53723,0.000998,35.751934,196.12909,14.364038,5.353006
Grid_Cell_27,2021,0.15542574,161,504.9041,0.005786639,0.047709245,3117.8408,546.0922,0.001125911,26.579363,211.43718,14.085596,4.9782286
Grid_Cell_27,2022,0.15547884,449,516.30115,0.005526349,0.05430371,3406.6572,534.34406,0.001097709,24.77311,216.74324,14.261469,5.4098935
Grid_Cell_27,2023,0.15605016,3063,536.6174,0.005930415,0.039354548,3145.8735,584.2757,0.001257692,25.422829,221.54172,14.704035,5.1932073
Grid_Cell_27,2024,0.1491352,13110,449.33032,0.005342344,0.06185641,3542.3474,465.2981,0.001469149,35.736755,215.4777,14.5637455,5.2632003
Grid_Cell_27,2025,0.15532355,16728,536.709,0.005720199,0.052824818,3181.2922,519.9561,0.000949,33.792862,213.98886,14.271204,4.846984
Grid_Cell_28,2000,0.15960395,0,379.98892,0.005729997,0.15069939,2796.253,406.99646,0.000598,38.252068,194.07947,12.596521,4.1517043
Grid_Cell_28,2001,0.17107773,0,375.7267,0.006350365,0.16408463,2375.0425,493.86133,0.001060976,39.79276,212.61644,12.189997,4.170677
Grid_Cell_28,2002,0.20104945,0,483.788,0.005908673,0.1683212,2294.1199,512.8585,0.001926391,31.453,253.78459,11.40896,3.7987483
Grid_Cell_28,2003,0.22308527,0,426.5115,0.005443325,0.112143554,2273.1548,496.31616,0.009710353,27.884869,254.18964,10.739222,3.7139447
Grid_Cell_28,2004,0.17139244,0,462.16968,0.006194996,0.18217194,2299.4082,547.2939,0.001610287,32.090416,256.13803,12.054285,3.9608698
Grid_Cell_28,2005,0.1847578,0,457.3729,0.005864582,0.2,2413.4897,547.15717,0.001749962,25.777712,261.47702,12.955439,3.916502
Grid_Cell_28,2006,0.21013704,0,418.59686,0.005701171,0.17595738,2593.8704,439.62048,0.004727651,28.093645,252.65399,12.66955,3.9861102
Grid_Cell_28,2007,0.16705331,0,397.17383,0.005323171,0.22592932,2915.147,402.32806,0.000921,35.008728,234.58061,13.47912,4.0132604
Grid_Cell_28,2008,0.17201424,0,464.2452,0.005585975,0.19656105,2359.3218,457.48203,0.004119235,24.206255,243.60222,12.325525,3.6594236
Grid_Cell_28,2009,0.19111109,0,464.17905,0.005519766,0.17643182,2384.5642,531.0425,0.002217771,23.472425,247.04723,12.440882,3.8330436
Grid_Cell_28,2010,0.20575626,0,445.65216,0.00565253,0.16980739,2622.9412,511.97293,0.001696336,24.211521,254.90794,13.615534,3.9160645
Grid_Cell_28,2011,0.18369913,0,512.9685,0.005512422,0.25655156,2746.9863,520.63556,0.003037541,25.439518,255.02571,11.721857,4.469734
Grid_Cell_28,2012,0.22233516,0,433.8343,0.00576874,0.16497709,3030.8997,462.00455,0.009400191,30.699987,238.33105,12.845392,4.903422
Grid_Cell_28,2013,0.19438623,0,417.09888,0.005531054,0.04743189,2937.4216,388.95877,0.000947,27.281939,224.8308,13.3189945,4.7438574
Grid_Cell_28,2014,0.16492802,0,370.64853,0.005217239,0.061168555,3350.8594,353.98187,0.00085,32.893307,196.63023,12.987818,5.309475
Grid_Cell_28,2015,0.1599465,0,366.23254,0.005377376,0.07432654,3315.507,361.64447,0.000602,37.44983,191.46158,13.763483,5.176335
Grid_Cell_28,2016,0.17480871,0,372.78226,0.005839164,0.06289554,2829.9988,381.2334,0.001627036,33.334846,212.19212,13.009272,4.726218
Grid_Cell_28,2017,0.15529709,0,235.34871,0.005564951,0.07720417,3228.3147,193.40532,0.000781,42.127934,180.75836,13.666132,5.002003
Grid_Cell_28,2018,0.1558464,263,264.0453,0.00541549,0.08632888,3472.8457,282.4999,0.000544,44.5087,163.01054,14.110407,5.1823435
Grid_Cell_28,2019,0.1474914,70,259.99335,0.005637156,0.055166665,3185.0168,226.56456,0.000716,45.398594,179.69882,14.2521305,4.768302
Grid_Cell_28,2020,0.14604528,75,340.83408,0.005334422,0.055949826,3591.0269,354.00128,0.000708,43.250645,172.73303,14.32519,5.4103484
Grid_Cell_28,2021,0.15266168,161,385.23584,0.005772673,0.059732072,3220.5762,404.72568,0.000562,37.109127,180.18912,14.119684,5.062441
Grid_Cell_28,2022,0.16110936,449,422.82712,0.005531516,0.067783825,3470.2405,457.9535,0.000982,32.66092,201.06013,14.2408695,5.463455
Grid_Cell_28,2023,0.15545726,3063,426.07288,0.00591573,0.05426156,3239.9211,445.00644,0.00067,35.085056,197.84431,14.700617,5.2611866
Grid_Cell_28,2024,0.15006855,13110,354.40488,0.005347615,0.07326718,3595.4148,362.24637,0.000876,44.292904,194.6769,14.520411,5.3186264
Grid_Cell_28,2025,0.16030762,16728,443.7256,0.005724617,0.047551632,3220.6,435.44266,0.00061,40.60276,191.25984,14.254694,4.897551
Grid_Cell_29,2000,0.15014045,0,368.37326,0.005698176,0.2103338,2866.5632,386.35535,0.000508,40.10784,183.32246,12.666437,4.24002
Grid_Cell_29,2001,0.16178866,0,368.86224,0.006317941,0.20197383,2430.7534,479.34286,0.000934,40.926815,203.22516,12.215113,4.280883
Grid_Cell_29,2002,0.19271654,0,472.37997,0.005853317,0.2342891,2354.039,505.049,0.001714147,32.818993,246.34744,11.437098,3.8768647
Grid_Cell_29,2003,0.21139856,0,422.74774,0.005446774,0.15321031,2291.0552,488.50775,0.008583281,28.684212,248.50899,10.779993,3.730931
Grid_Cell_29,2004,0.16303274,0,449.01678,0.006172578,0.19976375,2341.0344,518.2868,0.001411066,33.629475,252.04459,12.049433,4.0241895
Grid_Cell_29,2005,0.17694493,0,453.2095,0.005833582,0.20697214,2451.57,530.6246,0.001607353,26.835531,258.05615,12.972193,3.9575636
Grid_Cell_29,2006,0.20121406,0,411.60925,0.005686068,0.21160652,2606.3855,426.8711,0.004621134,29.540369,250.11163,12.611841,4.0054593
Grid_Cell_29,2007,0.15724403,0,385.59946,0.005328609,0.29488593,2918.7732,381.62988,0.000759,36.76589,226.97243,13.436213,4.0190825
Grid_Cell_29,2008,0.16194344,0,450.21014,0.005568284,0.22093958,2384.4377,435.5447,0.003592647,25.913599,237.10043,12.312006,3.6829894
Grid_Cell_29,2009,0.18013674,0,455.4872,0.005500619,0.18244837,2421.1667,517.2811,0.002020267,25.233932,240.42964,12.422113,3.8694475
Grid_Cell_29,2010,0.19468199,0,437.21088,0.005653726,0.15667252,2639.8547,486.95795,0.001553151,25.764154,251.32448,13.585108,3.9413729
Grid_Cell_29,2011,0.17110465,0,513.1586,0.005499152,0.26447102,2753.347,517.19476,0.002967004,26.09589,252.51826,11.674982,4.4862413
Grid_Cell_29,2012,0.21067128,0,432.88647,0.005770014,0.17152326,3022.6396,456.75177,0.008703255,31.61681,233.97688,12.791254,4.9108334
Grid_Cell_29,2013,0.1853788,0,410.45364,0.005506982,0.06028652,2949.7832,377.82394,0.001046065,28.876846,217.15047,13.219294,4.774782
Grid_Cell_29,2014,0.15529835,0,362.67706,0.005194849,0.05451003,3360.902,345.0913,0.00077,34.414024,186.45094,12.899622,5.335297
Grid_Cell_29,2015,0.15124442,0,362.62427,0.005394318,0.08480781,3315.4465,359.91754,0.00059,38.436577,181.76724,13.726862,5.1985264
Grid_Cell_29,2016,0.16593492,0,373.5642,0.005854243,0.083013624,2850.5789,389.40497,0.002102456,34.713135,208.77773,13.017298,4.764879
Grid_Cell_29,2017,0.14667003,0,236.82832,0.005565934,0.065676995,3252.4343,189.45468,0.000767,43.284756,176.40244,13.619959,5.049777
Grid_Cell_29,2018,0.14701399,263,260.26852,0.005415302,0.07591592,3476.6074,274.70123,0.000495,45.811947,153.26134,13.991877,5.2102547
Grid_Cell_29,2019,0.13859832,70,250.91052,0.005637173,0.081399605,3208.072,213.15959,0.000573,47.624546,164.97604,14.172632,4.7893295
Grid_Cell_29,2020,0.13755888,75,336.26633,0.005361854,0.07194409,3574.7124,353.76434,0.000763,44.453262,163.95743,14.235865,5.3980193
Grid_Cell_29,2021,0.14385219,161,382.40512,0.005770646,0.071295,3254.85,401.80536,0.000539,38.208485,171.58647,14.108698,5.108023
Grid_Cell_29,2022,0.15311831,449,421.80112,0.005551653,0.07782484,3448.8665,462.04562,0.000992,33.439785,196.60846,14.157831,5.4496193
Grid_Cell_29,2023,0.14651954,3063,426.0232,0.005918775,0.0614291,3262.611,442.86047,0.000655,36.16151,192.8724,14.643488,5.2750225
Grid_Cell_29,2024,0.14110616,13110,355.85696,0.005360146,0.08089501,3581.8628,360.852,0.000878,44.959747,189.19989,14.420465,5.319826
Grid_Cell_29,2025,0.15121332,16728,442.56598,0.005726044,0.06631167,3243.8752,433.16605,0.000588,41.69906,184.61037,14.209162,4.921136
Grid_Cell_3,2000,0.12506399,0,369.80948,0.006930567,0.3590597,2758.0457,387.08795,0.002521944,46.46515,332.56192,13.376581,5.8674197
Grid_Cell_3,2001,0.12663074,0,396.75217,0.007345132,0.33455935,2553.766,478.31906,0.002756812,47.779644,352.39453,13.4448185,5.9905405
Grid_Cell_3,2002,0.147854,0,505.91934,0.007046207,0.34798354,2382.1829,560.7641,0.004731849,36.040615,424.6836,12.732874,5.441762
Grid_Cell_3,2003,0.15198264,0,482.66394,0.006491774,0.20953178,2337.8208,543.3318,0.005669511,29.848732,454.71143,12.249872,4.8653145
Grid_Cell_3,2004,0.12805791,0,507.73105,0.007099118,0.34568617,2491.8838,529.8479,0.004576947,39.168175,467.99103,13.180048,5.4253845
Grid_Cell_3,2005,0.124229,0,527.7511,0.007448243,0.4048552,2477.0386,560.0934,0.006512079,33.547302,490.03412,13.970331,5.819721
Grid_Cell_3,2006,0.1583414,0,472.70486,0.007462445,0.36718336,2514.0422,514.6038,0.00606111,36.21169,488.01834,13.222651,6.1357336
Grid_Cell_3,2007,0.12580968,0,468.82642,0.007407301,0.33170447,2749.8816,456.67477,0.004208106,37.83519,484.43185,14.083521,6.20737
Grid_Cell_3,2008,0.15026048,0,453.1613,0.007292484,0.34785724,2344.6016,423.1974,0.003371858,35.926945,472.51602,12.985987,5.6315207
Grid_Cell_3,2009,0.1342998,0,554.62695,0.007226701,0.18258327,2363.9607,644.94037,0.008850641,29.417727,481.13797,13.324335,6.0544133
Grid_Cell_3,2010,0.13276207,0,518.4366,0.00762828,0.22123665,2464.4468,552.38544,0.011699254,31.512608,522.6555,14.181238,5.7187014
Grid_Cell_3,2011,0.16410147,0,558.48834,0.006683248,0.2450588,2552.3616,573.629,0.010318041,26.829895,521.02435,12.4248295,5.529563
Grid_Cell_3,2012,0.16464187,0,477.64755,0.007093231,0.1145674,2747.1147,490.4279,0.010786752,36.76345,480.34744,13.427546,5.72528
Grid_Cell_3,2013,0.1368549,0,515.1035,0.00670151,0.02817305,2678.989,502.88474,0.005752555,31.488575,478.00488,13.60055,5.611289
Grid_Cell_3,2014,0.15013123,0,452.89917,0.006708352,0.03045875,2934.6194,489.19897,0.005229247,34.87589,458.37567,13.399378,6.2615643
Grid_Cell_3,2015,0.14827226,0,468.8055,0.00689465,0.041412402,2824.9648,463.04352,0.004292668,35.0634,460.20755,13.745081,5.9341087
Grid_Cell_3,2016,0.13728504,0,446.684,0.007174117,0.040653232,2687.6904,467.74844,0.010077528,38.18699,453.7957,13.573999,5.7715735
Grid_Cell_3,2017,0.12959719,0,300.53644,0.00694453,0.035302106,2768.9988,256.51944,0.002653349,48.210945,411.9198,13.419703,5.8538184
Grid_Cell_3,2018,0.13838927,263,262.61105,0.006676517,0.02899495,2721.6196,233.55109,0.001354373,55.687782,377.56165,12.888453,5.7421384
Grid_Cell_3,2019,0.12109451,70,281.85468,0.007028023,0.02813378,2583.21,254.76875,0.002502562,56.74615,358.529,13.325312,5.4218636
Grid_Cell_3,2020,0.1334927,75,498.86304,0.007108541,0.03377578,2797.109,570.0078,0.009960431,41.017735,491.16272,13.731379,6.2111683
Grid_Cell_3,2021,0.14501277,161,598.28204,0.007397238,0.02886555,2556.6592,606.23535,0.011111654,30.51676,528.3229,13.513025,5.846037
Grid_Cell_3,2022,0.13366523,449,580.911,0.007252688,0.0397951,2708.9011,613.94977,0.01116065,33.25993,519.0826,13.575251,6.250133
Grid_Cell_3,2023,0.14356318,3063,622.1544,0.007441306,0.034741454,2507.98,746.3934,0.015913045,31.10666,526.4201,13.672907,5.7831044
Grid_Cell_3,2024,0.1425266,13110,614.17255,0.007184032,0.037513837,2687.9583,710.08374,0.02269917,35.83432,544.4136,13.529261,6.0742784
Grid_Cell_3,2025,0.15300691,16728,685.154,0.007156326,0.051573515,2551.876,729.30566,0.015850557,32.09887,541.62744,13.282679,5.5893426
Grid_Cell_30,2000,0.13741598,0,346.07718,0.00572915,0.17214744,2812.16,371.25964,0.000641,43.715572,215.53784,12.780542,4.353754
Grid_Cell_30,2001,0.14898983,0,356.51352,0.006351844,0.14289995,2397.7107,468.50616,0.001122325,43.698257,236.5016,12.320856,4.457629
Grid_Cell_30,2002,0.18314593,0,498.4382,0.005880759,0.15320422,2302.5256,498.1219,0.001267685,32.120102,274.65533,11.544977,4.0137825
Grid_Cell_30,2003,0.1985484,0,448.43228,0.005469181,0.12712674,2232.671,482.84964,0.002173709,28.395075,274.64694,10.8779545,3.7673695
Grid_Cell_30,2004,0.15287821,0,477.31946,0.006177769,0.2005877,2286.3188,497.7281,0.001480406,33.147934,274.9935,12.075434,4.103185
Grid_Cell_30,2005,0.16643383,0,490.62717,0.005832503,0.15291505,2361.4485,515.943,0.00155437,26.452452,276.23254,13.015894,4.0152006
Grid_Cell_30,2006,0.197725,0,439.54346,0.005705393,0.209987,2486.4768,421.83395,0.001334863,29.085485,268.32956,12.574335,4.035905
Grid_Cell_30,2007,0.1464526,0,382.15533,0.00536889,0.31469622,2791.301,374.3593,0.000765,39.054306,247.29935,13.416742,4.041514
Grid_Cell_30,2008,0.15319504,0,441.72192,0.00558022,0.17751046,2300.1497,420.3572,0.001006298,28.284283,257.92752,12.325525,3.7245533
Grid_Cell_30,2009,0.16927503,0,445.45294,0.005511218,0.15337804,2340.7124,514.21716,0.001519671,28.357836,260.75494,12.425074,3.923112
Grid_Cell_30,2010,0.18599972,0,467.7943,0.005672951,0.14318949,2515.0935,474.33063,0.001260688,25.550522,274.0659,13.5698185,3.9640782
Grid_Cell_30,2011,0.16186415,0,528.2279,0.005503539,0.31675962,2628.407,517.10077,0.001564959,26.389915,271.7098,11.660639,4.479597
Grid_Cell_30,2012,0.20420624,0,463.78378,0.005783269,0.2352918,2878.8704,456.4728,0.003486008,30.158474,252.67477,12.775599,4.889693
Grid_Cell_30,2013,0.17796817,0,399.43222,0.005500855,0.06233574,2846.817,377.87796,0.000826,32.588894,239.16956,13.16482,4.773926
Grid_Cell_30,2014,0.14491199,0,351.80685,0.005197445,0.06454889,3228.2314,344.72736,0.000628,37.35499,217.05379,12.850122,5.3189616
Grid_Cell_30,2015,0.14107808,0,354.21213,0.005407311,0.07780745,3161.4766,357.52753,0.000701,40.81048,220.4772,13.655909,5.176506
Grid_Cell_30,2016,0.1566153,0,373.70316,0.005858738,0.04526207,2740.908,387.55136,0.002550765,36.62925,235.69034,13.000483,4.7583222
Grid_Cell_30,2017,0.1367691,0,239.1622,0.005573236,0.065221906,3124.035,189.22464,0.000354,46.12473,204.01369,13.540979,5.0432706
Grid_Cell_30,2018,0.13538072,263,244.9714,0.005417483,0.07235201,3336.5,262.53394,0.00057,49.142113,190.51521,13.85708,5.211248
Grid_Cell_30,2019,0.12613048,70,262.04532,0.005640855,0.07041376,3089.0483,216.22896,0.000723,49.443703,201.2656,14.062372,4.818028
Grid_Cell_30,2020,0.12505087,75,338.94925,0.005372493,0.06575213,3429.928,351.4562,0.001025806,46.296635,207.763,14.105555,5.429645
Grid_Cell_30,2021,0.13238369,161,369.04663,0.005773409,0.06696341,3171.0847,401.52887,0.000677,41.44702,214.02151,14.057001,5.171722
Grid_Cell_30,2022,0.14181952,449,417.73492,0.005587051,0.068192735,3287.6772,459.81326,0.001266127,35.892834,232.12828,14.044245,5.461092
Grid_Cell_30,2023,0.13504694,3063,423.77466,0.005923655,0.06501244,3144.9778,443.14127,0.000778,38.681858,229.66208,14.535913,5.30855
Grid_Cell_30,2024,0.12897821,13110,358.48328,0.005384747,0.07772568,3429.3047,361.46017,0.001183143,46.803345,223.16307,14.294458,5.354411
Grid_Cell_30,2025,0.13999465,16728,436.01047,0.005725271,0.062320482,3137.2502,432.46146,0.000749,44.064747,225.95157,14.120081,4.957939
Grid_Cell_31,2000,0.13787116,0,334.9938,0.005775043,0.1896809,2885.9294,361.98523,0.000565,44.932262,193.83325,12.922632,4.493283
Grid_Cell_31,2001,0.14797178,0,350.22467,0.006401677,0.16041258,2471.9233,461.61575,0.000902,44.48784,216.7191,12.4604435,4.6658144
Grid_Cell_31,2002,0.18211612,0,476.50342,0.005925988,0.21363252,2370.3591,492.44003,0.001124257,33.14528,258.68753,11.686274,4.178269
Grid_Cell_31,2003,0.19791308,0,442.1402,0.00550012,0.12374582,2268.7815,479.38824,0.001667332,27.383045,265.15518,11.006342,3.8338077
Grid_Cell_31,2004,0.15573709,0,472.0872,0.006193087,0.20444953,2342.8115,486.71634,0.001359703,33.46727,265.6722,12.127832,4.201956
Grid_Cell_31,2005,0.16709194,0,487.61075,0.005858267,0.16676876,2426.465,499.05502,0.001277637,27.108778,264.82297,13.086115,4.1102004
Grid_Cell_31,2006,0.20020075,0,436.6793,0.005751801,0.20459905,2528.6316,424.91302,0.00113389,29.876385,257.1624,12.56933,4.1130624
Grid_Cell_31,2007,0.14872013,0,393.95004,0.005440102,0.17493777,2818.742,382.53925,0.00071,38.498596,236.9934,13.431635,4.1149383
Grid_Cell_31,2008,0.15510225,0,437.124,0.005615422,0.2007997,2353.3708,408.696,0.000796,29.327293,245.60506,12.368647,3.81038
Grid_Cell_31,2009,0.16929716,0,448.08276,0.005546389,0.17304955,2392.6946,523.94904,0.001516058,28.743525,251.43431,12.4586735,4.0212626
Grid_Cell_31,2010,0.18603876,0,471.60025,0.005714383,0.17444128,2544.5442,468.3463,0.001202462,25.691917,264.5898,13.578424,4.0092835
Grid_Cell_31,2011,0.16230184,0,528.2754,0.005525083,0.27473938,2651.1738,517.08997,0.001489777,26.428755,262.37048,11.678156,4.486275
Grid_Cell_31,2012,0.20260799,0,468.60034,0.005812446,0.14766864,2892.4841,456.7281,0.003048385,29.958689,242.23065,12.7903385,4.8863797
Grid_Cell_31,2013,0.17648116,0,399.13196,0.005510482,0.07383982,2880.4602,378.05078,0.000753,33.150826,225.03894,13.141504,4.7831726
Grid_Cell_31,2014,0.14691034,0,353.8783,0.005223095,0.08592528,3246.024,343.42056,0.000591,37.468582,202.31621,12.832911,5.314338
Grid_Cell_31,2015,0.14505439,0,356.5784,0.005431647,0.08318481,3163.1257,351.52704,0.000632,40.591938,203.52184,13.586145,5.136643
Grid_Cell_31,2016,0.15758298,0,342.49026,0.005869728,0.05142857,2799.8083,337.6226,0.001220932,39.550663,211.83698,13.029474,4.765528
Grid_Cell_31,2017,0.14049886,0,229.83316,0.005598709,0.31086296,3141.9949,181.93895,0.000256,47.858307,179.4328,13.480677,5.024332
Grid_Cell_31,2018,0.13777229,263,220.47269,0.005424819,0.089383736,3355.0835,234.34705,0.000441,52.050915,163.01009,13.739405,5.1998777
Grid_Cell_31,2019,0.12840153,70,244.1616,0.005659523,0.07897899,3108.6758,203.8392,0.000497,51.52497,174.88576,13.948816,4.8136787
Grid_Cell_31,2020,0.12765941,75,341.68924,0.005393626,0.13511859,3428.091,354.07886,0.001058029,46.288864,194.69403,13.9569645,5.4053965
Grid_Cell_31,2021,0.13721852,161,376.85934,0.005798711,0.1398406,3201.7766,406.96017,0.000627,41.50721,201.7192,14.003901,5.173297
Grid_Cell_31,2022,0.14483283,449,418.94342,0.005659581,0.08316886,3256.1458,460.5941,0.001089853,36.535828,219.53981,13.929987,5.414174
Grid_Cell_31,2023,0.13938938,3063,432.40384,0.005947754,0.08226032,3151.6152,459.1177,0.000805,38.681927,219.40773,14.406183,5.2689266
Grid_Cell_31,2024,0.13252231,13110,373.0045,0.005441495,0.08462347,3410.9292,377.42136,0.001275776,45.983444,213.2827,14.166285,5.3309293
Grid_Cell_31,2025,0.14595266,16728,448.65765,0.005745757,0.0694096,3142.149,445.76627,0.000755,42.805336,217.29898,14.032007,4.943236
Grid_Cell_32,2000,0.12974018,0,333.15466,0.006050731,0.16169904,2975.6904,350.1746,0.00043,44.4754,113.55119,13.110926,4.9598355
Grid_Cell_32,2001,0.13586804,0,382.67545,0.006572081,0.12980245,2622.8662,451.84177,0.000559,43.442444,134.58351,12.698114,5.2433486
Grid_Cell_32,2002,0.17018229,0,492.16986,0.006135313,0.17878237,2524.172,484.14566,0.000742,33.56612,181.27136,11.9699955,4.6802893
Grid_Cell_32,2003,0.17748016,0,446.87384,0.005615387,0.14343846,2484.259,475.52292,0.001185801,31.476599,175.91318,11.253778,4.1779857
Grid_Cell_32,2004,0.14986321,0,450.47617,0.006232059,0.19011235,2515.3896,472.55212,0.000908,35.754025,180.13493,12.209711,4.5884314
Grid_Cell_32,2005,0.1535193,0,479.44592,0.005960719,0.16275054,2626.104,463.4766,0.000706,28.246157,177.19421,13.16897,4.4929748
Grid_Cell_32,2006,0.19729961,0,426.92365,0.005907438,0.14780755,2672.608,433.8619,0.00142287,30.883753,168.33032,12.52273,4.4720693
Grid_Cell_32,2007,0.14291742,0,416.67105,0.005662565,0.18173225,2966.8694,403.3962,0.000609,37.26927,161.66235,13.428339,4.4977465
Grid_Cell_32,2008,0.15588084,0,425.43158,0.005744196,0.17115617,2528.3308,387.3069,0.000693,30.412493,149.58322,12.374567,4.191118
Grid_Cell_32,2009,0.1614999,0,463.44464,0.005679687,0.17623173,2562.2363,547.31805,0.001177603,28.937765,169.09167,12.46966,4.4284544
Grid_Cell_32,2010,0.18117167,0,473.55072,0.005922451,0.22099753,2710.029,474.43536,0.00113324,26.009626,188.67467,13.546442,4.4164753
Grid_Cell_32,2011,0.15101434,0,525.0051,0.005699255,0.30666125,2736.6362,496.27835,0.00118487,27.60935,174.39716,11.631037,4.775077
Grid_Cell_32,2012,0.18388224,0,396.44992,0.005998354,0.14249228,3004.2046,403.87192,0.004418986,37.10884,139.08926,12.719721,5.1256213
Grid_Cell_32,2013,0.16883276,0,431.829,0.005652783,0.040736895,2962.0066,422.61047,0.000685,31.962404,145.39922,12.950861,5.017419
Grid_Cell_32,2014,0.1442188,0,334.76987,0.005434462,0.027926233,3287.9827,340.53806,0.00036,40.65617,121.71173,12.637323,5.510434
Grid_Cell_32,2015,0.14877571,0,369.93152,0.005786006,0.05616007,3189.2214,360.71893,0.000567,41.257256,125.79456,13.39419,5.357499
Grid_Cell_32,2016,0.15246959,0,318.10373,0.006207218,0.033120383,2919.9414,300.36426,0.000527,42.03381,119.10488,13.137262,5.1715393
Grid_Cell_32,2017,0.13759921,0,196.675,0.005951116,0.03476649,3116.1013,185.29561,0.000186,50.335815,96.42091,13.202478,5.3224144
Grid_Cell_32,2018,0.13671958,263,184.03781,0.005678549,0.06260713,3254.361,195.46704,0.000287,56.79141,92.42267,13.049433,5.377652
Grid_Cell_32,2019,0.1256875,70,223.08974,0.005814601,0.032663208,3060.8386,195.70572,0.000299,53.73407,99.881836,13.418329,4.897891
Grid_Cell_32,2020,0.12708302,75,336.4311,0.005572455,0.03437725,3384.0322,355.521,0.000837,45.85434,119.767166,13.633234,5.439242
Grid_Cell_32,2021,0.1414514,161,409.41916,0.006011409,0.041455295,3176.6917,438.34607,0.000568,38.045845,133.21509,13.765589,5.2742558
Grid_Cell_32,2022,0.14484137,449,482.97882,0.005910561,0.041491803,3143.8406,503.35995,0.000864,31.11121,161.79303,13.621637,5.409414
Grid_Cell_32,2023,0.14151572,3063,505.225,0.00613673,0.037477188,3069.001,565.50964,0.001465822,32.333794,167.78746,14.04632,5.263002
Grid_Cell_32,2024,0.13247435,13110,452.10498,0.005676162,0.055201698,3331.6687,468.1505,0.001534613,40.54942,172.7104,13.815973,5.36138
Grid_Cell_32,2025,0.15232277,16728,532.91327,0.00590509,0.03245538,3113.188,527.34247,0.000816,36.417313,163.25352,13.816309,4.968546
Grid_Cell_33,2000,0.15651704,0,477.28076,0.005951455,0.29566672,2405.6045,536.03766,0.001295986,36.602257,185.82454,11.4500675,4.0769176
Grid_Cell_33,2001,0.1672341,0,483.40054,0.006470341,0.21447009,2088.9978,640.359,0.001406414,37.421543,211.4297,11.218103,4.1339307
Grid_Cell_33,2002,0.19859248,0,631.57196,0.006233813,0.22636126,1989.6228,674.8272,0.002631856,24.595173,266.47653,10.566584,3.9028578
Grid_Cell_33,2003,0.21520983,0,546.61395,0.005738013,0.18284664,2096.292,593.9676,0.00847012,25.0625,259.9712,9.922663,3.8776777
Grid_Cell_33,2004,0.16285847,0,598.829,0.006713343,0.2777134,1806.291,718.3423,0.002385297,24.903204,270.21127,11.256983,3.7386703
Grid_Cell_33,2005,0.17199825,0,603.8879,0.006096945,0.23834765,2172.9807,714.76886,0.003181312,20.655388,259.99414,12.112604,3.908865
Grid_Cell_33,2006,0.20755881,0,569.98694,0.005885099,0.23865637,2383.8772,610.2583,0.004459747,22.689688,241.1789,12.070856,3.9242609
Grid_Cell_33,2007,0.1715549,0,540.2954,0.005456123,0.2573905,2727.5608,537.4674,0.001263777,28.88241,210.3512,12.786432,4.0179863
Grid_Cell_33,2008,0.18248531,0,577.0995,0.005832017,0.24939428,2213.9836,567.7934,0.00289915,23.960514,229.71458,11.425257,3.7449086
Grid_Cell_33,2009,0.19007185,0,560.7753,0.005687472,0.25701663,2152.3184,635.5876,0.001516188,22.972473,234.45119,11.544397,3.7821188
Grid_Cell_33,2010,0.18804851,0,608.3455,0.005706534,0.23274757,2419.3523,678.8556,0.003042747,18.474155,248.37962,12.748804,3.9855852
Grid_Cell_33,2011,0.1867837,0,614.887,0.005665323,0.26270512,2339.121,611.54895,0.002971548,23.978367,237.09752,10.559992,4.129563
Grid_Cell_33,2012,0.23118736,0,567.24835,0.005857596,0.2601593,2597.0916,556.227,0.007409672,22.19751,206.73743,11.770777,4.5027733
Grid_Cell_33,2013,0.19205232,0,523.45624,0.005619722,0.04603698,2517.2783,538.0106,0.001569158,24.979383,198.18025,12.367884,4.261563
Grid_Cell_33,2014,0.16745201,0,502.70227,0.005312653,0.06167057,2907.5627,493.10745,0.00132648,26.395832,178.79082,12.003595,4.911119
Grid_Cell_33,2015,0.14573906,0,517.86237,0.005376951,0.06252521,2979.3123,521.8193,0.001065414,29.704357,175.79965,12.839624,4.978047
Grid_Cell_33,2016,0.17638056,0,422.98138,0.005848547,0.061322704,2485.134,419.16815,0.000922,33.13535,178.91222,11.932215,4.2499204
Grid_Cell_33,2017,0.15062457,0,404.51236,0.005712174,0.061123658,2680.2896,372.57407,0.001297062,32.909676,167.23743,12.510065,4.4935102
Grid_Cell_33,2018,0.14671637,263,377.42477,0.005559518,0.17510867,3058.29,406.0573,0.001189743,39.305775,153.69923,13.12533,4.811282
Grid_Cell_33,2019,0.12572944,70,360.35883,0.005731365,0.07865807,2856.4353,265.0212,0.000505,41.429596,148.9787,13.399225,4.510357
Grid_Cell_33,2020,0.13271512,75,475.03656,0.0054081,0.061971724,3177.3892,486.69162,0.001166656,34.92342,164.35565,13.349939,5.0515714
Grid_Cell_33,2021,0.15380979,161,605.18756,0.005815683,0.057175837,2758.1985,703.09515,0.00178286,21.182825,206.59677,13.033838,4.7361054
Grid_Cell_33,2022,0.15387352,449,583.7935,0.005480588,0.072475664,3067.256,585.198,0.001450671,21.460613,207.10832,13.227625,5.140133
Grid_Cell_33,2023,0.14849308,3063,632.53864,0.006015806,0.05913716,2805.5266,685.13257,0.001679654,21.135788,215.21336,13.6982975,4.989543
Grid_Cell_33,2024,0.14048554,13110,543.33844,0.005324771,0.06836634,3358.2815,520.4513,0.001271401,32.049232,186.39122,13.874506,5.121849
Grid_Cell_33,2025,0.14662318,16728,598.50793,0.005767976,0.066440426,2883.868,612.9577,0.001379155,33.50337,194.85919,13.373499,4.538106
Grid_Cell_34,2000,0.15437058,0,466.6046,0.005831015,0.2998044,2455.9482,517.7184,0.001142002,37.25478,182.43939,11.386316,4.068889
Grid_Cell_34,2001,0.16575076,0,457.20624,0.006374584,0.21300203,2112.9065,604.37335,0.001251894,39.69071,204.1634,11.047144,4.116191
Grid_Cell_34,2002,0.19828328,0,608.6598,0.006122601,0.2331337,2003.5692,653.37085,0.002545603,25.906078,262.37915,10.38415,3.8843646
Grid_Cell_34,2003,0.23077749,0,526.1253,0.00560914,0.15240376,2113.7952,572.02954,0.009832702,24.956743,253.18402,9.742426,3.8874378
Grid_Cell_34,2004,0.16418484,0,590.34283,0.006558008,0.23810579,1852.5586,695.23956,0.002265427,25.423191,267.46896,11.075434,3.7850158
Grid_Cell_34,2005,0.17868806,0,580.57605,0.00600914,0.19806303,2164.6174,687.3606,0.002877089,21.106785,259.2072,11.905329,3.9183855
Grid_Cell_34,2006,0.21117257,0,556.5226,0.005807034,0.23328315,2387.456,597.75946,0.004344147,22.978529,242.67276,11.859125,3.9534047
Grid_Cell_34,2007,0.1731443,0,522.0002,0.005373599,0.22836609,2730.737,517.6008,0.001177079,29.644644,210.22925,12.607447,4.0213084
Grid_Cell_34,2008,0.18468332,0,563.3391,0.005744438,0.23765363,2210.0786,552.95166,0.002875956,24.449883,229.83095,11.259577,3.7183719
Grid_Cell_34,2009,0.19407986,0,547.50214,0.005608235,0.2229048,2145.5837,616.07196,0.001452891,23.099665,235.01001,11.34881,3.7790365
Grid_Cell_34,2010,0.1924716,0,593.19635,0.005640876,0.2023207,2421.1533,664.3458,0.003317069,18.910398,250.72655,12.594812,3.980174
Grid_Cell_34,2011,0.189143,0,610.3975,0.005631809,0.23129521,2337.1638,611.6224,0.003345925,23.5336,241.94183,10.4439335,4.1655564
Grid_Cell_34,2012,0.2339488,0,563.46796,0.005832934,0.23878253,2593.5066,556.32605,0.007690406,22.129034,212.34283,11.656092,4.5428686
Grid_Cell_34,2013,0.19266716,0,525.2825,0.005589105,0.045750648,2521.662,537.7947,0.001625798,24.58755,203.80074,12.248011,4.312008
Grid_Cell_34,2014,0.16945459,0,501.22052,0.005283544,0.062362824,2899.6619,490.76495,0.001347161,26.450287,182.33163,11.865351,4.9264617
Grid_Cell_34,2015,0.14682646,0,517.21655,0.005351106,0.05623433,2968.7063,518.2812,0.001070661,29.807117,178.57213,12.637629,5.0654783
Grid_Cell_34,2016,0.1773638,0,423.57913,0.005819718,0.052879255,2483.974,415.48572,0.00094,32.841564,181.32767,11.756464,4.3656993
Grid_Cell_34,2017,0.14948866,0,386.44827,0.005662712,0.058877606,2692.0068,352.57358,0.001138069,34.392677,163.89946,12.323267,4.581455
Grid_Cell_34,2018,0.14709112,263,389.66223,0.005523675,0.07070408,3028.1567,425.18628,0.00139862,38.32573,156.51836,12.880579,4.862652
Grid_Cell_34,2019,0.12529653,70,353.4792,0.005692447,0.055360496,2844.662,254.50415,0.000424,41.956234,150.09048,13.166101,4.5793295
Grid_Cell_34,2020,0.13346376,75,477.77655,0.005366891,0.05917477,3186.2922,487.23657,0.001285618,35.114586,168.46468,13.1453495,5.157548
Grid_Cell_34,2021,0.15411863,161,603.9412,0.005754293,0.044404052,2773.0242,703.95917,0.001747411,21.512842,209.52563,12.855524,4.8155913
Grid_Cell_34,2022,0.15484366,449,583.24384,0.005443061,0.061887693,3070.537,580.3715,0.00139124,22.026928,209.459,13.022699,5.227907
Grid_Cell_34,2023,0.1508502,3063,625.1007,0.005964761,0.052142147,2816.8513,683.64215,0.001607596,22.01768,217.15033,13.500574,5.0775223
Grid_Cell_34,2024,0.13922553,13110,539.57336,0.005288832,0.06490394,3336.0698,517.5533,0.00136152,32.89128,189.96773,13.606928,5.180805
Grid_Cell_34,2025,0.14503495,16728,597.50903,0.005716472,0.05612161,2890.528,612.62396,0.001417853,33.874798,198.48912,13.183741,4.610676
Grid_Cell_35,2000,0.1549097,0,458.9205,0.005705221,0.26757786,2521.2795,502.1712,0.001001179,37.591393,178.07268,11.371088,4.0459647
Grid_Cell_35,2001,0.16567321,0,439.6292,0.006267591,0.23590955,2154.2744,579.7807,0.001188733,41.185093,197.56659,10.932093,4.087013
Grid_Cell_35,2002,0.20067391,0,583.45685,0.005995121,0.25279152,2031.7577,628.3289,0.002360959,26.9455,256.67355,10.263971,3.857755
Grid_Cell_35,2003,0.24932921,0,508.07852,0.005495109,0.15723515,2131.3596,553.88776,0.010190678,24.32025,248.55167,9.612207,3.9009652
Grid_Cell_35,2004,0.16736199,0,582.7863,0.006415006,0.23134856,1906.0259,675.5672,0.002155236,25.70384,264.6541,10.948969,3.8421538
Grid_Cell_35,2005,0.18384244,0,564.6407,0.005918209,0.2537033,2165.3667,661.7678,0.002464164,21.466297,258.91617,11.740351,3.9175293
Grid_Cell_35,2006,0.21681882,0,545.91266,0.005722852,0.24984844,2390.4622,578.232,0.004225473,22.95891,243.42654,11.673426,3.960699
Grid_Cell_35,2007,0.17545421,0,508.04553,0.005284434,0.25170735,2738.5134,499.72574,0.00107424,30.00692,209.18843,12.46261,4.012815
Grid_Cell_35,2008,0.18680939,0,550.659,0.005644424,0.31291562,2211.274,539.88385,0.002758272,24.729763,228.4579,11.126551,3.6780713
Grid_Cell_35,2009,0.19902024,0,536.4019,0.005520191,0.20009252,2146.2896,600.5048,0.001382678,23.082785,234.5437,11.190485,3.765338
Grid_Cell_35,2010,0.20093106,0,584.40625,0.005568095,0.25345305,2423.125,650.33716,0.003390901,18.562754,251.86258,12.454096,3.9577768
Grid_Cell_35,2011,0.19525447,0,605.93494,0.005586703,0.22826049,2332.281,611.6224,0.003703144,22.702528,246.20609,10.307856,4.1918917
Grid_Cell_35,2012,0.2386608,0,560.6245,0.005796623,0.22413793,2586.823,556.4941,0.008054157,21.885454,217.42487,11.518305,4.562336
Grid_Cell_35,2013,0.19662517,0,527.16595,0.005549722,0.04770129,2522.1875,537.9469,0.001636305,23.86998,209.00157,12.109491,4.345741
Grid_Cell_35,2014,0.17309289,0,499.7107,0.005248225,0.064773254,2889.3394,489.42682,0.001379894,26.458298,185.69003,11.7096195,4.9217353
Grid_Cell_35,2015,0.14880376,0,517.2911,0.005337578,0.06638248,2969.671,512.3369,0.001011291,29.774614,181.01993,12.563959,5.105307
Grid_Cell_35,2016,0.176998,0,438.57596,0.005804913,0.04975252,2483.3645,431.77286,0.00111889,31.415108,186.51369,11.712854,4.444046
Grid_Cell_35,2017,0.1483509,0,374.75296,0.005628061,0.056651175,2708.2988,335.63806,0.000967,35.353115,161.85056,12.285578,4.6261816
Grid_Cell_35,2018,0.1475178,263,370.72336,0.005484973,0.06772128,3023.3223,409.8816,0.001457849,39.1674,154.00838,12.806879,4.8603916
Grid_Cell_35,2019,0.1265829,70,352.6649,0.00566779,0.058294866,2835.8284,257.4342,0.000443,42.023975,152.02924,13.049585,4.606761
Grid_Cell_35,2020,0.13560928,75,477.88104,0.005329039,0.056940373,3182.749,482.72052,0.001324474,35.521736,171.01329,13.000757,5.209017
Grid_Cell_35,2021,0.15536684,161,603.1874,0.005724502,0.050258376,2773.6538,701.28503,0.001867469,22.228481,211.7318,12.749872,4.863057
Grid_Cell_35,2022,0.15779825,449,585.0604,0.00541954,0.06684011,3075.9219,579.20935,0.001338836,22.691267,210.69029,12.906519,5.274414
Grid_Cell_35,2023,0.15415725,3063,621.07117,0.005937456,0.05387374,2818.1396,684.06335,0.001582483,23.044449,219.41493,13.36352,5.129817
Grid_Cell_35,2024,0.1398255,13110,537.149,0.0052659,0.06573913,3311.2966,517.00507,0.001421575,33.606945,192.31151,13.429285,5.2024975
Grid_Cell_35,2025,0.1449719,16728,597.673,0.005669617,0.058809124,2908.8564,612.1846,0.00138967,34.03012,201.18843,13.070429,4.6787972
Grid_Cell_36,2000,0.1525988,0,452.59067,0.005645576,0.28477392,2609.0823,488.74014,0.000873,38.13706,170.89615,11.600763,4.043778
Grid_Cell_36,2001,0.16327243,0,430.8445,0.006232872,0.19006392,2215.2769,564.4037,0.001189199,42.605038,189.61322,11.062189,4.074342
Grid_Cell_36,2002,0.19833905,0,560.21313,0.005937327,0.26388937,2085.0652,600.38715,0.001973373,28.869396,247.73447,10.392603,3.8438852
Grid_Cell_36,2003,0.24546444,0,496.14453,0.005447034,0.14931552,2176.668,537.66504,0.00941113,25.410141,239.32654,9.736963,3.9023008
Grid_Cell_36,2004,0.16449463,0,578.1065,0.006341205,0.26195472,1984.0338,657.4933,0.001996793,26.492538,259.11615,11.086634,3.8983014
Grid_Cell_36,2005,0.18090023,0,559.7861,0.005884414,0.2527653,2193.92,635.1577,0.002105791,22.001545,255.42007,11.844843,3.9131458
Grid_Cell_36,2006,0.21522865,0,539.6368,0.005690458,0.22466151,2419.7732,549.94354,0.004015014,23.297955,238.41945,11.750544,3.9646375
Grid_Cell_36,2007,0.17045766,0,496.1159,0.005244972,0.2032576,2778.2307,481.34302,0.000972,30.93315,203.0654,12.580286,4.0043564
Grid_Cell_36,2008,0.1807149,0,540.6166,0.005593444,0.2508673,2243.4932,526.6469,0.002132005,25.505201,219.67201,11.258875,3.6454892
Grid_Cell_36,2009,0.19516239,0,524.496,0.005480653,0.22980905,2183.227,586.5026,0.001163623,23.95019,227.32143,11.305841,3.7560573
Grid_Cell_36,2010,0.20081042,0,577.14215,0.005532571,0.22122891,2452.1528,634.4309,0.003060777,19.10876,247.68196,12.550684,3.9270234
Grid_Cell_36,2011,0.19819807,0,605.47595,0.005554597,0.24633032,2357.9307,611.4949,0.003755665,22.029587,244.48885,10.395929,4.1822343
Grid_Cell_36,2012,0.23660526,0,559.6939,0.00576694,0.2030401,2613.7122,556.3444,0.008307719,22.30068,215.21053,11.603846,4.5446787
Grid_Cell_36,2013,0.19565332,0,528.1768,0.005523294,0.051614463,2553.8777,538.069,0.001608401,23.628965,207.41101,12.193781,4.3409805
Grid_Cell_36,2014,0.17275327,0,498.04642,0.005219976,0.06278477,2920.3176,488.08658,0.001321658,26.73329,184.03784,11.788416,4.8903313
Grid_Cell_36,2015,0.14812478,0,516.73486,0.005319184,0.062121384,2979.1882,508.28793,0.00093,30.248026,180.17186,12.583643,5.0664716
Grid_Cell_36,2016,0.17688657,0,448.75192,0.005783007,0.054291286,2492.1406,446.84186,0.001244078,30.422888,188.24214,11.758539,4.4434996
Grid_Cell_36,2017,0.14777602,0,375.30054,0.005599133,0.05828161,2730.6965,333.18106,0.000916,35.750603,160.27838,12.344385,4.601421
Grid_Cell_36,2018,0.14904615,263,373.89642,0.005449942,0.07734926,3015.1353,419.4288,0.001381449,38.700253,154.23035,12.836664,4.778234
Grid_Cell_36,2019,0.1272438,70,367.2924,0.00564192,0.058543947,2831.9548,273.36203,0.00057,41.20211,156.87642,13.062372,4.5525484
Grid_Cell_36,2020,0.13634066,75,474.71237,0.005292827,0.05739198,3193.0854,472.88275,0.001203234,36.218517,168.80077,13.021265,5.1717215
Grid_Cell_36,2021,0.1538716,161,601.171,0.005700481,0.046363212,2782.0837,698.9436,0.001958123,23.029537,209.32477,12.796289,4.83929
Grid_Cell_36,2022,0.1553963,449,586.8737,0.005393681,0.058519445,3112.0693,578.9081,0.001302069,23.572845,207.39299,12.962091,5.27664
Grid_Cell_36,2023,0.15402712,3063,619.16284,0.005909788,0.049421843,2850.8276,682.7414,0.001544849,23.846378,215.96548,13.396143,5.136769
Grid_Cell_36,2024,0.139492,13110,534.79694,0.005231479,0.06609859,3328.1526,516.8899,0.001465446,34.228333,191.04506,13.440363,5.1757154
Grid_Cell_36,2025,0.14468935,16728,600.0403,0.005632279,0.05014724,2954.249,611.6267,0.001297143,34.165733,199.80528,13.115778,4.716719
Grid_Cell_37,2000,0.14816296,0,461.30588,0.005644886,0.2788248,2669.802,476.0686,0.00074,34.477924,156.69905,12.025782,4.041147
Grid_Cell_37,2001,0.16313273,0,437.60208,0.006259886,0.17884797,2239.386,552.58093,0.001058651,38.337692,172.42918,11.419123,4.0612936
Grid_Cell_37,2002,0.1951723,0,542.68475,0.005932049,0.22584397,2132.7864,571.6958,0.002085021,28.225529,228.65909,10.744745,3.8254263
Grid_Cell_37,2003,0.23104304,0,477.845,0.005471164,0.125525,2207.341,522.51373,0.012575777,24.986277,214.85631,10.074427,3.891342
Grid_Cell_37,2004,0.15986052,0,547.7596,0.006336669,0.25048262,2050.2363,639.43005,0.001729491,25.88957,236.97937,11.439508,3.9433835
Grid_Cell_37,2005,0.1737801,0,528.16473,0.005903767,0.22382276,2240.3806,606.88116,0.002075562,21.782856,235.58049,12.193171,3.914413
Grid_Cell_37,2006,0.20853075,0,517.77216,0.005705452,0.19733065,2481.096,516.24976,0.00703187,23.683811,214.74298,12.071955,3.9708705
Grid_Cell_37,2007,0.1629621,0,477.07657,0.005256849,0.20175669,2843.7249,460.95697,0.000866,31.055618,182.83655,12.921228,4.004973
Grid_Cell_37,2008,0.17027049,0,526.25415,0.00559244,0.20560747,2282.5115,512.1369,0.003143279,23.98822,190.21806,11.623255,3.635141
Grid_Cell_37,2009,0.19083321,0,507.42984,0.005486903,0.2123473,2234.5596,571.5014,0.001087784,22.417395,199.47958,11.6654,3.7638996
Grid_Cell_37,2010,0.19638954,0,538.04614,0.005540619,0.19873452,2502.6494,593.40814,0.004457411,19.332186,222.02153,12.894709,3.898359
Grid_Cell_37,2011,0.18638174,0,571.41925,0.00551933,0.23885652,2445.2659,554.31866,0.003046675,21.525696,208.1627,10.81753,4.175248
Grid_Cell_37,2012,0.23534583,0,505.14786,0.005735181,0.19558164,2703.9639,502.45963,0.008848948,23.016363,176.59317,12.013849,4.5405464
Grid_Cell_37,2013,0.19131199,0,469.33954,0.005503208,0.04927745,2661.315,461.2248,0.000816,25.423767,165.15143,12.592859,4.352967
Grid_Cell_37,2014,0.16089182,0,432.89542,0.005197657,0.06962821,3025.028,425.07828,0.000878,29.297007,145.681,12.188318,4.88677
Grid_Cell_37,2015,0.1453277,0,437.51468,0.005311873,0.06289052,3062.0618,429.97067,0.000567,33.670864,139.19678,12.988153,4.9627047
Grid_Cell_37,2016,0.16919525,0,381.641,0.005765521,0.057866473,2586.665,386.76944,0.000845,33.58193,146.34259,12.182917,4.375467
Grid_Cell_37,2017,0.14501719,0,308.9626,0.005579373,0.06604344,2835.5635,285.94403,0.00056,38.063435,124.34118,12.825922,4.546592
Grid_Cell_37,2018,0.1452444,263,337.80603,0.005419473,0.07140325,3096.868,388.00186,0.000855,39.25859,127.16036,13.355219,4.706967
Grid_Cell_37,2019,0.12752739,70,333.645,0.005625728,0.062058683,2904.4614,254.35403,0.000468,41.35998,137.55402,13.562983,4.4558363
Grid_Cell_37,2020,0.1297647,75,402.52853,0.005281752,0.063064426,3284.43,412.92233,0.000676,39.069374,134.2252,13.583582,5.0556355
Grid_Cell_37,2021,0.14768547,161,518.3685,0.005706731,0.053318452,2873.6807,567.7409,0.000998,27.234133,159.9477,13.35232,4.7400093
Grid_Cell_37,2022,0.14204106,449,521.1276,0.005407499,0.0687733,3205.076,517.2185,0.00085,26.819761,165.97275,13.52627,5.172633
Grid_Cell_37,2023,0.14715955,3063,547.79645,0.005907501,0.052301165,2946.7832,589.6908,0.000871,27.067644,169.33931,13.966761,5.028721
Grid_Cell_37,2024,0.13870116,13110,461.1954,0.005238456,0.06918193,3403.1316,465.0888,0.000984,36.938427,162.98578,13.9491825,5.0581045
Grid_Cell_37,2025,0.1408681,16728,526.6303,0.00563088,0.053250957,3061.4536,526.1639,0.00067,37.552364,156.27022,13.6719,4.658889
Grid_Cell_38,2000,0.1494823,0,446.89328,0.005621254,0.26177865,2748.8186,462.32184,0.000699,34.875565,154.81978,12.33407,4.0430603
Grid_Cell_38,2001,0.16545488,0,427.51273,0.006258081,0.18814278,2283.6816,540.8294,0.0010635,37.430847,173.24904,11.691523,4.051191
Grid_Cell_38,2002,0.19338825,0,522.67773,0.00589321,0.20906255,2180.119,545.00256,0.002198654,28.15552,226.17308,11.008875,3.800529
Grid_Cell_38,2003,0.2252541,0,464.8526,0.005488058,0.17077771,2237.2002,508.94028,0.011033301,25.628405,214.16765,10.312922,3.8664448
Grid_Cell_38,2004,0.1606236,0,532.62164,0.006309005,0.20623954,2122.4812,619.8246,0.001666066,26.126131,235.39903,11.695856,3.973882
Grid_Cell_38,2005,0.17479254,0,521.07886,0.005894866,0.21286936,2292.5342,582.85876,0.00185011,21.798979,236.11246,12.470697,3.926365
Grid_Cell_38,2006,0.20866027,0,503.0982,0.005692041,0.20644186,2529.1704,487.6189,0.006243075,23.757885,214.12048,12.322016,3.9897745
Grid_Cell_38,2007,0.16038555,0,459.9618,0.005251982,0.23064911,2880.9312,442.8486,0.000896,31.021027,181.67888,13.169489,4.0195274
Grid_Cell_38,2008,0.16757591,0,511.17218,0.00556867,0.2024968,2313.3757,498.44864,0.002549358,23.05239,189.59335,11.903406,3.6485972
Grid_Cell_38,2009,0.18990156,0,495.23233,0.005466728,0.23273398,2281.7742,558.05225,0.001054373,21.677153,200.46085,11.951227,3.7903037
Grid_Cell_38,2010,0.19909376,0,522.8603,0.005533355,0.20510824,2536.6296,570.05316,0.00322824,19.016354,222.46101,13.179804,3.894866
Grid_Cell_38,2011,0.18214428,0,561.4465,0.005460522,0.25588262,2561.467,535.1681,0.002437836,21.404148,206.42758,11.222498,4.234289
Grid_Cell_38,2012,0.22853264,0,485.0307,0.005683023,0.20568831,2823.9568,484.37057,0.009204173,24.096998,172.57259,12.385187,4.608716
Grid_Cell_38,2013,0.18819082,0,448.22015,0.00546626,0.06098014,2785.4866,435.4679,0.000771,26.360083,160.18997,12.95904,4.441768
Grid_Cell_38,2014,0.1572892,0,401.64023,0.005148469,0.06717004,3160.2014,394.41818,0.000622,30.603958,138.24397,12.563013,4.978037
Grid_Cell_38,2015,0.1472036,0,416.64044,0.005298945,0.06739714,3131.3223,408.98303,0.000561,34.41164,135.28096,13.303705,4.9363346
Grid_Cell_38,2016,0.16879904,0,344.97177,0.005745647,0.04360252,2667.6436,349.6877,0.000809,35.224632,138.9618,12.5194645,4.3912115
Grid_Cell_38,2017,0.14726907,0,261.21472,0.005541917,0.059704512,2961.075,236.19708,0.000351,40.246902,115.68612,13.220209,4.5970716
Grid_Cell_38,2018,0.1458627,263,299.66046,0.005370412,0.21826318,3234.0703,345.78253,0.000728,41.471077,117.46555,13.79516,4.7896724
Grid_Cell_38,2019,0.13191715,70,311.62057,0.005592454,0.06154902,2991.8098,245.68163,0.000488,41.899715,132.57158,13.977564,4.480391
Grid_Cell_38,2020,0.12899682,75,395.75174,0.005254497,0.08429375,3406.4658,403.73618,0.000779,38.465317,135.34386,14.073114,5.101947
Grid_Cell_38,2021,0.14922146,161,496.1529,0.005682639,0.077217065,3008.208,540.9417,0.000885,27.926884,155.42516,13.800745,4.783023
Grid_Cell_38,2022,0.1433091,449,508.09634,0.005414136,0.0734228,3295.5967,510.53546,0.000855,27.034243,164.38231,13.9284,5.183558
Grid_Cell_38,2023,0.14818445,3063,536.6174,0.005875925,0.058349576,3055.665,572.8979,0.000856,26.984812,168.13667,14.4309635,5.0393376
Grid_Cell_38,2024,0.14143546,13110,446.70233,0.005240132,0.07423905,3472.5845,454.96988,0.000972,37.05298,162.87419,14.312372,5.057582
Grid_Cell_38,2025,0.14349303,16728,513.2813,0.005620722,0.06583423,3143.475,508.9884,0.00064,37.21099,156.09187,14.074152,4.6748266
Grid_Cell_39,2000,0.1483039,0,427.4373,0.005562029,0.2781373,2825.1677,445.66174,0.000671,35.627975,159.70007,12.50625,4.061646
Grid_Cell_39,2001,0.16376534,0,412.6422,0.006216728,0.17781438,2328.5076,527.6998,0.001074051,37.38111,182.39128,11.827814,4.0587935
Grid_Cell_39,2002,0.19051734,0,502.29486,0.005817687,0.51122564,2232.8264,523.65204,0.002326473,28.876307,233.19122,11.137903,3.7879262
Grid_Cell_39,2003,0.22070818,0,446.50772,0.005480113,0.1357987,2256.058,496.8076,0.010868904,26.67,224.6059,10.416773,3.8464105
Grid_Cell_39,2004,0.15979686,0,509.9368,0.006260293,0.23938915,2181.4912,596.36426,0.001643938,27.256668,242.85875,11.799707,4.0020924
Grid_Cell_39,2005,0.17569855,0,501.59888,0.005854582,0.20641129,2346.3184,564.097,0.001676555,22.390877,244.4551,12.622156,3.9527006
Grid_Cell_39,2006,0.2074388,0,480.91824,0.005648239,0.17259337,2575.7874,466.1377,0.005694589,24.399996,223.26994,12.440546,4.0212812
Grid_Cell_39,2007,0.15784177,0,441.52512,0.005225534,0.17288539,2918.523,426.12482,0.000926,31.564886,192.42781,13.285517,4.0505548
Grid_Cell_39,2008,0.16423327,0,493.62384,0.005520032,0.20657364,2350.637,483.03613,0.00276556,22.790037,201.47983,12.054468,3.6827843
Grid_Cell_39,2009,0.18675312,0,481.54657,0.005419817,0.17963162,2338.9414,544.874,0.001291829,21.755987,212.47795,12.111231,3.8362627
Grid_Cell_39,2010,0.19741869,0,503.04227,0.005511554,0.20455718,2574.9468,554.91693,0.002971836,19.656147,233.1846,13.321314,3.919592
Grid_Cell_39,2011,0.18081175,0,553.555,0.005431142,0.275542,2623.996,535.045,0.002999455,21.545107,223.5632,11.354273,4.311618
Grid_Cell_39,2012,0.22995585,0,477.68634,0.005660212,0.16667248,2880.553,484.37268,0.010412746,23.858217,193.53967,12.479151,4.704515
Grid_Cell_39,2013,0.18764271,0,452.72372,0.005448321,0.059922498,2846.4795,435.47977,0.000831,25.580292,176.4872,13.073206,4.550467
Grid_Cell_39,2014,0.15615404,0,405.6006,0.005116164,0.07584009,3230.705,392.59512,0.00067,29.517302,149.43143,12.6774845,5.0969753
Grid_Cell_39,2015,0.14653473,0,416.67502,0.005284828,0.072739385,3181.4963,408.6785,0.000585,33.89732,144.31133,13.407862,4.9996567
Grid_Cell_39,2016,0.16717045,0,349.17548,0.005725732,0.05211389,2720.8853,351.4961,0.000839,34.0406,149.75053,12.6523075,4.4903574
Grid_Cell_39,2017,0.14676328,0,250.36935,0.005497034,0.0674255,3061.1165,218.32956,0.000351,40.169113,122.26116,13.348444,4.7349143
Grid_Cell_39,2018,0.14431359,263,282.77896,0.005323021,0.14402792,3341.4224,324.80676,0.000687,42.503563,118.71428,13.904657,4.9299808
Grid_Cell_39,2019,0.13215809,70,295.46594,0.005554471,0.06817516,3056.1357,241.46532,0.00052,42.119114,136.7337,14.059595,4.581213
Grid_Cell_39,2020,0.12965788,75,401.19513,0.005218271,0.0802326,3491.4673,403.09534,0.00079,37.577854,149.2083,14.176203,5.2245564
Grid_Cell_39,2021,0.14938277,161,495.97794,0.005652087,0.074428536,3078.5837,540.5411,0.000921,27.108276,168.63354,13.910791,4.8929205
Grid_Cell_39,2022,0.14431928,449,511.15274,0.005408975,0.07098921,3347.9941,517.8179,0.0009,26.395353,178.91728,13.999842,5.289277
Grid_Cell_39,2023,0.14789407,3063,535.37213,0.005839586,0.06591535,3129.2878,573.59235,0.000959,26.569288,181.69122,14.540308,5.135947
Grid_Cell_39,2024,0.14181428,13110,444.9126,0.005214339,0.083609045,3531.4485,455.0558,0.001057781,36.71381,175.69853,14.373072,5.1538677
Grid_Cell_39,2025,0.1440515,16728,517.55426,0.005601285,0.064697385,3191.3728,509.51892,0.00072,36.35345,170.36702,14.146845,4.760287
Grid_Cell_4,2000,0.13713525,0,426.43854,0.006029734,0.16114238,2581.501,472.93225,0.000859,36.965492,180.85036,12.25268,4.054984
Grid_Cell_4,2001,0.14251171,0,426.24048,0.006592468,0.15183094,2343.7297,536.5213,0.001221418,40.436863,195.764,12.450403,4.004376
Grid_Cell_4,2002,0.1830737,0,569.2873,0.006259834,0.14844505,2190.5925,593.98706,0.001521682,29.222092,248.29036,11.554316,3.6420016
Grid_Cell_4,2003,0.1991503,0,512.50433,0.005669781,0.09465487,2248.0989,549.2545,0.004266801,27.686718,243.19452,10.816248,3.61826
Grid_Cell_4,2004,0.13673392,0,579.19324,0.006557813,0.16277207,2127.1228,645.85254,0.002052964,26.544624,257.5256,12.178522,3.8320105
Grid_Cell_4,2005,0.14118305,0,580.4821,0.006180757,0.2220104,2290.8523,619.5139,0.001859942,22.191914,254.76657,13.050653,3.8861938
Grid_Cell_4,2006,0.18333182,0,530.4784,0.006003243,0.16008502,2555.7363,524.20496,0.002613863,25.24657,236.11252,12.930353,4.032103
Grid_Cell_4,2007,0.13862853,0,506.96555,0.005630671,0.19138515,2891.1028,504.40323,0.001167534,30.975267,213.5377,13.540827,4.1455207
Grid_Cell_4,2008,0.15309505,0,548.58246,0.005977109,0.11091267,2282.3438,538.0485,0.001821902,22.959028,232.78323,12.401056,3.713078
Grid_Cell_4,2009,0.16160418,0,550.1244,0.005927177,0.19194014,2292.6824,636.1362,0.001705117,22.410105,239.26826,12.655085,3.8147557
Grid_Cell_4,2010,0.15507397,0,572.9539,0.006107931,0.1895027,2511.7217,602.46716,0.002272158,21.369524,249.53078,13.641199,3.9642837
Grid_Cell_4,2011,0.16162091,0,566.9081,0.005919916,0.16167063,2522.9033,551.9081,0.001713969,24.417416,237.35538,11.664759,4.2694945
Grid_Cell_4,2012,0.1866457,0,521.4792,0.006159239,0.09633185,2865.916,500.58768,0.005358948,28.29617,204.6814,13.031122,4.7013044
Grid_Cell_4,2013,0.16740483,0,450.1177,0.005860825,0.052715655,2717.9697,445.68686,0.000992,30.650972,189.48703,13.229364,4.403138
Grid_Cell_4,2014,0.13695215,0,433.10602,0.005745821,0.05675339,3140.8367,422.71957,0.000836,33.915405,171.87897,13.138086,5.071153
Grid_Cell_4,2015,0.12877578,0,444.08325,0.005634739,0.06766372,3156.7134,421.8437,0.000596,34.30727,166.6545,13.766687,4.9814715
Grid_Cell_4,2016,0.1456211,0,418.405,0.006082392,0.06140806,2730.9768,435.26895,0.001375977,35.13598,180.07907,13.032068,4.5030627
Grid_Cell_4,2017,0.1315166,0,299.50937,0.005883253,0.06422545,3036.4175,253.1034,0.000459,43.008087,145.5222,13.630274,4.7034416
Grid_Cell_4,2018,0.12840945,263,309.9172,0.005796809,0.076626405,3279.414,346.97266,0.000688,45.884567,139.73761,14.211725,4.9335766
Grid_Cell_4,2019,0.11822708,70,320.2552,0.005937804,0.04876485,3073.5598,241.37569,0.000424,46.099873,148.45096,14.358179,4.581692
Grid_Cell_4,2020,0.11257878,75,434.5158,0.005660181,0.059058584,3449.8896,432.29306,0.001245297,42.670242,162.21751,14.418573,5.206865
Grid_Cell_4,2021,0.13177992,161,503.99152,0.00603645,0.0569437,3074.6682,551.14667,0.001073675,33.026646,182.62651,14.083979,4.847167
Grid_Cell_4,2022,0.1300116,449,515.64124,0.005782968,0.0650113,3378.047,527.1458,0.000957,30.512686,186.23898,14.278162,5.263695
Grid_Cell_4,2023,0.12927242,3063,542.836,0.006123884,0.05389689,3157.2822,590.288,0.001310336,31.385176,188.4856,14.778345,5.0789266
Grid_Cell_4,2024,0.12853652,13110,470.40457,0.005635932,0.05189394,3480.9934,473.71793,0.00119043,40.228493,179.57283,14.60824,5.1801777
Grid_Cell_4,2025,0.13478795,16728,533.944,0.005973346,0.045666642,3155.634,524.45734,0.000924,39.456657,185.46802,14.239069,4.7961574
Grid_Cell_40,2000,0.16372754,0,401.38428,0.005519122,0.23946996,2847.371,425.0346,0.000643,34.917057,176.88373,12.581171,4.082555
Grid_Cell_40,2001,0.17818503,0,391.7172,0.006175954,0.22715159,2341.9817,511.93295,0.001082671,35.952168,200.51576,11.911097,4.0858145
Grid_Cell_40,2002,0.20521729,0,479.9756,0.005749913,0.22051282,2257.6648,509.0051,0.002556497,28.169308,247.06117,11.2122135,3.7915907
Grid_Cell_40,2003,0.23380071,0,420.70004,0.005463815,0.1227156,2238.2258,485.29257,0.011613901,25.738277,244.86902,10.465326,3.83439
Grid_Cell_40,2004,0.17560089,0,474.5342,0.006206605,0.24482527,2203.9539,566.2769,0.001626465,26.889399,253.65683,11.837885,4.037133
Grid_Cell_40,2005,0.19145225,0,466.17487,0.005807712,0.25276306,2371.982,549.38196,0.00156251,22.106535,256.10046,12.718622,3.981091
Grid_Cell_40,2006,0.219285,0,444.72528,0.005605588,0.19007054,2589.439,449.61804,0.005705647,24.25617,241.93866,12.496729,4.0511785
Grid_Cell_40,2007,0.17176773,0,413.65356,0.005203575,0.23547009,2920.4963,408.67093,0.000937,30.841585,218.03514,13.344324,4.075178
Grid_Cell_40,2008,0.17665714,0,470.79364,0.005476812,0.21344788,2357.2666,463.4101,0.004143627,21.433159,227.92911,12.14654,3.7199087
Grid_Cell_40,2009,0.19813836,0,466.08527,0.005374886,0.18225208,2367.2341,530.0521,0.001929596,20.46684,235.952,12.215143,3.880749
Grid_Cell_40,2010,0.2104689,0,470.07312,0.005498609,0.18835801,2590.4814,537.68335,0.002817678,19.435705,250.29178,13.432276,3.9505851
Grid_Cell_40,2011,0.19454393,0,537.6832,0.00542223,0.29988733,2654.6763,535.02985,0.003496182,20.056038,246.51605,11.480707,4.396652
Grid_Cell_40,2012,0.24441876,0,456.92944,0.005658262,0.30648592,2913.9072,484.59348,0.011794324,22.69242,228.97339,12.582392,4.8123703
Grid_Cell_40,2013,0.20228364,0,451.65454,0.005446889,0.05993326,2873.0244,435.61908,0.001060524,22.538641,212.34364,13.179621,4.667145
Grid_Cell_40,2014,0.17115203,0,414.4663,0.005101657,0.06966758,3262.5137,392.00113,0.000963,26.208397,184.3273,12.774195,5.215023
Grid_Cell_40,2015,0.16206975,0,423.15826,0.00526215,0.07957897,3211.4712,407.18378,0.000647,30.736002,175.60997,13.503229,5.087773
Grid_Cell_40,2016,0.18066731,0,355.1973,0.005705415,0.061361376,2758.662,350.79382,0.000988,31.280571,180.03046,12.7686405,4.6178164
Grid_Cell_40,2017,0.16068247,0,250.91583,0.005453698,0.06619132,3129.0945,212.5818,0.000587,37.269367,148.23569,13.431391,4.894572
Grid_Cell_40,2018,0.15895003,263,267.46674,0.005273607,0.083433226,3415.649,294.86914,0.000561,41.14308,135.01373,13.953424,5.0772753
Grid_Cell_40,2019,0.14839561,70,270.26303,0.005523266,0.06313347,3097.3796,228.56256,0.000481,41.016228,150.48634,14.113337,4.6904936
Grid_Cell_40,2020,0.14651445,75,408.02902,0.005194504,0.07094987,3520.341,401.20837,0.000852,34.08957,185.35027,14.216059,5.349488
Grid_Cell_40,2021,0.1648086,161,496.4164,0.005630485,0.070333116,3113.0073,540.92773,0.001020445,24.132719,200.44905,13.989374,5.0097013
Grid_Cell_40,2022,0.16237271,449,506.7237,0.005401205,0.07736329,3365.7595,522.6952,0.001025637,23.634825,207.42007,14.0498905,5.397154
Grid_Cell_40,2023,0.1641524,3063,531.0532,0.005813699,0.07008718,3145.0925,572.2855,0.001118123,23.89587,211.13683,14.593073,5.2300906
Grid_Cell_40,2024,0.15775797,13110,438.79166,0.005193353,0.0805037,3551.4119,455.03885,0.001422706,34.205116,207.04474,14.403559,5.2692046
Grid_Cell_40,2025,0.16008948,16728,526.0879,0.005585169,0.06159278,3199.979,510.31168,0.000887,32.808834,204.3488,14.20083,4.8493423
Grid_Cell_41,2000,0.17659646,0,378.26505,0.005480721,0.17331576,2889.3867,402.55106,0.000574,36.823334,185.73068,12.607172,4.116002
Grid_Cell_41,2001,0.18974681,0,376.37473,0.00613142,0.17751229,2384.4653,494.74042,0.00102276,36.765938,206.57684,11.955469,4.135506
Grid_Cell_41,2002,0.2162788,0,464.94522,0.005683063,0.19774857,2314.4578,500.19876,0.002375079,29.58392,250.55434,11.252802,3.8124125
Grid_Cell_41,2003,0.23680939,0,410.00266,0.005448496,0.15933675,2239.3096,474.48938,0.009994349,26.657675,251.51218,10.493616,3.8257256
Grid_Cell_41,2004,0.18809658,0,448.0905,0.006160457,0.21685894,2271.592,533.12213,0.001505137,30.915625,255.06638,11.833368,4.0716963
Grid_Cell_41,2005,0.20488721,0,446.32126,0.005755934,0.19380894,2432.3271,536.20703,0.001496175,24.316675,259.80405,12.761225,4.011468
Grid_Cell_41,2006,0.22959425,0,417.3808,0.005562304,0.171694,2613.3938,433.83817,0.004707069,25.593334,248.90146,12.477503,4.0724115
Grid_Cell_41,2007,0.18362796,0,390.03287,0.005182017,0.28015146,2937.6472,390.14243,0.000868,32.860386,231.45184,13.332697,4.0919933
Grid_Cell_41,2008,0.18600832,0,450.82407,0.005435278,0.20717488,2402.0293,441.27673,0.004596059,23.143503,238.32948,12.165064,3.752559
Grid_Cell_41,2009,0.20700794,0,454.07782,0.00532943,0.190249,2431.435,513.87695,0.002136366,21.947357,242.32654,12.245264,3.9217422
Grid_Cell_41,2010,0.22099859,0,436.632,0.005486393,0.14409938,2643.6167,499.97522,0.002543579,22.312233,255.17839,13.458399,3.9897974
Grid_Cell_41,2011,0.20241356,0,513.8088,0.005406272,0.25469112,2723.3022,520.60645,0.003762901,22.618969,253.13174,11.516718,4.4972343
Grid_Cell_41,2012,0.24606624,0,429.03494,0.005654133,0.16769841,2997.406,462.11334,0.00992833,26.562435,238.97348,12.615351,4.936038
Grid_Cell_41,2013,0.21168782,0,417.34296,0.005431167,0.067886144,2952.4277,389.1391,0.00109611,25.451078,224.51663,13.189417,4.797796
Grid_Cell_41,2014,0.18297102,0,373.37985,0.005075239,0.07163794,3339.771,354.3372,0.000994,29.944069,195.22942,12.760309,5.3414955
Grid_Cell_41,2015,0.17622061,0,364.2831,0.005257363,0.071159005,3266.0723,346.35382,0.000541,35.459034,186.2714,13.517328,5.141472
Grid_Cell_41,2016,0.19072285,0,351.78412,0.00570066,0.051501956,2815.027,356.1414,0.001302715,32.630993,196.25389,12.812433,4.706068
Grid_Cell_41,2017,0.17283003,0,249.70517,0.005430798,0.077113464,3195.998,213.75577,0.000913,38.448025,170.10268,13.425592,4.996455
Grid_Cell_41,2018,0.17174944,263,259.15613,0.005246127,0.077756286,3464.1638,275.05655,0.000477,42.48035,153.2104,13.8918705,5.1514874
Grid_Cell_41,2019,0.16218807,70,254.54796,0.005504382,0.052475203,3157.0007,218.36304,0.000517,43.11362,165.75003,14.09292,4.7605624
Grid_Cell_41,2020,0.16074246,75,326.66547,0.005185775,0.06749028,3577.763,332.98376,0.000587,40.54308,166.60838,14.191828,5.403074
Grid_Cell_41,2021,0.16924082,161,380.26892,0.00560667,0.0633332,3214.3352,405.05615,0.000501,33.56712,172.40486,14.018061,5.0764136
Grid_Cell_41,2022,0.17405935,449,418.45093,0.005394866,0.06966858,3425.0322,448.1082,0.000858,30.620302,194.79134,14.050806,5.4441743
Grid_Cell_41,2023,0.17092805,3063,424.47772,0.005789226,0.06504254,3228.985,440.06976,0.000652,32.405296,193.20003,14.594721,5.2731047
Grid_Cell_41,2024,0.16587502,13110,347.8614,0.005182563,0.08060739,3599.8818,360.13144,0.000902,41.588757,191.61588,14.366083,5.3232846
Grid_Cell_41,2025,0.17214845,16728,436.96017,0.00557331,0.066864334,3233.801,428.72583,0.000582,38.222576,186.81342,14.2052555,4.8826985
Grid_Cell_42,2000,0.16288702,0,367.30447,0.005444035,0.19599323,2956.9048,383.02072,0.000491,39.529514,171.8957,12.639704,4.165131
Grid_Cell_42,2001,0.17661975,0,372.4327,0.006088317,0.19378446,2445.121,479.53296,0.000913,38.01483,196.10309,12.003351,4.206602
Grid_Cell_42,2002,0.20394596,0,460.17703,0.005618392,0.2128157,2383.8171,493.8408,0.002193007,31.242033,242.01588,11.298792,3.8510427
Grid_Cell_42,2003,0.22142303,0,409.36865,0.005437613,0.1356572,2271.5923,465.58475,0.008531859,28.277931,243.73601,10.531977,3.8293557
Grid_Cell_42,2004,0.17660078,0,436.6167,0.006121861,0.21900354,2320.4192,504.96268,0.001326677,32.70023,249.42223,11.83169,4.1179733
Grid_Cell_42,2005,0.19230933,0,450.16388,0.005713373,0.16666667,2486.7852,523.6358,0.001404086,25.811161,256.04358,12.781763,4.0415363
Grid_Cell_42,2006,0.2183709,0,412.7022,0.005534273,0.24308369,2642.057,421.05096,0.004186562,27.43828,244.62721,12.424433,4.080631
Grid_Cell_42,2007,0.17078352,0,384.1987,0.005173349,0.24338324,2954.7737,374.89392,0.00074,34.88661,222.65591,13.288294,4.095007
Grid_Cell_42,2008,0.17276932,0,440.11926,0.005408796,0.17620021,2440.524,422.2528,0.003963508,25.351597,229.28065,12.15066,3.773324
Grid_Cell_42,2009,0.19220404,0,447.438,0.005298101,0.21775913,2485.9878,500.7031,0.001842623,24.290289,232.87874,12.235071,3.952153
Grid_Cell_42,2010,0.20806181,0,430.6272,0.005479646,0.17068715,2675.016,478.2553,0.002380363,24.218079,249.48581,13.430658,4.015585
Grid_Cell_42,2011,0.18859597,0,515.0324,0.00539733,0.25404862,2741.874,517.0111,0.003658928,24.074205,249.11316,11.474695,4.515522
Grid_Cell_42,2012,0.22877312,0,433.397,0.005656155,0.21488172,3010.4812,456.7335,0.009038767,28.415787,231.36665,12.57699,4.9437227
Grid_Cell_42,2013,0.19792387,0,412.08334,0.005408667,0.08626705,2980.2786,377.97192,0.001104942,27.325375,211.3647,13.118158,4.830433
Grid_Cell_42,2014,0.1701302,0,363.47733,0.00505164,0.07227425,3363.0574,345.4812,0.000839,32.205208,178.52144,12.686823,5.3570094
Grid_Cell_42,2015,0.16393451,0,358.6909,0.005260595,0.08021581,3287.3057,343.265,0.000489,37.4373,170.1392,13.479822,5.1505814
Grid_Cell_42,2016,0.17891143,0,344.84363,0.00569564,0.06832145,2841.7097,351.12558,0.001323132,34.485657,182.82611,12.811823,4.7269697
Grid_Cell_42,2017,0.16105473,0,238.64703,0.005415835,0.084795214,3215.7673,202.42764,0.000636,41.26803,156.71504,13.352991,4.9967637
Grid_Cell_42,2018,0.15970589,263,253.18483,0.005234853,0.086258486,3451.6956,270.96442,0.000474,44.582428,140.27322,13.747889,5.120392
Grid_Cell_42,2019,0.14975202,70,246.56569,0.005492957,0.06664463,3169.1606,212.49756,0.000494,45.714073,151.9087,13.952448,4.745391
Grid_Cell_42,2020,0.14858477,75,322.5264,0.005188281,0.07314645,3562.9536,333.96494,0.000583,42.809135,153.92398,14.022272,5.3558745
Grid_Cell_42,2021,0.15733701,161,376.04828,0.005589385,0.07221888,3233.694,401.73627,0.00049,35.260544,160.407,13.932734,5.0708313
Grid_Cell_42,2022,0.16522451,449,418.58704,0.005400499,0.07942613,3399.7031,449.54785,0.000834,31.790049,187.27632,13.934504,5.389106
Grid_Cell_42,2023,0.15949112,3063,422.6752,0.005778107,0.06820188,3233.2444,436.6926,0.000608,34.16208,185.66237,14.464014,5.2352962
Grid_Cell_42,2024,0.1542579,13110,349.28995,0.005183877,0.08505596,3575.2012,358.70782,0.00088,42.91922,183.07877,14.209284,5.2886076
Grid_Cell_42,2025,0.16076331,16728,434.70944,0.005569732,0.060758177,3230.4678,427.13437,0.000561,40.174805,177.16733,14.078119,4.8447523
Grid_Cell_43,2000,0.14239484,0,355.29773,0.005457393,0.1600121,3015.9324,368.86563,0.000421,43.041355,146.21213,12.69729,4.2379017
Grid_Cell_43,2001,0.15519848,0,371.76636,0.006087129,0.19420601,2518.8494,467.87436,0.000795,40.584156,172.1027,12.093836,4.315095
Grid_Cell_43,2002,0.18431263,0,462.65564,0.005606615,0.16538809,2454.861,487.03574,0.001688233,33.15743,223.39853,11.387934,3.9272413
Grid_Cell_43,2003,0.19933695,0,417.58423,0.005433527,0.130532,2315.044,459.41904,0.006335873,29.81337,223.97444,10.6010685,3.8390818
Grid_Cell_43,2004,0.15776642,0,430.5691,0.006095491,0.20031552,2375.9717,485.7341,0.001143624,35.29877,232.58247,11.837091,4.162475
Grid_Cell_43,2005,0.17168175,0,467.45255,0.005688428,0.20433505,2541.4546,512.028,0.001232099,27.307816,244.25218,12.798792,4.069447
Grid_Cell_43,2006,0.20192228,0,421.74506,0.005528571,0.17688355,2660.7908,416.43613,0.003828041,29.044209,231.41624,12.368067,4.078953
Grid_Cell_43,2007,0.15084459,0,391.12256,0.005185301,0.25520018,2966.9614,369.93134,0.000626,36.810238,204.07994,13.239527,4.092541
Grid_Cell_43,2008,0.1531781,0,436.52084,0.005402348,0.14948054,2480.2756,409.17206,0.002623026,28.048668,205.6182,12.133387,3.7904687
Grid_Cell_43,2009,0.17188421,0,444.99072,0.005288071,0.15926225,2533.3906,497.11642,0.001304716,27.085258,213.40689,12.2121525,3.9754064
Grid_Cell_43,2010,0.18763235,0,434.52167,0.005482095,0.17632478,2702.844,466.6259,0.002306483,26.194899,232.83371,13.388056,4.0307565
Grid_Cell_43,2011,0.1662451,0,524.288,0.005398703,0.23799543,2754.4756,517.12885,0.003013339,25.77236,234.10509,11.432154,4.5103507
Grid_Cell_43,2012,0.20885935,0,447.7056,0.00566056,0.17513373,3014.8022,456.9101,0.00828526,29.76763,209.59744,12.5377445,4.9224796
Grid_Cell_43,2013,0.17802711,0,416.51135,0.005396636,0.08882612,3009.487,377.84125,0.000839,29.990192,186.34438,13.046381,4.8324876
Grid_Cell_43,2014,0.1510201,0,355.61816,0.005044496,0.062697716,3381.391,345.1572,0.000594,35.473606,150.38264,12.624323,5.3400574
Grid_Cell_43,2015,0.14484729,0,352.91507,0.005262657,0.07393175,3303.6287,342.49176,0.000442,40.238766,143.61398,13.401697,5.1211977
Grid_Cell_43,2016,0.15967678,0,330.84735,0.005687358,0.053593833,2872.486,334.51318,0.00098,37.90162,152.01678,12.77984,4.709688
Grid_Cell_43,2017,0.14150017,0,220.12181,0.00540727,0.064442694,3226.6284,188.93088,0.000292,45.73265,126.333534,13.255091,4.9453254
Grid_Cell_43,2018,0.13897362,263,238.58214,0.005224709,0.07473026,3442.3298,263.37527,0.000425,48.21837,116.4695,13.601374,5.0613503
Grid_Cell_43,2019,0.12945017,70,230.62381,0.005481985,0.059162807,3199.4707,198.6066,0.000401,49.72102,127.75039,13.827967,4.7244663
Grid_Cell_43,2020,0.12790538,75,317.03558,0.005188264,0.061865117,3557.0442,333.50613,0.00058,45.963615,133.31584,13.872034,5.2940235
Grid_Cell_43,2021,0.13757282,161,372.75858,0.005587118,0.069092974,3271.5337,401.7438,0.000457,38.38403,141.48065,13.855768,5.0572352
Grid_Cell_43,2022,0.14799586,449,423.7224,0.005414283,0.07600917,3377.7656,452.25864,0.000803,33.620365,170.69798,13.822046,5.3208866
Grid_Cell_43,2023,0.14029619,3063,425.65924,0.005770056,0.064926796,3248.6917,437.18292,0.000531,36.703533,168.0543,14.349543,5.1922827
Grid_Cell_43,2024,0.13488193,13110,356.33325,0.005192451,0.16099395,3563.5295,359.46335,0.000833,44.860752,164.91083,14.090204,5.2509556
Grid_Cell_43,2025,0.14196692,16728,431.17926,0.005565011,0.06517981,3243.8572,426.7719,0.000502,42.81374,157.56564,13.9691105,4.8099914
Grid_Cell_44,2000,0.14224492,0,346.1925,0.005481456,0.15330808,3051.8196,360.31308,0.000389,43.871624,124.10232,12.772791,4.3339386
Grid_Cell_44,2001,0.15329023,0,376.46545,0.006095892,0.12301308,2574.3289,459.97202,0.000695,40.682884,146.16844,12.204645,4.449992
Grid_Cell_44,2002,0.18271469,0,475.5627,0.005606344,0.20488557,2504.721,479.33856,0.001103089,32.598095,198.67024,11.497675,4.027789
Grid_Cell_44,2003,0.19653389,0,427.7924,0.005434075,0.10588576,2344.125,456.2892,0.003211096,29.369246,194.38046,10.688929,3.873157
Grid_Cell_44,2004,0.1607969,0,432.0974,0.006075044,0.18163039,2410.7424,476.51132,0.000971,35.31081,202.0967,11.857813,4.2230964
Grid_Cell_44,2005,0.17024174,0,480.0961,0.00568476,0.150431,2566.9963,498.26553,0.000952,27.086552,211.42427,12.822657,4.1175294
Grid_Cell_44,2006,0.20544098,0,434.77957,0.005545153,0.17731665,2651.408,420.37054,0.002999764,28.379341,199.01683,12.337244,4.097446
Grid_Cell_44,2007,0.15224431,0,399.51743,0.005221246,0.21565904,2950.0505,376.6403,0.000542,36.41297,176.66322,13.212854,4.1085
Grid_Cell_44,2008,0.15545219,0,431.41458,0.005416122,0.14935967,2491.436,399.2029,0.001410198,28.637558,168.75636,12.141443,3.8281054
Grid_Cell_44,2009,0.17261292,0,444.6084,0.005300472,0.14334626,2546.348,504.67535,0.000936,27.653717,181.95412,12.206232,4.0153036
Grid_Cell_44,2010,0.18665786,0,446.67923,0.005502428,0.16854015,2696.5408,460.42343,0.001938678,25.679548,202.54628,13.359491,4.0574346
Grid_Cell_44,2011,0.1664439,0,534.44543,0.005412114,0.18761232,2740.9412,516.98846,0.001707983,25.005371,195.77834,11.406519,4.5090837
Grid_Cell_44,2012,0.2068884,0,450.72455,0.005673224,0.15871093,3008.7234,456.62793,0.006612237,29.962282,168.17705,12.529535,4.9137363
Grid_Cell_44,2013,0.17682077,0,407.15424,0.005393516,0.06553944,3020.4326,377.77753,0.000529,31.37983,154.70087,12.997339,4.844371
Grid_Cell_44,2014,0.15151277,0,343.41418,0.005055023,0.06857296,3378.303,343.8817,0.000448,37.252113,127.20926,12.5836735,5.330057
Grid_Cell_44,2015,0.1470893,0,351.60825,0.005279462,0.07431045,3283.5435,341.13745,0.00042,40.73579,124.24486,13.318415,5.0975676
Grid_Cell_44,2016,0.16123506,0,306.7947,0.005695595,0.060049906,2896.6882,300.13266,0.000541,39.76239,125.04271,12.780237,4.7381034
Grid_Cell_44,2017,0.14359099,0,195.83368,0.005422147,0.069783196,3226.2073,175.32072,0.000183,48.098907,102.26423,13.196161,4.951627
Grid_Cell_44,2018,0.13972081,263,217.03613,0.005228733,0.07671172,3436.1736,241.596,0.000346,50.206932,99.12575,13.50268,5.0754943
Grid_Cell_44,2019,0.13020639,70,226.11266,0.005486533,0.06578698,3201.0862,199.64557,0.000352,50.465347,110.0617,13.779108,4.736624
Grid_Cell_44,2020,0.13022485,75,317.6452,0.005184931,0.06654184,3550.8203,335.52667,0.0006,45.81562,117.22822,13.794275,5.2957654
Grid_Cell_44,2021,0.14042334,161,375.13998,0.005578622,0.06867672,3313.9016,404.96976,0.00044,38.89904,125.61527,13.8779545,5.096653
Grid_Cell_44,2022,0.15064095,449,440.41058,0.005446482,0.061999332,3353.361,462.5035,0.000826,32.41287,155.01086,13.806086,5.321503
Grid_Cell_44,2023,0.14294602,3063,438.34924,0.005764079,0.05359132,3253.5137,452.5459,0.000526,35.96434,149.68889,14.323511,5.198995
Grid_Cell_44,2024,0.13497174,13110,370.58826,0.005216129,0.22175498,3551.39,373.40585,0.000889,44.15193,148.81905,14.066492,5.258885
Grid_Cell_44,2025,0.1459592,16728,439.99814,0.00556836,0.063140355,3244.9001,437.62308,0.000475,41.988564,141.79562,13.9630375,4.823197
Grid_Cell_45,2000,0.13740851,0,337.21652,0.005489938,0.20763229,3039.334,354.5058,0.000395,43.339424,120.587746,12.766291,4.4539247
Grid_Cell_45,2001,0.1476802,0,379.21725,0.00608805,0.11726685,2602.9106,453.9078,0.000637,41.554676,140.96295,12.246515,4.6079035
Grid_Cell_45,2002,0.17867002,0,479.24875,0.005598937,0.22829272,2521.3174,472.0356,0.001016408,32.475636,187.32349,11.579004,4.160392
Grid_Cell_45,2003,0.1881693,0,425.77603,0.005465191,0.10428349,2376.4233,454.788,0.002218366,31.799236,179.72736,10.7920475,3.9564104
Grid_Cell_45,2004,0.15774143,0,434.2429,0.006072342,0.2068399,2421.1685,471.72708,0.000943,36.048084,189.36087,11.867945,4.3297563
Grid_Cell_45,2005,0.16260204,0,475.70807,0.005682801,0.17239846,2561.4365,483.12073,0.000806,27.33214,192.62122,12.814661,4.199927
Grid_Cell_45,2006,0.20549582,0,429.57074,0.005558941,0.19031549,2627.2458,426.73175,0.002130856,28.742777,181.78535,12.262476,4.157754
Grid_Cell_45,2007,0.1495355,0,399.50446,0.005259876,0.17588636,2924.478,386.21124,0.000569,37.25124,168.55855,13.143518,4.1707263
Grid_Cell_45,2008,0.1540207,0,425.54468,0.005427628,0.1280543,2487.3345,390.35492,0.001364928,29.809904,157.52715,12.094782,3.91038
Grid_Cell_45,2009,0.16935723,0,445.5156,0.005311787,0.1689527,2540.081,515.05524,0.001053867,28.74596,170.83417,12.14776,4.092701
Grid_Cell_45,2010,0.18382849,0,455.2955,0.005519986,0.19695812,2684.9773,465.1765,0.001659123,26.170696,191.55597,13.282862,4.1220236
Grid_Cell_45,2011,0.16299883,0,522.9218,0.005424912,0.25115907,2704.6003,502.26913,0.001700969,26.371796,182.70384,11.321039,4.5345287
Grid_Cell_45,2012,0.20398228,0,406.9554,0.005681752,0.14101595,2997.7512,418.58548,0.005877124,33.59655,151.74788,12.472376,4.940512
Grid_Cell_45,2013,0.1758493,0,421.64136,0.005392027,0.045043528,2988.8677,410.16672,0.000743,31.614887,151.88562,12.878534,4.8787546
Grid_Cell_45,2014,0.15238664,0,336.65878,0.005071585,0.053540047,3330.869,342.03384,0.00052,38.834373,128.79732,12.471888,5.3454
Grid_Cell_45,2015,0.14856663,0,363.33057,0.005341181,0.061948966,3220.3413,351.1782,0.000534,40.45143,131.2338,13.229059,5.116472
Grid_Cell_45,2016,0.15950297,0,305.8781,0.005754988,0.038799156,2912.7031,294.26706,0.000496,40.795647,126.414345,12.826349,4.879975
Grid_Cell_45,2017,0.14183894,0,190.04813,0.005478661,0.047137063,3198.9807,172.74707,0.000241,49.150993,104.299286,13.1210575,5.061524
Grid_Cell_45,2018,0.13581945,263,196.71161,0.005255374,0.061145607,3411.3457,216.47627,0.000323,53.390934,99.946884,13.322168,5.147857
Grid_Cell_45,2019,0.12532581,70,245.31395,0.005518297,0.048890665,3143.8452,222.3288,0.000453,49.881073,112.50933,13.646387,4.7656307
Grid_Cell_45,2020,0.12756519,75,324.46506,0.005200269,0.050118238,3484.481,339.25217,0.000669,44.949074,123.662865,13.704187,5.300444
Grid_Cell_45,2021,0.14277817,161,390.8043,0.005591594,0.05372774,3300.341,424.0339,0.000527,37.381954,134.24155,13.869104,5.1521325
Grid_Cell_45,2022,0.1490342,449,472.47687,0.005496612,0.049624395,3263.942,493.57617,0.000891,29.624027,165.22154,13.746485,5.32003
Grid_Cell_45,2023,0.14300255,3063,489.99594,0.00578673,0.051604837,3178.0657,541.5574,0.001373887,31.677736,167.94875,14.2399845,5.19831
Grid_Cell_45,2024,0.13407598,13110,433.37494,0.005263513,0.0736089,3478.9353,448.04984,0.001383879,39.88794,173.13757,13.988886,5.2646027
Grid_Cell_45,2025,0.1526452,16728,505.88824,0.005588755,0.052361615,3196.5732,504.77316,0.000699,37.253025,162.30911,13.930597,4.842672
Grid_Cell_46,2000,0.1519287,0,651.8913,0.006061001,0.28575048,2105.4043,713.95264,0.00273822,24.199368,185.46494,10.520197,4.3509865
Grid_Cell_46,2001,0.16218609,0,648.62976,0.006461516,0.37457633,1959.5366,879.6859,0.002766702,22.965425,205.0826,10.812342,4.3848896
Grid_Cell_46,2002,0.191973,0,750.86444,0.006140135,0.27518922,2058.4944,811.2074,0.004827914,14.998437,234.42593,10.525171,4.1997757
Grid_Cell_46,2003,0.1934236,0,642.41864,0.00604551,0.26720724,1890.9731,746.38257,0.006595349,21.804647,243.31711,9.488855,4.059938
Grid_Cell_46,2004,0.15461393,0,714.8228,0.006997663,0.2368183,1542.3735,980.1503,0.005019027,12.256326,281.66776,10.933741,3.8204668
Grid_Cell_46,2005,0.15528268,0,683.27,0.00628151,0.32446977,2100.3425,834.2611,0.004211209,17.810253,222.5542,11.750147,4.1267076
Grid_Cell_46,2006,0.21578325,0,716.39716,0.006127961,0.313213,2070.897,843.453,0.004592017,10.2291975,226.6701,11.560633,3.9303567
Grid_Cell_46,2007,0.15443869,0,617.79944,0.00554828,0.18452676,2629.9844,654.52856,0.001785445,25.632505,187.23181,12.588526,4.2396646
Grid_Cell_46,2008,0.1558392,0,678.9366,0.005905449,0.34894755,2115.2546,649.3476,0.002484908,15.7699175,195.0299,11.137751,4.1056666
Grid_Cell_46,2009,0.17808732,0,671.7356,0.00588268,0.27505836,1988.4922,803.5556,0.002839068,14.340357,205.13972,11.318476,3.9225297
Grid_Cell_46,2010,0.18123809,0,684.46173,0.006006547,0.3040994,2220.9832,789.42596,0.002559438,12.373826,212.45288,12.32522,4.238188
Grid_Cell_46,2011,0.21539979,0,741.46094,0.006089104,0.28064024,1853.0516,763.5297,0.006655729,11.106949,239.40742,9.449732,4.0994263
Grid_Cell_46,2012,0.22513513,0,683.9983,0.006306575,0.25888094,2172.1711,649.96796,0.005581294,11.447617,191.7761,10.9995365,4.462985
Grid_Cell_46,2013,0.1598168,0,558.1112,0.00608292,0.03449215,2216.142,606.74835,0.001623668,23.98435,172.0586,11.747889,4.2302613
Grid_Cell_46,2014,0.1744499,0,601.7545,0.005720017,0.060361754,2541.7668,621.9569,0.001687692,18.425537,172.27509,11.262079,5.050126
Grid_Cell_46,2015,0.1338416,0,617.2515,0.005742801,0.054531652,2560.9753,644.004,0.001739579,21.11707,173.22844,12.143457,4.8739033
Grid_Cell_46,2016,0.16658975,0,690.7541,0.006260545,0.04220793,2063.5046,731.70416,0.002772667,14.87189,207.44215,11.296442,4.237762
Grid_Cell_46,2017,0.13620126,0,617.7227,0.006096958,0.06272735,2248.5684,587.14526,0.004300856,17.360905,192.38354,12.037714,4.376661
Grid_Cell_46,2018,0.13881205,263,541.926,0.006023178,0.053131416,2505.4744,641.85803,0.002333798,26.641865,170.5465,12.7026005,4.4252205
Grid_Cell_46,2019,0.115576744,70,589.48834,0.006072081,0.092440546,2435.9128,466.29648,0.001398846,24.96046,176.81479,12.968683,4.313713
Grid_Cell_46,2020,0.107996985,75,618.91956,0.00577837,0.059166092,2660.442,630.6812,0.001872866,25.253277,162.8567,12.933222,4.613525
Grid_Cell_46,2021,0.14832969,161,813.11237,0.006293567,0.04791251,2157.9536,1010.1369,0.004023589,6.9189205,233.59761,12.255182,4.360009
Grid_Cell_46,2022,0.14280301,449,723.97217,0.005670153,0.080369666,2600.3984,746.2023,0.003515473,9.001394,206.20212,12.692286,4.767873
Grid_Cell_46,2023,0.12801442,3063,734.5446,0.006208463,0.056396518,2410.9954,860.40686,0.003960774,12.866593,210.80777,13.076197,4.703002
Grid_Cell_46,2024,0.12814966,13110,617.2559,0.005490392,0.06215655,3030.0232,563.09686,0.001688198,25.258142,174.1917,13.651758,4.8353357
Grid_Cell_46,2025,0.12301972,16728,617.17004,0.005886814,0.069745705,2643.3513,630.3932,0.001560884,33.209213,163.90018,12.995691,4.2936463
Grid_Cell_47,2000,0.1504686,0,623.10596,0.006058978,0.32746235,2104.158,692.43665,0.002522221,24.137476,184.83694,10.600336,4.3351345
Grid_Cell_47,2001,0.15951057,0,637.9756,0.006465742,0.41018572,1960.043,863.98596,0.002646038,22.96207,209.6476,10.882624,4.376088
Grid_Cell_47,2002,0.18936498,0,737.9152,0.006149944,0.36103383,2021.1115,800.6731,0.00474536,14.001495,242.71875,10.532892,4.169433
Grid_Cell_47,2003,0.20158596,0,634.4774,0.006000298,0.26333138,1894.461,732.1892,0.008268038,20.958654,247.84183,9.473108,4.0025063
Grid_Cell_47,2004,0.15788794,0,710.99286,0.006938865,0.2971229,1569.3236,973.52423,0.005247261,13.294997,282.1939,10.923944,3.7637043
Grid_Cell_47,2005,0.1601357,0,675.30176,0.006237572,0.3171735,2109.9255,829.35034,0.004108243,17.727015,225.19064,11.791224,4.0793786
Grid_Cell_47,2006,0.21630614,0,709.89014,0.006084215,0.27758956,2135.9214,848.2849,0.004526031,12.248095,228.63287,11.64596,3.905665
Grid_Cell_47,2007,0.15505503,0,609.7351,0.005520863,0.26183814,2663.2112,641.96063,0.001584284,25.85329,188.54428,12.626276,4.2104864
Grid_Cell_47,2008,0.16051891,0,664.9522,0.005888281,0.27765793,2115.4604,639.02405,0.00253514,16.441055,197.48114,11.156366,4.046616
Grid_Cell_47,2009,0.17982979,0,659.15906,0.005837235,0.33997536,2010.4968,784.67725,0.002613206,15.287433,206.7701,11.352625,3.9073927
Grid_Cell_47,2010,0.18281513,0,678.51526,0.005959928,0.27478293,2242.8809,767.5355,0.002470705,12.598134,213.50735,12.371088,4.220722
Grid_Cell_47,2011,0.22081749,0,703.5324,0.006049327,0.29393557,1899.4083,718.9992,0.005216617,13.295692,229.21664,9.550226,4.09583
Grid_Cell_47,2012,0.2360868,0,654.1404,0.006256018,0.33641976,2216.5847,631.00323,0.004017087,12.598456,187.60162,11.087366,4.4635653
Grid_Cell_47,2013,0.16485839,0,559.34674,0.006050492,0.04744219,2230.1965,615.94666,0.001866702,23.401772,174.72661,11.826471,4.2389603
Grid_Cell_47,2014,0.17509317,0,570.1969,0.005682773,0.04772118,2575.496,593.16736,0.001573021,20.464394,170.45422,11.331415,5.032934
Grid_Cell_47,2015,0.13967533,0,583.0695,0.00572213,0.0888873,2585.3538,606.00964,0.001745678,23.332521,173.4477,12.246485,4.8596907
Grid_Cell_47,2016,0.16967465,0,699.5827,0.006251275,0.03392179,2065.3538,759.8033,0.002915202,13.851736,216.20686,11.379328,4.234142
Grid_Cell_47,2017,0.13893482,0,642.6675,0.006079811,0.051649775,2243.4795,615.3775,0.005920678,15.238416,207.07254,12.087793,4.3732705
Grid_Cell_47,2018,0.14388153,263,580.51984,0.006003192,0.051866505,2494.109,688.8596,0.003116435,23.484922,178.28537,12.7356205,4.4194326
Grid_Cell_47,2019,0.11813345,70,604.27466,0.006045851,0.05854355,2440.7712,478.3061,0.001855195,23.928959,183.4861,13.014093,4.321076
Grid_Cell_47,2020,0.10886997,75,583.03876,0.005753698,0.054673146,2689.2285,599.3994,0.001849908,27.882027,160.3694,12.979883,4.6573772
Grid_Cell_47,2021,0.14172757,161,760.8933,0.006252255,0.052567918,2216.8704,905.5994,0.002946839,10.908092,220.77023,12.348047,4.403126
Grid_Cell_47,2022,0.14546968,449,687.6604,0.005654331,0.07373518,2636.757,705.14606,0.002700216,11.20247,201.50542,12.75268,4.813729
Grid_Cell_47,2023,0.12929486,3063,721.65265,0.00619509,0.0766922,2438.2378,805.6811,0.003099668,13.968487,207.3192,13.137415,4.7371454
Grid_Cell_47,2024,0.12739067,13110,579.8551,0.005486038,0.061934233,3055.1248,533.3424,0.001606436,28.15568,170.84381,13.670801,4.8798747
Grid_Cell_47,2025,0.12511095,16728,619.7782,0.005887084,0.07824566,2661.9243,639.4379,0.001579934,33.00534,163.697,13.046228,4.333372
Grid_Cell_48,2000,0.15522309,0,598.70245,0.006061599,0.38132456,2128.965,671.886,0.002410048,25.619505,186.68083,10.713861,4.2970066
Grid_Cell_48,2001,0.16486822,0,624.1473,0.006476279,0.32343727,1962.1141,847.0721,0.002594531,23.768324,216.55687,10.937952,4.3492045
Grid_Cell_48,2002,0.19276339,0,722.8179,0.006171834,0.25999412,1996.5277,787.9961,0.00463564,14.454793,252.29837,10.542139,4.1305976
Grid_Cell_48,2003,0.21000195,0,627.4984,0.005967931,0.36011466,1898.7858,717.7583,0.008866609,20.244814,255.27199,9.505762,3.9633284
Grid_Cell_48,2004,0.1645001,0,695.95935,0.006901365,0.30898952,1574.8488,961.26965,0.005349887,13.490219,284.8672,10.953974,3.7291758
Grid_Cell_48,2005,0.16824396,0,666.435,0.006204311,0.44757384,2112.5947,822.4783,0.004121134,16.866137,232.07329,11.854242,4.0472555
Grid_Cell_48,2006,0.2213562,0,696.037,0.006050051,0.20972382,2152.4739,849.46643,0.004513003,11.963006,234.73424,11.734919,3.894843
Grid_Cell_48,2007,0.16085906,0,601.71075,0.005499486,0.37853187,2681.2512,629.748,0.00153125,25.74926,191.21956,12.676661,4.187233
Grid_Cell_48,2008,0.16896752,0,648.65436,0.005874718,0.32894352,2124.7258,629.04517,0.002599457,16.859211,202.74821,11.201899,4.000715
Grid_Cell_48,2009,0.18487318,0,645.67737,0.005797937,0.30894092,2040.423,765.5947,0.002492041,15.796723,212.26399,11.412256,3.9021187
Grid_Cell_48,2010,0.18955839,0,675.4319,0.005912866,0.40165383,2269.4915,769.5648,0.002501863,12.092079,219.92656,12.43313,4.2081194
Grid_Cell_48,2011,0.22647047,0,699.1422,0.005990909,0.1509349,1939.7828,718.9668,0.005583459,12.947147,239.15744,9.658503,4.1001797
Grid_Cell_48,2012,0.24038771,0,654.97296,0.006189812,0.29032725,2255.9966,630.97314,0.004228992,11.941606,195.2854,11.1714115,4.461038
Grid_Cell_48,2013,0.172803,0,560.56067,0.005998917,0.05422019,2247.5605,615.77386,0.001859175,22.121103,179.12283,11.90243,4.24896
Grid_Cell_48,2014,0.18237595,0,572.1582,0.005631849,0.06371697,2605.6487,595.0887,0.001684267,19.367132,173.74643,11.406977,5.022797
Grid_Cell_48,2015,0.14623746,0,583.5512,0.005697366,0.06304805,2628.1077,608.6675,0.001784195,22.738749,176.79132,12.450098,4.8636975
Grid_Cell_48,2016,0.17565688,0,661.9894,0.006217566,0.051862672,2120.7395,713.78424,0.002539283,15.590234,213.99846,11.575586,4.2450366
Grid_Cell_48,2017,0.1470227,0,612.9124,0.006042612,0.07001761,2294.2886,586.29956,0.005955103,16.546797,208.20235,12.2365055,4.392003
Grid_Cell_48,2018,0.1540001,263,585.2848,0.005957959,0.076563716,2529.8096,698.2772,0.004210593,22.481304,181.70088,12.835474,4.4293985
Grid_Cell_48,2019,0.12581137,70,587.83167,0.006014721,0.043760266,2468.7256,463.03165,0.001877822,24.650063,186.24094,13.142359,4.2955966
Grid_Cell_48,2020,0.117341794,75,581.83136,0.00571711,0.06431911,2720.1997,595.4844,0.001861383,27.002996,164.11177,13.131739,4.6345973
Grid_Cell_48,2021,0.14744225,161,756.03436,0.006204632,0.054377954,2263.4954,906.5304,0.003006134,10.510862,228.73352,12.530634,4.391242
Grid_Cell_48,2022,0.15068091,449,686.3104,0.005642157,0.07603442,2657.7766,706.14185,0.002797288,10.708257,207.4578,12.897882,4.7887974
Grid_Cell_48,2023,0.13670808,3063,720.66235,0.006191706,0.06420893,2460.22,805.35925,0.003100788,13.494093,214.12161,13.276819,4.70331
Grid_Cell_48,2024,0.13353722,13110,583.65717,0.005475777,0.07601098,3073.084,537.1082,0.001560489,27.141275,173.17685,13.799768,4.870684
Grid_Cell_48,2025,0.13208091,16728,619.92267,0.005890052,0.071992464,2676.955,639.98444,0.001594689,32.424587,167.09819,13.174982,4.3231616
Grid_Cell_49,2000,0.1551416,0,576.5389,0.006076423,0.23960304,2161.679,652.9859,0.002270038,27.455929,187.06996,10.876825,4.263286
Grid_Cell_49,2001,0.16642685,0,609.8394,0.006500584,0.25317702,1965.9714,827.8405,0.002522308,24.67958,220.74814,11.026453,4.324513
Grid_Cell_49,2002,0.19285315,0,709.10516,0.006208913,0.22082599,1974.9395,771.107,0.004253028,15.059632,257.88553,10.590326,4.097584
Grid_Cell_49,2003,0.20984529,0,619.21375,0.005950486,0.21970059,1909.1954,700.5582,0.009091619,19.844177,259.46115,9.592859,3.9395611
Grid_Cell_49,2004,0.16405655,0,684.296,0.006883073,0.23897806,1600.8193,930.4671,0.004936909,14.684611,284.0064,11.035364,3.7141826
Grid_Cell_49,2005,0.17016627,0,659.5316,0.006184311,0.3078666,2126.4863,811.04114,0.004105247,16.629045,236.63715,11.960352,4.027118
Grid_Cell_49,2006,0.21992034,0,678.42975,0.006026924,0.21269336,2180.108,821.9222,0.004382565,12.536416,237.15161,11.859522,3.8938155
Grid_Cell_49,2007,0.16239479,0,593.0329,0.005489873,0.301921,2704.903,613.77155,0.001464558,26.125353,193.15898,12.761499,4.1665483
Grid_Cell_49,2008,0.17045864,0,634.0958,0.005872106,0.32383654,2144.506,617.43677,0.002543518,17.77477,205.39114,11.29217,3.964376
Grid_Cell_49,2009,0.18510208,0,631.808,0.005771838,0.34992397,2078.0146,743.8154,0.002356949,17.018282,214.11223,11.506403,3.9023929
Grid_Cell_49,2010,0.19086763,0,667.64185,0.005877506,0.28740644,2306.0098,766.0796,0.002497058,12.575062,224.09846,12.546137,4.1927767
Grid_Cell_49,2011,0.22550206,0,697.0999,0.005949977,0.28600448,1992.5105,718.929,0.00596762,13.3350315,244.19589,9.830805,4.10196
Grid_Cell_49,2012,0.24078561,0,653.73645,0.006137463,0.23450835,2306.8228,631.055,0.004391704,12.029464,200.38477,11.310511,4.455608
Grid_Cell_49,2013,0.17537606,0,561.5953,0.005951807,0.04656126,2282.1174,615.87006,0.001861469,21.379847,183.55753,12.037592,4.2519736
Grid_Cell_49,2014,0.18421787,0,573.30835,0.005583839,0.05325544,2655.3071,596.14813,0.001795873,18.664774,176.96754,11.55932,5.014886
Grid_Cell_49,2015,0.14697629,0,584.412,0.005673181,0.056458097,2691.145,609.69135,0.001832349,22.72558,179.91187,12.652216,4.913321
Grid_Cell_49,2016,0.17480932,0,648.9032,0.006182436,0.049205214,2187.228,696.0376,0.002297572,16.419956,213.97658,11.764917,4.290631
Grid_Cell_49,2017,0.1481702,0,598.232,0.005998126,0.055118762,2362.719,565.59174,0.005078199,17.329227,209.45831,12.385462,4.44375
Grid_Cell_49,2018,0.15473862,263,551.74646,0.005884853,0.061810598,2625.6802,640.3784,0.003515545,25.158594,176.16595,12.964655,4.4886107
Grid_Cell_49,2019,0.12718506,70,547.9559,0.005979139,0.049584676,2529.3066,431.60254,0.001596675,27.138594,181.0553,13.261194,4.326213
Grid_Cell_49,2020,0.122073114,75,579.9336,0.005679822,0.05412458,2776.687,593.4089,0.001870871,26.451202,168.2795,13.233728,4.699966
Grid_Cell_49,2021,0.15066229,161,753.02655,0.006169563,0.036647815,2310.464,905.7927,0.003102767,10.274163,233.81015,12.642572,4.4249067
Grid_Cell_49,2022,0.1525829,449,684.1083,0.005631811,0.048273418,2695.1309,707.7424,0.002864815,10.745938,211.99483,13.000605,4.806469
Grid_Cell_49,2023,0.14018017,3063,717.4029,0.006195254,0.05242041,2473.4453,804.357,0.003319058,13.236001,220.30591,13.3554325,4.700022
Grid_Cell_49,2024,0.13571051,13110,585.40656,0.00547658,0.07067444,3098.2573,537.4777,0.001583685,26.899145,176.05115,13.871149,4.8917046
Grid_Cell_49,2025,0.13560796,16728,618.8085,0.00589172,0.06023996,2696.7637,639.9409,0.001559491,32.209133,171.02486,13.257898,4.339941
Grid_Cell_5,2000,0.13024403,0,422.1073,0.006044418,0.13601176,2656.239,449.6094,0.000685,37.039143,167.20125,12.472071,4.182828
Grid_Cell_5,2001,0.13950574,0,422.8687,0.006621765,0.15553969,2379.9104,520.4855,0.000982,40.09225,185.24721,12.550501,4.1416364
Grid_Cell_5,2002,0.18046543,0,542.3456,0.006256248,0.1748668,2240.103,573.1744,0.001528644,30.253704,236.93738,11.645075,3.7495358
Grid_Cell_5,2003,0.19969955,0,483.32925,0.005626839,0.15795302,2276.927,541.2323,0.008164572,27.88851,230.30537,10.917658,3.6330886
Grid_Cell_5,2004,0.13659662,0,543.0378,0.006481724,0.18455173,2200.7454,617.9775,0.001694225,27.6526,246.45424,12.260279,3.8966963
Grid_Cell_5,2005,0.14071026,0,542.1302,0.00615615,0.13141802,2363.9243,602.50934,0.001686161,23.538628,245.88644,13.1652775,3.9441733
Grid_Cell_5,2006,0.18128958,0,502.2634,0.005992742,0.169026,2621.6394,516.39764,0.005229716,26.696512,228.49185,13.002619,4.1041923
Grid_Cell_5,2007,0.13640293,0,492.24838,0.005637393,0.17696896,2944.3027,487.417,0.000983,31.454617,204.7705,13.634729,4.2065825
Grid_Cell_5,2008,0.1472909,0,531.6641,0.005962369,0.18639416,2332.3965,516.1252,0.002576776,23.292099,220.12425,12.52511,3.7742803
Grid_Cell_5,2009,0.1574197,0,536.68384,0.005910903,0.16389932,2359.0227,624.1212,0.001882774,22.428062,229.13235,12.763178,3.9030435
Grid_Cell_5,2010,0.14936852,0,529.4904,0.006120934,0.17416954,2582.615,583.4462,0.00272837,23.646767,236.56905,13.770411,4.0346603
Grid_Cell_5,2011,0.1577366,0,557.7875,0.005914926,0.22200862,2579.0735,551.9621,0.002358925,24.440844,232.57727,11.804102,4.3607273
Grid_Cell_5,2012,0.18274128,0,506.2723,0.00616125,0.1489118,2933.6353,500.79016,0.009085341,28.844137,198.07607,13.166651,4.81278
Grid_Cell_5,2013,0.16280769,0,458.78146,0.005869222,0.038324587,2771.0127,445.7322,0.00099,29.171688,183.63077,13.346491,4.5210834
Grid_Cell_5,2014,0.13528362,0,431.89426,0.005743585,0.0344367,3203.0112,423.31897,0.000876,33.209488,163.26173,13.233606,5.1980367
Grid_Cell_5,2015,0.12701207,0,441.92648,0.005623242,0.04706583,3207.9768,423.9475,0.000562,33.572067,155.14622,13.86651,5.0696907
Grid_Cell_5,2016,0.14326294,0,400.9331,0.00608826,0.038408037,2792.38,407.60602,0.001052732,35.56906,166.551,13.159235,4.6184998
Grid_Cell_5,2017,0.12866636,0,264.65128,0.005862246,0.03398434,3154.7886,228.7386,0.000364,44.27718,130.30852,13.815607,4.8776884
Grid_Cell_5,2018,0.12643999,263,293.34677,0.005769894,0.027063372,3381.5332,326.50128,0.000559,45.62494,123.862206,14.4042,5.107138
Grid_Cell_5,2019,0.11714801,70,296.4984,0.005925793,0.03393698,3169.2253,228.54204,0.000357,46.55614,133.05296,14.573938,4.7431307
Grid_Cell_5,2020,0.11128783,75,424.54987,0.005647325,0.047205012,3537.9038,430.5892,0.001095601,41.765972,151.13449,14.645044,5.3642764
Grid_Cell_5,2021,0.13002743,161,512.3108,0.006041615,0.042927865,3147.0474,550.5354,0.000919,31.479673,171.30862,14.299402,4.969804
Grid_Cell_5,2022,0.12927894,449,524.8396,0.005795335,0.03806084,3428.5508,535.127,0.000886,28.497353,181.0758,14.493219,5.3815713
Grid_Cell_5,2023,0.12799403,3063,546.27795,0.006116018,0.043600194,3219.549,590.8561,0.001116021,29.685316,180.73761,14.989527,5.202077
Grid_Cell_5,2024,0.12590699,13110,466.45197,0.005645356,0.041473433,3522.8513,474.20148,0.001263409,39.571377,177.28157,14.769983,5.277464
Grid_Cell_5,2025,0.13307124,16728,536.8237,0.005960989,0.025804553,3223.288,524.1855,0.000856,38.55085,174.21408,14.449793,4.9156604
Grid_Cell_50,2000,0.15123887,0,534.57025,0.006043471,0.21465926,2233.7412,616.4442,0.001988842,29.960835,192.88104,11.076258,4.2111163
Grid_Cell_50,2001,0.16447462,0,575.6066,0.006490848,0.14642994,1995.29,780.2471,0.002334404,28.147259,230.16154,11.068811,4.291602
Grid_Cell_50,2002,0.1937249,0,682.5534,0.006217231,0.14868729,2005.3912,725.20593,0.003479784,20.37439,264.2035,10.577295,4.0557346
Grid_Cell_50,2003,0.19884102,0,596.4354,0.005895171,0.1287203,2010.7108,657.61633,0.008151391,24.83251,261.51434,9.724054,3.9681227
Grid_Cell_50,2004,0.15774024,0,645.4274,0.006848353,0.23910013,1683.7246,830.28754,0.003583835,20.441578,278.82837,11.109278,3.7465937
Grid_Cell_50,2005,0.16411597,0,653.8638,0.006113397,0.117008716,2223.331,778.17236,0.004135459,19.87677,246.74641,12.038233,4.0325637
Grid_Cell_50,2006,0.20645304,0,628.2346,0.005937201,0.28498727,2320.9885,690.1124,0.005127493,19.079313,236.1934,11.942713,3.9252539
Grid_Cell_50,2007,0.15912938,0,570.2978,0.00543741,0.22683412,2781.2896,565.8423,0.001250747,29.449326,195.71846,12.756098,4.155726
Grid_Cell_50,2008,0.16597258,0,599.4967,0.005825992,0.18368933,2240.1196,584.5103,0.002135372,23.61104,207.17735,11.309992,3.9361997
Grid_Cell_50,2009,0.1826261,0,592.6872,0.005687663,0.1862502,2196.3408,682.8246,0.001791045,23.364077,213.53525,11.506372,3.9169476
Grid_Cell_50,2010,0.18810844,0,638.62225,0.005768335,0.18080623,2423.1519,696.7566,0.002281202,17.314528,228.85086,12.645777,4.1509275
Grid_Cell_50,2011,0.18901429,0,615.1938,0.00579997,0.18927707,2231.3975,588.0373,0.001991743,24.681936,210.59846,10.218378,4.1233644
Grid_Cell_50,2012,0.22973597,0,544.66266,0.005957282,0.08836279,2535.3792,508.2143,0.003977422,23.591927,174.56699,11.570276,4.491366
Grid_Cell_50,2013,0.17405777,0,483.156,0.005793804,0.00531812,2460.4666,514.62213,0.001203664,29.735771,166.19476,12.23971,4.264508
Grid_Cell_50,2014,0.16207777,0,469.88327,0.005417376,0.006986314,2895.82,466.80084,0.001126959,29.92747,154.15425,11.844568,5.0450916
Grid_Cell_50,2015,0.13775,0,497.60693,0.005534527,0.054391373,2877.2498,533.63776,0.00132212,32.942554,161.94427,12.821497,4.901095
Grid_Cell_50,2016,0.16866092,0,530.4181,0.006011244,0.01637466,2359.4397,569.36804,0.00170402,26.188873,192.89839,11.939478,4.2711635
Grid_Cell_50,2017,0.14368086,0,515.3949,0.00585377,0.10164013,2556.1355,476.12665,0.003118942,24.901266,190.96465,12.531122,4.5209417
Grid_Cell_50,2018,0.15032007,263,446.61496,0.005697185,0.03959864,2905.4426,496.42526,0.001099161,34.17939,157.66957,13.144403,4.700871
Grid_Cell_50,2019,0.12357927,70,460.0979,0.006144392,0.018205164,2702.015,364.84238,0.00103176,35.675735,165.42416,13.430109,4.6788497
Grid_Cell_50,2020,0.119297914,75,505.08084,0.0059571,0.031542562,2996.9397,520.7242,0.001336588,34.5847,164.01888,13.486658,5.3310795
Grid_Cell_50,2021,0.14573355,161,679.44617,0.006343245,0.03373867,2529.7402,775.8979,0.002088514,17.879925,214.33015,12.915827,4.9881945
Grid_Cell_50,2022,0.14245951,449,589.54346,0.005904184,0.040064305,2907.0085,600.6301,0.001896346,22.245773,196.68053,13.160883,5.398832
Grid_Cell_50,2023,0.13739489,3063,643.1831,0.00643861,0.045611054,2623.3623,695.2597,0.001973007,21.514967,209.17563,13.508692,5.226632
Grid_Cell_50,2024,0.1313944,13110,535.8178,0.005827032,0.05109014,3198.0999,487.22626,0.001239893,35.127956,174.65239,13.898706,5.3758793
Grid_Cell_50,2025,0.13187449,16728,586.0872,0.006171367,0.042382397,2779.1433,608.38354,0.001332455,36.48029,172.29869,13.415888,4.8319883
Grid_Cell_51,2000,0.1544179,0,533.7137,0.006043328,0.28892466,2281.1355,597.2242,0.00264753,29.631586,227.49574,11.288965,4.1903443
Grid_Cell_51,2001,0.17079154,0,556.8114,0.006509687,0.23621722,2012.1058,750.586,0.003004141,28.515148,258.98724,11.200678,4.2730746
Grid_Cell_51,2002,0.19953446,0,675.55493,0.006235409,0.2520614,2004.3641,701.2019,0.004914706,20.185722,307.34454,10.682642,4.0429263
Grid_Cell_51,2003,0.19845958,0,589.26105,0.005888287,0.16783085,2040.3661,636.1891,0.012965178,24.578157,303.13705,9.880823,3.9935338
Grid_Cell_51,2004,0.16194703,0,649.5849,0.006859033,0.4080134,1708.1232,783.0492,0.005023968,19.840431,325.709,11.249018,3.7819762
Grid_Cell_51,2005,0.16825458,0,661.684,0.006127534,0.24542202,2234.2026,759.4517,0.007488935,18.339222,299.45264,12.173761,4.0501666
Grid_Cell_51,2006,0.20382053,0,615.4182,0.005933736,0.23375444,2367.8547,628.04376,0.011216442,19.635614,280.97977,12.086908,3.965802
Grid_Cell_51,2007,0.16525124,0,572.2192,0.005446811,0.29874668,2806.423,541.81335,0.001958658,28.46602,237.30235,12.864679,4.165966
Grid_Cell_51,2008,0.169146,0,588.19415,0.005840032,0.25333184,2268.2844,568.389,0.003806937,23.866323,237.52419,11.429865,3.9384537
Grid_Cell_51,2009,0.18691987,0,575.4331,0.005686334,0.22012489,2228.5498,653.5598,0.002493966,23.729555,242.24286,11.613398,3.9338653
Grid_Cell_51,2010,0.19135267,0,641.4032,0.005752938,0.26362714,2451.9927,683.7696,0.004357349,16.050304,276.05197,12.792627,4.150003
Grid_Cell_51,2011,0.18775852,0,627.1159,0.005785511,0.26476645,2290.2114,588.3106,0.003615911,23.622046,248.51053,10.468988,4.1407957
Grid_Cell_51,2012,0.2322272,0,540.7357,0.005940342,0.1560614,2592.5037,508.18732,0.007668647,23.60332,209.39569,11.754969,4.5227866
Grid_Cell_51,2013,0.18138859,0,495.41074,0.005770688,0.055322334,2504.9062,514.65344,0.001765274,28.094366,204.76137,12.404535,4.2793713
Grid_Cell_51,2014,0.16739239,0,471.08963,0.00539704,0.055056777,2955.1758,466.87213,0.00196851,28.896572,188.57,12.019617,5.060537
Grid_Cell_51,2015,0.14581434,0,480.2449,0.005446369,0.05863001,2907.2905,510.87457,0.001939099,33.077866,189.13223,12.794977,4.829828
Grid_Cell_51,2016,0.17246662,0,454.45276,0.005897467,0.04093218,2418.6646,463.52426,0.002007179,30.586384,207.49834,11.921289,4.219012
Grid_Cell_51,2017,0.14965647,0,441.46997,0.005759565,0.044594426,2632.8062,407.47968,0.004292038,29.033186,197.02354,12.532038,4.528339
Grid_Cell_51,2018,0.15267564,263,372.98383,0.005597511,0.054475605,3032.388,406.14587,0.001159236,38.36675,173.72086,13.162592,4.809638
Grid_Cell_51,2019,0.12964135,70,402.01657,0.005815468,0.05828709,2788.0156,315.05545,0.000946,37.953636,179.64394,13.40893,4.521658
Grid_Cell_51,2020,0.13013831,75,489.25577,0.005488209,0.05836679,3071.4514,509.90524,0.001950751,33.651794,197.60115,13.359797,4.9603143
Grid_Cell_51,2021,0.15340415,161,671.47797,0.005940443,0.05370984,2626.8882,754.7385,0.003098277,16.93475,238.99136,12.9586735,4.6753516
Grid_Cell_51,2022,0.14801747,449,578.1095,0.005513609,0.06760076,3012.244,580.44275,0.002535096,21.575,225.84195,13.219965,5.0916057
Grid_Cell_51,2023,0.14870211,3063,631.139,0.006087326,0.0672533,2722.8552,683.7372,0.002733616,20.45555,235.46465,13.616877,4.9404674
Grid_Cell_51,2024,0.13844743,13110,521.7238,0.00535626,0.07773647,3343.195,474.57742,0.001615048,33.71967,213.57155,13.974573,5.0932455
Grid_Cell_51,2025,0.14015177,16728,562.6498,0.005803017,0.06992187,2871.1787,601.7607,0.002040815,36.681892,191.76045,13.4457035,4.508847
Grid_Cell_52,2000,0.16102101,0,500.06274,0.005967059,0.37293774,2313.5251,576.30615,0.001702374,30.98679,195.24525,11.25387,4.1810174
Grid_Cell_52,2001,0.17612818,0,529.8589,0.006448851,0.23482691,2009.9358,715.6836,0.002018127,29.514265,231.75,11.081018,4.2619786
Grid_Cell_52,2002,0.20477882,0,646.5051,0.006176248,0.3401568,1987.6721,681.9433,0.002850829,20.734858,267.19095,10.538477,4.038406
Grid_Cell_52,2003,0.21009459,0,562.7384,0.005811791,0.25898612,2060.2683,616.97485,0.007607411,24.575644,265.06308,9.785364,4.030109
Grid_Cell_52,2004,0.16925453,0,602.995,0.006786779,0.33771613,1729.9141,750.2972,0.002689727,22.104645,274.8465,11.137812,3.8345718
Grid_Cell_52,2005,0.17873111,0,625.73303,0.006078356,0.1732514,2221.9119,737.88086,0.003944264,19.158527,257.01218,12.039392,4.0792074
Grid_Cell_52,2006,0.20834035,0,575.793,0.005870705,0.2116856,2386.3818,595.6827,0.005463332,21.309126,238.97682,11.959803,4.020665
Grid_Cell_52,2007,0.17262821,0,534.93,0.005398047,0.2467435,2797.2686,523.4306,0.001207781,29.738667,200.49683,12.714319,4.1857605
Grid_Cell_52,2008,0.17783377,0,566.3678,0.005790152,0.34247917,2259.8584,555.80475,0.002021267,24.326675,214.92311,11.291346,3.9488704
Grid_Cell_52,2009,0.19521126,0,555.2263,0.005626677,0.3725218,2219.471,633.0819,0.001454764,23.801249,220.23204,11.454462,3.954208
Grid_Cell_52,2010,0.19743891,0,606.989,0.005682999,0.19303992,2450.974,671.58826,0.002431178,17.01093,240.89452,12.677576,4.1591125
Grid_Cell_52,2011,0.19774419,0,611.25397,0.00571658,0.2716443,2312.5283,588.1151,0.002207295,23.321054,226.15971,10.445002,4.1716523
Grid_Cell_52,2012,0.2396266,0,541.7115,0.00587513,0.25970274,2610.8013,508.3069,0.004978405,22.711224,190.48877,11.681513,4.5667076
Grid_Cell_52,2013,0.18983798,0,485.3084,0.005692595,0.060213663,2519.239,514.6027,0.001242671,27.699038,178.7875,12.317438,4.310467
Grid_Cell_52,2014,0.1744125,0,474.00128,0.005327801,0.06817056,2966.3657,468.30093,0.00121713,27.79001,164.16197,11.932764,5.084338
Grid_Cell_52,2015,0.15487853,0,484.27545,0.005402664,0.069962725,2880.4097,505.4994,0.001275418,31.954731,169.35054,12.652185,4.823835
Grid_Cell_52,2016,0.17984812,0,449.15582,0.005849103,0.059891857,2410.0159,463.7709,0.001192428,29.90919,183.86241,11.78863,4.2344832
Grid_Cell_52,2017,0.15720329,0,445.07715,0.005706726,0.06701688,2625.3525,402.18658,0.002526483,28.15468,178.04588,12.389765,4.5520716
Grid_Cell_52,2018,0.15950993,263,369.84964,0.005549069,0.062937066,3023.1936,393.61896,0.000768,37.699196,147.78162,12.992273,4.850289
Grid_Cell_52,2019,0.13527821,70,389.69052,0.005763149,0.07197297,2783.8196,303.16357,0.000607,38.091095,150.35008,13.2494755,4.544329
Grid_Cell_52,2020,0.13820563,75,493.7212,0.005425252,0.07509659,3087.7515,509.57025,0.001409962,32.647602,173.61209,13.19842,5.0068307
Grid_Cell_52,2021,0.16031934,161,657.64856,0.00584768,0.070581816,2672.355,753.989,0.002348661,17.472273,218.08257,12.858484,4.701516
Grid_Cell_52,2022,0.15504304,449,569.2632,0.005457564,0.089139715,3034.2393,577.5268,0.001680017,22.190767,202.94733,13.071222,5.123626
Grid_Cell_52,2023,0.15563677,3063,632.3086,0.006035165,0.07114121,2735.653,687.08307,0.001928675,20.287853,216.51978,13.513605,4.961358
Grid_Cell_52,2024,0.14469966,13110,516.7457,0.005294404,0.115647465,3356.9836,464.7847,0.001005563,33.67837,178.87305,13.812372,5.1267977
Grid_Cell_52,2025,0.14584427,16728,569.3234,0.005742576,0.072191626,2874.6475,601.1616,0.001456684,35.348984,179.09552,13.306665,4.5286717
Grid_Cell_53,2000,0.16131328,0,484.02322,0.005872361,0.26962984,2372.2703,553.90015,0.001486491,31.909853,191.10007,11.30517,4.1503716
Grid_Cell_53,2001,0.17550726,0,500.52286,0.006381201,0.23789524,2033.9154,677.1027,0.001675339,31.198273,224.7845,11.021509,4.2306433
Grid_Cell_53,2002,0.20497188,0,631.505,0.006101724,0.299442,1999.3883,666.4302,0.002728127,21.278267,266.64194,10.467005,4.0150495
Grid_Cell_53,2003,0.21544449,0,544.8666,0.005750568,0.20229165,2084.2437,597.024,0.008013326,24.901438,264.57205,9.744806,4.046342
Grid_Cell_53,2004,0.17137913,0,590.08435,0.006717609,0.27697742,1759.465,724.02045,0.002382254,22.513693,273.1406,11.090937,3.8790734
Grid_Cell_53,2005,0.1829249,0,602.2365,0.006046253,0.24528441,2214.9304,709.59564,0.003504695,19.635551,257.96555,11.954798,4.097084
Grid_Cell_53,2006,0.2094785,0,558.8089,0.005830794,0.23489726,2407.0393,578.4502,0.005350582,21.771969,240.68254,11.884546,4.071658
Grid_Cell_53,2007,0.17434949,0,517.9837,0.005363554,0.26252684,2802.6501,503.99713,0.001081938,30.287209,202.56862,12.639795,4.201514
Grid_Cell_53,2008,0.17832926,0,552.72156,0.005755002,0.24111183,2266.0757,542.6335,0.0020189,25.143934,217.17769,11.228327,3.9414592
Grid_Cell_53,2009,0.19824588,0,540.48645,0.005586649,0.23572163,2221.2986,614.0243,0.001396212,23.928381,223.30946,11.362238,3.967153
Grid_Cell_53,2010,0.19744095,0,588.90985,0.005638301,0.23633157,2461.542,650.8404,0.002564548,17.547014,244.62375,12.616785,4.168873
Grid_Cell_53,2011,0.19725941,0,598.7389,0.005661197,0.26374108,2351.9917,576.20483,0.002270367,23.701422,228.26697,10.455591,4.240214
Grid_Cell_53,2012,0.24172804,0,527.3081,0.005830823,0.26710147,2652.913,493.225,0.005059744,23.362583,193.24759,11.648218,4.653764
Grid_Cell_53,2013,0.19137064,0,473.11307,0.005628427,0.04744419,2561.8835,494.96832,0.001162839,28.005083,179.40852,12.274805,4.396323
Grid_Cell_53,2014,0.17311287,0,458.37585,0.005270831,0.059811123,2995.9478,454.1022,0.001150682,28.858044,163.95848,11.867884,5.134372
Grid_Cell_53,2015,0.1553073,0,476.00266,0.005360095,0.056686454,2893.2607,492.94333,0.00113923,32.29667,170.72342,12.561762,4.8759236
Grid_Cell_53,2016,0.17993948,0,426.38593,0.00580328,0.046610538,2447.3027,434.30716,0.001001397,31.063648,181.21988,11.720728,4.310474
Grid_Cell_53,2017,0.15736647,0,409.30756,0.005648838,0.052428104,2665.6414,366.53793,0.001936774,30.704002,170.73557,12.29574,4.6115236
Grid_Cell_53,2018,0.1590751,263,346.92667,0.005493477,0.068962865,3043.8123,365.5368,0.000708,39.337067,145.24565,12.868128,4.8957343
Grid_Cell_53,2019,0.13549846,70,378.11185,0.005714207,0.068150856,2802.3408,301.99393,0.000587,38.67236,148.58763,13.138269,4.5829253
Grid_Cell_53,2020,0.13981028,75,491.6382,0.005350238,0.05906588,3135.6433,506.1689,0.001497572,32.842575,178.58179,13.073511,5.078996
Grid_Cell_53,2021,0.16187036,161,655.20123,0.005771043,0.057116065,2709.3042,751.3301,0.002249548,17.556784,222.90527,12.774408,4.739975
Grid_Cell_53,2022,0.15733941,449,568.25665,0.005405266,0.068005666,3054.9338,574.1107,0.00163314,22.729326,207.70578,12.946466,5.154448
Grid_Cell_53,2023,0.1573106,3063,623.512,0.005982617,0.05345775,2775.6443,679.2455,0.001808825,21.369665,219.40715,13.436823,4.996769
Grid_Cell_53,2024,0.14542115,13110,506.63046,0.005252555,0.06605256,3365.6794,455.3735,0.000938,34.699745,182.63873,13.66131,5.1424603
Grid_Cell_53,2025,0.14625059,16728,566.781,0.005691429,0.07666073,2891.4192,600.0693,0.001494839,35.650555,184.01286,13.212702,4.5487337
Grid_Cell_54,2000,0.16354027,0,471.38083,0.005712446,0.2691917,2431.498,531.7183,0.001290714,33.735847,186.21294,11.110773,4.136125
Grid_Cell_54,2001,0.17484629,0,478.29538,0.006241276,0.220487,2095.8152,639.3405,0.001291099,36.603508,213.90312,10.714899,4.2123556
Grid_Cell_54,2002,0.2044592,0,616.2899,0.005958084,0.23416911,2054.8428,651.45386,0.002714637,25.74168,262.4369,10.147638,4.0046043
Grid_Cell_54,2003,0.23067254,0,528.605,0.0056204,0.14220347,2124.6057,576.1757,0.009177603,26.779774,256.95444,9.448847,4.0683627
Grid_Cell_54,2004,0.17323087,0,586.65826,0.006564784,0.26933685,1830.792,700.223,0.002167589,26.621086,269.6664,10.791529,3.935494
Grid_Cell_54,2005,0.19003019,0,575.621,0.005936657,0.2358628,2238.468,677.99805,0.002950637,22.781319,256.1569,11.62179,4.105098
Grid_Cell_54,2006,0.21796459,0,547.98303,0.005722092,0.20909907,2469.481,561.7253,0.004906367,26.007725,237.74197,11.554438,4.102891
Grid_Cell_54,2007,0.17947218,0,499.36234,0.00526003,0.35199293,2818.7917,482.15738,0.000965,32.760315,201.04332,12.334497,4.202815
Grid_Cell_54,2008,0.18148431,0,539.9929,0.005643868,0.2596189,2297.4807,527.76276,0.001893152,28.545502,214.88484,10.934046,3.9122243
Grid_Cell_54,2009,0.20390745,0,526.4411,0.00547691,0.20521249,2251.7637,593.0172,0.001324452,26.906921,221.25441,11.033533,3.9607146
Grid_Cell_54,2010,0.20133395,0,567.1932,0.005532845,0.23223507,2503.1338,610.33716,0.002736634,21.412209,243.41032,12.308313,4.1635303
Grid_Cell_54,2011,0.19139557,0,555.51624,0.005559645,0.23355992,2405.7,526.55615,0.001739692,29.451223,216.96567,10.158075,4.3020287
Grid_Cell_54,2012,0.24191332,0,474.7029,0.005736042,0.2516544,2712.4028,430.56012,0.004463548,29.886189,180.04167,11.340326,4.722411
Grid_Cell_54,2013,0.19374712,0,414.05975,0.005528119,0.038612593,2630.9092,413.2836,0.000825,34.602974,162.11935,11.969812,4.483926
Grid_Cell_54,2014,0.16588622,0,381.08566,0.005174856,0.055785533,3040.1294,381.79837,0.000693,37.92481,144.0572,11.525293,5.1657767
Grid_Cell_54,2015,0.15526958,0,394.89572,0.005302869,0.054748785,2922.365,418.5659,0.000703,41.133774,148.17624,12.194117,4.9438004
Grid_Cell_54,2016,0.19404057,0,416.92944,0.005748543,0.05439435,2473.42,451.68857,0.001103453,33.945965,180.92952,11.396509,4.4101663
Grid_Cell_54,2017,0.16390792,0,406.4445,0.005581438,0.053032033,2680.4194,369.39023,0.002809476,33.63856,177.15733,11.925196,4.678168
Grid_Cell_54,2018,0.1677804,263,380.938,0.005434785,0.06563241,3018.836,412.33752,0.00091,39.409626,156.1524,12.451868,4.9151864
Grid_Cell_54,2019,0.13819365,70,402.23904,0.005654392,0.0722911,2815.507,314.68393,0.000587,39.83705,158.25734,12.7442875,4.675117
Grid_Cell_54,2020,0.14072165,75,409.97525,0.00527212,0.061023172,3200.4243,423.16507,0.000923,41.94047,157.46124,12.67248,5.2424526
Grid_Cell_54,2021,0.15864725,161,541.2818,0.00568807,0.048056066,2785.527,625.78,0.001414647,28.523245,188.21695,12.439142,4.8819957
Grid_Cell_54,2022,0.15955873,449,511.615,0.005349838,0.066264816,3096.4912,525.8012,0.001425319,30.02942,191.95958,12.574488,5.283455
Grid_Cell_54,2023,0.155373,3063,545.95074,0.005915069,0.054503016,2835.9038,583.8944,0.001256942,30.326021,199.11603,13.074121,5.1401253
Grid_Cell_54,2024,0.14212228,13110,448.31577,0.005193404,0.06393824,3394.9897,417.67203,0.000837,42.535713,173.63763,13.246698,5.252084
Grid_Cell_54,2025,0.14276695,16728,527.05786,0.005630711,0.06940433,2915.0425,549.036,0.001048483,41.127674,175.47467,12.84701,4.66453
Grid_Cell_55,2000,0.16077974,0,460.48273,0.005605409,0.33420166,2493.513,512.24725,0.001161022,34.529377,183.2276,11.127436,4.1247826
Grid_Cell_55,2001,0.17160475,0,454.42523,0.006154909,0.26936308,2135.337,608.5282,0.001167651,39.098206,208.29301,10.626917,4.1953006
Grid_Cell_55,2002,0.20369576,0,594.974,0.005863032,0.24805266,2080.0312,632.96533,0.002717716,27.414865,259.45044,10.045069,3.9903235
Grid_Cell_55,2003,0.24011353,0,510.21042,0.005537257,0.18209063,2141.2666,556.76697,0.009973506,27.355446,252.78151,9.340448,4.0726433
Grid_Cell_55,2004,0.17231844,0,577.79846,0.006457663,0.2782508,1875.8052,679.2141,0.002082261,27.800264,267.83218,10.687769,3.98283
Grid_Cell_55,2005,0.19203213,0,552.3589,0.005868585,0.24558775,2235.8218,648.8931,0.0025415,23.769901,256.68954,11.498621,4.097495
Grid_Cell_55,2006,0.22295469,0,531.75494,0.00565651,0.21671292,2479.8884,546.1139,0.004666257,26.484917,239.39429,11.433863,4.1150827
Grid_Cell_55,2007,0.18059592,0,482.49597,0.005194643,0.26338065,2830.8145,462.95822,0.000897,33.651505,201.36505,12.250727,4.190863
Grid_Cell_55,2008,0.18129204,0,526.6462,0.005569025,0.30315912,2304.7488,514.4676,0.001907712,29.2446,216.00578,10.862207,3.8664935
Grid_Cell_55,2009,0.20407215,0,513.86664,0.005407543,0.34983712,2258.1313,575.04816,0.001297353,27.340559,223.16838,10.929377,3.9404066
Grid_Cell_55,2010,0.20326948,0,552.1909,0.005471174,0.23835354,2519.1372,595.53143,0.003010229,22.251816,245.71457,12.238031,4.1391125
Grid_Cell_55,2011,0.1911426,0,552.59265,0.005517255,0.23777778,2418.4192,526.7603,0.001929178,29.314651,222.66248,10.103907,4.321926
Grid_Cell_55,2012,0.24399658,0,471.36404,0.005697944,0.2573906,2722.4556,430.49225,0.005015775,29.917688,185.67802,11.28924,4.737985
Grid_Cell_55,2013,0.1925515,0,416.1204,0.005492547,0.045445062,2648.5088,413.14752,0.000842,34.502735,166.18646,11.921289,4.518001
Grid_Cell_55,2014,0.16544192,0,378.02493,0.005138986,0.066616684,3044.4905,376.90598,0.000669,38.46366,146.61485,11.453058,5.155331
Grid_Cell_55,2015,0.1536953,0,394.20453,0.005294239,0.0625,2923.3013,417.36816,0.000688,41.48884,151.35733,12.184534,4.9574304
Grid_Cell_55,2016,0.19136086,0,434.15683,0.005745241,0.05440998,2483.9976,471.81216,0.001194266,32.916824,188.2427,11.429224,4.467817
Grid_Cell_55,2017,0.16027626,0,407.95435,0.005563801,0.07557863,2688.588,372.1939,0.002725671,33.9097,182.34145,11.944849,4.701387
Grid_Cell_55,2018,0.16713332,263,412.9276,0.005423031,0.07090784,2980.705,457.80338,0.001305747,37.092182,168.70988,12.404505,4.8649464
Grid_Cell_55,2019,0.13590473,70,407.59152,0.005638368,0.06632519,2798.0122,311.50766,0.000734,39.89141,168.30928,12.706598,4.640562
Grid_Cell_55,2020,0.13755392,75,409.4464,0.005253705,0.070882276,3186.3965,419.04645,0.001006957,42.563896,162.24088,12.645075,5.2030396
Grid_Cell_55,2021,0.15572417,161,538.6066,0.005671129,0.0607805,2767.1863,624.2141,0.001559291,29.21111,193.10643,12.4443,4.8645983
Grid_Cell_55,2022,0.15565434,449,512.77057,0.005343482,0.06701588,3083.882,525.4556,0.001507082,30.814692,196.25189,12.575922,5.266126
Grid_Cell_55,2023,0.15332085,3063,541.4806,0.005903706,0.05679733,2823.5583,582.2021,0.001257048,31.442041,204.49477,13.046228,5.1223855
Grid_Cell_55,2024,0.13939275,13110,445.06293,0.005182315,0.0707168,3348.2766,415.23404,0.000869,43.50085,178.07458,13.165949,5.183514
Grid_Cell_55,2025,0.13956255,16728,527.1992,0.005616733,0.07091381,2902.6145,548.9106,0.0010324,41.60139,181.55298,12.835688,4.642665
Grid_Cell_56,2000,0.15352581,0,454.16693,0.005558845,0.30142283,2581.5044,496.20233,0.001029689,35.33205,176.50336,11.419977,4.0974846
Grid_Cell_56,2001,0.16810058,0,440.6088,0.006129485,0.18941368,2206.0166,586.3752,0.001152038,40.83739,198.63098,10.84115,4.1657457
Grid_Cell_56,2002,0.20077568,0,572.75946,0.005821772,0.1930226,2138.4744,609.67834,0.002334541,29.30117,251.93307,10.248529,3.9618988
Grid_Cell_56,2003,0.2361715,0,495.152,0.005526325,0.18919718,2179.4573,539.54095,0.009425172,28.049095,246.15923,9.525873,4.0736365
Grid_Cell_56,2004,0.16769478,0,572.5425,0.006431079,0.2346955,1940.5856,660.3787,0.00196126,28.423395,263.86383,10.881311,4.0351524
Grid_Cell_56,2005,0.1870479,0,543.0774,0.005861007,0.19779569,2260.2656,624.2886,0.002249959,24.549353,254.57059,11.665369,4.0793786
Grid_Cell_56,2006,0.21955517,0,525.76416,0.005642893,0.18463315,2512.6443,530.9118,0.004451836,26.763166,235.9811,11.586939,4.106898
Grid_Cell_56,2007,0.17636211,0,471.72406,0.005176907,0.21488209,2870.78,448.13412,0.000819,34.351982,197.69763,12.442957,4.1648016
Grid_Cell_56,2008,0.17571191,0,517.7368,0.005541156,0.19935134,2337.1611,503.38586,0.001644843,29.901884,210.62772,11.068445,3.8124292
Grid_Cell_56,2009,0.19879784,0,504.5916,0.005387954,0.17789252,2292.1814,562.64655,0.001123401,27.907492,218.0666,11.108942,3.9112628
Grid_Cell_56,2010,0.20015377,0,541.459,0.005453479,0.20129041,2558.407,582.2777,0.002756205,23.248339,241.7756,12.413752,4.100517
Grid_Cell_56,2011,0.18889475,0,551.32043,0.005504857,0.2343078,2454.9197,526.83484,0.001997051,29.02155,221.84557,10.2547245,4.3288097
Grid_Cell_56,2012,0.2414491,0,470.84384,0.005691394,0.20540416,2755.4478,430.61935,0.005250481,29.955393,185.56421,11.443842,4.7338524
Grid_Cell_56,2013,0.18844913,0,416.3947,0.005489742,0.053534433,2684.1853,413.13455,0.000779,34.2385,166.38683,12.076044,4.537111
Grid_Cell_56,2014,0.1644026,0,375.8142,0.005134417,0.05927892,3069.2847,375.0365,0.00066,38.327976,146.4739,11.587885,5.1283107
Grid_Cell_56,2015,0.15122654,0,393.83517,0.005253852,0.05085932,2960.7898,405.2905,0.000629,41.492413,149.88327,12.34112,4.922739
Grid_Cell_56,2016,0.1826783,0,403.50723,0.005700814,0.05217159,2555.363,419.30386,0.00106277,35.708603,174.58455,11.611261,4.472905
Grid_Cell_56,2017,0.15442565,0,365.05887,0.005520089,0.055932205,2746.4358,328.2617,0.00117276,37.450592,160.24911,12.123133,4.6731334
Grid_Cell_56,2018,0.16115323,263,374.1027,0.005370332,0.06567341,3014.1484,417.54745,0.001259839,40.064854,155.05171,12.554438,4.782241
Grid_Cell_56,2019,0.13341975,70,370.41794,0.005595067,0.055063993,2839.4258,282.7613,0.000632,42.696735,156.53741,12.876215,4.553747
Grid_Cell_56,2020,0.13532619,75,407.41077,0.005221328,0.056675542,3205.3914,408.57108,0.000948,42.507988,160.8587,12.830103,5.084597
Grid_Cell_56,2021,0.15387125,161,538.08826,0.005641176,0.05748057,2782.1692,622.9408,0.001514164,29.19469,192.02634,12.632502,4.761619
Grid_Cell_56,2022,0.15282711,449,512.90234,0.005323629,0.06282906,3104.839,521.9273,0.00142025,30.842894,193.95978,12.772821,5.168695
Grid_Cell_56,2023,0.1516418,3063,538.3616,0.005878244,0.059314065,2851.5427,580.5443,0.001225192,31.577799,201.56314,13.220453,5.040776
Grid_Cell_56,2024,0.13776064,13110,441.3407,0.005158597,0.062380698,3345.7378,414.5219,0.000942,43.335632,177.02664,13.295954,5.0673747
Grid_Cell_56,2025,0.13810718,16728,527.261,0.00558418,0.051139362,2920.6091,548.79285,0.001007063,41.065933,181.245,13.007074,4.5564785
Grid_Cell_57,2000,0.14772777,0,451.21158,0.005507906,0.27975214,2668.837,482.81757,0.000903,35.743855,165.3668,11.696314,4.087543
Grid_Cell_57,2001,0.16605078,0,436.28665,0.006099207,0.19946818,2266.4407,571.22064,0.00112814,40.984013,184.72777,11.0394535,4.1497183
Grid_Cell_57,2002,0.19851246,0,548.6863,0.005775008,0.23630424,2189.356,582.5995,0.001857301,30.689016,237.62868,10.438684,3.9447072
Grid_Cell_57,2003,0.23229924,0,484.54965,0.005505993,0.16342962,2213.5457,522.75134,0.008234898,28.29618,232.81575,9.7026615,4.062986
Grid_Cell_57,2004,0.16346054,0,567.4308,0.006387588,0.22252344,2010.7448,642.1529,0.001779887,28.703512,255.34338,11.071314,4.083172
Grid_Cell_57,2005,0.18372719,0,545.9318,0.005839274,0.1913395,2285.7869,601.0783,0.001888956,24.41362,246.53491,11.83877,4.0567074
Grid_Cell_57,2006,0.216543,0,527.52893,0.005615486,0.1905398,2544.1296,513.26025,0.003918346,26.367193,224.36763,11.746759,4.0972404
Grid_Cell_57,2007,0.1708942,0,461.98032,0.005147876,0.19492845,2911.975,434.9484,0.000731,35.02891,186.67952,12.635035,4.1395617
Grid_Cell_57,2008,0.17012227,0,511.30038,0.005498895,0.2520291,2374.5005,492.51517,0.001227644,30.31312,195.26553,11.277246,3.7714455
Grid_Cell_57,2009,0.1952239,0,496.56607,0.005355006,0.20442364,2331.0884,553.2408,0.0009,28.290764,202.77997,11.296167,3.8854065
Grid_Cell_57,2010,0.19846612,0,536.7534,0.005417499,0.21701941,2591.8064,567.7593,0.002403825,23.581305,228.01604,12.58053,4.0593524
Grid_Cell_57,2011,0.18705958,0,553.7396,0.005457576,0.24340467,2498.247,526.6469,0.001654678,28.212172,209.04515,10.409937,4.3026795
Grid_Cell_57,2012,0.23789985,0,471.0431,0.005650168,0.18603475,2789.0774,430.49765,0.004917186,29.93168,175.18503,11.587122,4.6967964
Grid_Cell_57,2013,0.18910353,0,414.76172,0.005448002,0.057974674,2726.8652,413.3765,0.000768,33.84481,159.23181,12.215235,4.519234
Grid_Cell_57,2014,0.16240133,0,372.97052,0.005096444,0.06409404,3106.3267,376.75476,0.000695,38.169617,140.64487,11.728174,5.080982
Grid_Cell_57,2015,0.14853646,0,393.05975,0.005240849,0.05988692,2999.4998,397.78558,0.000606,41.521294,143.93095,12.599573,4.8521566
Grid_Cell_57,2016,0.17637165,0,379.75403,0.005685999,0.054891832,2616.3984,384.74673,0.000904,37.70394,160.32013,11.899408,4.4274135
Grid_Cell_57,2017,0.15199684,0,335.66022,0.005507017,0.054819662,2803.91,301.3038,0.000745,39.7686,141.79515,12.418604,4.6167293
Grid_Cell_57,2018,0.15662616,263,352.75107,0.00534362,0.06877521,3060.0427,400.49854,0.001234377,41.51062,141.08429,12.880915,4.702481
Grid_Cell_57,2019,0.13073811,70,345.36084,0.005577413,0.05956135,2895.4553,260.16553,0.000501,44.64462,146.38567,13.183252,4.483576
Grid_Cell_57,2020,0.13256401,75,404.66,0.005206649,0.062055614,3259.0957,398.4673,0.000859,42.3631,153.03857,13.169397,5.0255127
Grid_Cell_57,2021,0.15198523,161,540.2947,0.005643074,0.058897138,2826.0422,621.0011,0.001538384,29.011879,182.74884,12.967279,4.7066875
Grid_Cell_57,2022,0.1476891,449,514.55585,0.005328455,0.06414756,3173.5244,518.22394,0.001206644,30.959133,183.56723,13.128504,5.135236
Grid_Cell_57,2023,0.14970636,3063,537.0256,0.005878857,0.062410545,2920.894,579.18134,0.001101671,31.552197,188.39697,13.563654,5.0211525
Grid_Cell_57,2024,0.13623546,13110,435.92,0.00515161,0.06824186,3406.2197,414.3954,0.001065735,43.122414,169.57997,13.615076,5.046394
Grid_Cell_57,2025,0.13769417,16728,527.47076,0.005578828,0.042887073,2981.9673,548.46,0.000962,40.15255,172.79585,13.340143,4.5643463
Grid_Cell_58,2000,0.14598769,0,452.9796,0.005498958,0.24602827,2726.2554,470.36584,0.00116685,33.11793,188.02658,12.083948,4.07825
Grid_Cell_58,2001,0.16684125,0,439.95325,0.006112968,0.19096352,2290.3394,558.7088,0.001544387,37.284103,203.22919,11.385889,4.127595
Grid_Cell_58,2002,0.19571748,0,522.047,0.005762639,0.24122976,2228.5918,554.45044,0.00230461,30.316584,254.8942,10.778559,3.918988
Grid_Cell_58,2003,0.2207453,0,471.716,0.005537715,0.17062137,2225.457,506.0394,0.00893763,27.5319,245.83896,10.0220585,4.0459995
Grid_Cell_58,2004,0.16115314,0,535.91956,0.006386673,0.24494047,2056.1594,623.29156,0.002350181,27.384274,274.88007,11.406763,4.1222086
Grid_Cell_58,2005,0.18080255,0,547.919,0.005851763,0.2091773,2292.2107,577.28485,0.002669712,21.46811,285.4761,12.182276,4.0462623
Grid_Cell_58,2006,0.21286336,0,534.5068,0.00561915,0.22677818,2571.208,493.39044,0.006235949,24.224241,256.38004,12.072138,4.093747
Grid_Cell_58,2007,0.16211484,0,458.20892,0.005155373,0.19317174,2956.5374,421.04773,0.001105,34.55726,213.87317,12.968988,4.1285
Grid_Cell_58,2008,0.16263117,0,494.87863,0.005490596,0.14758766,2398.7078,480.6806,0.00204207,28.706936,206.5935,11.640802,3.7544715
Grid_Cell_58,2009,0.1914739,0,494.10156,0.005350927,0.1895782,2350.4934,544.01544,0.001270634,25.381727,223.121,11.650019,3.8819134
Grid_Cell_58,2010,0.19658881,0,521.3526,0.005420763,0.20265335,2611.0332,553.2224,0.004091603,21.711763,251.81413,12.933954,4.026818
Grid_Cell_58,2011,0.18237218,0,536.92944,0.00542334,0.25175923,2550.3264,500.67825,0.001989288,25.521667,222.58156,10.830622,4.2884674
Grid_Cell_58,2012,0.2360747,0,434.81656,0.005629495,0.18172596,2832.9138,407.27646,0.007126564,28.795387,192.15071,11.987696,4.672172
Grid_Cell_58,2013,0.18683729,0,375.29208,0.005427064,0.07878155,2807.601,380.22372,0.000898,34.109177,174.49323,12.630426,4.5201244
Grid_Cell_58,2014,0.1520163,0,328.38165,0.005074345,0.09370548,3188.684,331.40988,0.000816,38.761463,154.22626,12.144861,5.0646806
Grid_Cell_58,2015,0.14947452,0,364.7324,0.005209564,0.06708197,3059.243,368.49814,0.000785,40.6626,158.86208,12.929621,4.8103414
Grid_Cell_58,2016,0.17063318,0,340.12616,0.005650691,0.07581887,2678.4285,348.98117,0.001095236,38.45179,167.52054,12.242212,4.3955145
Grid_Cell_58,2017,0.14948043,0,288.7007,0.005461722,0.065188944,2900.7932,268.88437,0.00085,40.661522,151.41968,12.832392,4.60625
Grid_Cell_58,2018,0.15203859,263,319.8975,0.005274781,0.06765167,3160.04,367.2961,0.00150699,41.409958,154.87755,13.376032,4.7168303
Grid_Cell_58,2019,0.13145824,70,303.92987,0.005516255,0.058828562,2975.1492,238.16052,0.000681,45.060673,163.57231,13.62002,4.4462814
Grid_Cell_58,2020,0.12886693,75,347.5441,0.005133326,0.06231944,3381.768,354.69492,0.000874,43.04587,160.69553,13.664911,5.01875
Grid_Cell_58,2021,0.14844447,161,475.41907,0.005612728,0.056586035,2927.0176,535.5968,0.001495216,31.50599,183.64857,13.432703,4.678845
Grid_Cell_58,2022,0.1441312,449,493.38785,0.005319489,0.07133402,3249.4236,498.2699,0.001477723,30.150366,194.92052,13.583002,5.1026673
Grid_Cell_58,2023,0.14355654,3063,509.49533,0.005843579,0.09491197,3009.8774,526.90607,0.001101456,31.437298,197.37027,14.057337,4.9749537
Grid_Cell_58,2024,0.13651058,13110,410.0166,0.005134981,0.07626342,3476.7185,403.3954,0.001461548,41.98554,191.72623,14.045404,5.0213943
Grid_Cell_58,2025,0.13528997,16728,468.85443,0.005549793,0.059543684,3078.147,481.63187,0.000927,42.37742,178.13141,13.784723,4.560663
Grid_Cell_59,2000,0.14488038,0,440.99982,0.005435836,0.24976337,2797.5427,456.95847,0.000731,33.532078,150.97728,12.20492,4.070802
Grid_Cell_59,2001,0.1658041,0,430.9741,0.006063889,0.18470831,2335.7493,546.0966,0.001024969,36.90943,169.30351,11.503168,4.1025267
Grid_Cell_59,2002,0.19404,0,510.41107,0.005683005,0.21920754,2277.8062,528.48505,0.00172387,30.388382,218.29317,10.890467,3.8790905
Grid_Cell_59,2003,0.21634519,0,452.74365,0.005524873,0.15685804,2253.122,490.76065,0.009296641,28.785175,209.78273,10.10644,4.024287
Grid_Cell_59,2004,0.15924655,0,517.87256,0.006316594,0.23299041,2134.7993,603.2165,0.001486745,28.446695,233.22469,11.510035,4.152502
Grid_Cell_59,2005,0.17880078,0,504.73306,0.005800743,0.22997396,2370.2097,557.1709,0.001555329,24.005028,231.37561,12.312555,4.0547895
Grid_Cell_59,2006,0.21061486,0,501.2212,0.005563523,0.22263445,2638.976,475.63956,0.005914154,25.83516,206.99947,12.176935,4.1071377
Grid_Cell_59,2007,0.15893869,0,434.1768,0.00511716,0.157507,3005.5051,408.807,0.000708,35.093025,171.9863,13.062311,4.1388083
Grid_Cell_59,2008,0.15947318,0,484.06827,0.005428516,0.15603255,2446.7034,469.52557,0.001788238,27.526478,172.20381,11.776209,3.7699769
Grid_Cell_59,2009,0.18854384,0,481.08752,0.005288766,0.21686262,2415.033,535.1648,0.000889,24.492546,186.09685,11.788446,3.9081461
Grid_Cell_59,2010,0.1942688,0,494.96063,0.005383715,0.25386465,2669.0032,540.1512,0.003738863,22.44217,210.06403,13.075098,4.026921
Grid_Cell_59,2011,0.17804815,0,527.9568,0.00535607,0.24358022,2648.2878,491.94974,0.001582106,25.226192,190.55856,11.062433,4.333296
Grid_Cell_59,2012,0.23098455,0,423.41275,0.005574119,0.2154807,2919.611,399.27182,0.008613716,28.854382,160.95506,12.172907,4.7215233
Grid_Cell_59,2013,0.18441284,0,367.61868,0.005375845,0.058510423,2921.454,369.30386,0.000558,34.219868,138.88092,12.84234,4.590946
Grid_Cell_59,2014,0.14613108,0,316.28024,0.00501764,0.06182398,3304.4236,314.66663,0.000453,39.136383,117.847984,12.365168,5.1358795
Grid_Cell_59,2015,0.14739485,0,358.10446,0.005200075,0.057740264,3148.4438,359.13025,0.000476,40.767323,122.89152,13.1112,4.8533893
Grid_Cell_59,2016,0.16942167,0,324.71143,0.00563399,0.042044662,2754.4587,336.32477,0.000651,38.958107,130.72758,12.449915,4.454497
Grid_Cell_59,2017,0.14921303,0,283.59232,0.005435267,0.05712485,3009.5818,260.9885,0.000582,40.121902,117.231735,13.069361,4.6863184
Grid_Cell_59,2018,0.14766403,263,304.609,0.00523898,0.07084479,3282.1548,348.7115,0.000799,42.337612,116.8788,13.641016,4.8280973
Grid_Cell_59,2019,0.13088647,70,313.14014,0.005490386,0.054248523,3060.519,247.30597,0.000495,43.843887,131.04442,13.880152,4.5241237
Grid_Cell_59,2020,0.12587024,75,342.16638,0.005114661,0.05865911,3511.4795,348.55896,0.00056,42.92106,126.433,13.978418,5.1493855
Grid_Cell_59,2021,0.14582878,161,459.63162,0.005571896,0.04824436,3079.4194,516.6569,0.00098,32.036465,147.89069,13.744593,4.800934
Grid_Cell_59,2022,0.14236301,449,489.62405,0.005313465,0.056338612,3365.2395,495.08276,0.000972,30.156593,161.70981,13.835749,5.211366
Grid_Cell_59,2023,0.14080958,3063,500.85855,0.005800401,0.059676833,3130.3333,517.7002,0.000678,31.672518,161.69377,14.377008,5.060707
Grid_Cell_59,2024,0.13486354,13110,395.82245,0.005120822,0.076589495,3579.7302,401.11066,0.000986,42.537346,155.32312,14.26684,5.109013
Grid_Cell_59,2025,0.13310549,16728,460.12347,0.005529145,0.06185488,3193.1074,468.73718,0.000586,42.28899,144.66406,14.045191,4.6736503
Grid_Cell_6,2000,0.13240509,0,394.9327,0.006074947,0.12889162,2744.2043,423.6663,0.00234574,40.658154,104.413155,12.694941,4.332435
Grid_Cell_6,2001,0.14028804,0,400.68875,0.006659519,0.14366256,2431.8772,502.24966,0.003451206,43.141605,123.96434,12.65307,4.312629
Grid_Cell_6,2002,0.1760004,0,477.7918,0.00626894,0.19283573,2323.5676,556.78424,0.005681942,36.54511,165.44597,11.760218,3.8944674
Grid_Cell_6,2003,0.18772732,0,443.07764,0.005638325,0.14391367,2320.7932,534.6227,0.012538476,32.050537,155.75255,11.084406,3.6868215
Grid_Cell_6,2004,0.13843627,0,458.97302,0.006462274,0.15694974,2325.77,589.15344,0.00563654,37.144524,159.96512,12.371546,4.0038686
Grid_Cell_6,2005,0.14109287,0,460.59778,0.006163328,0.17640723,2468.125,589.39703,0.006080486,31.218952,163.47829,13.299707,4.0294814
Grid_Cell_6,2006,0.18117681,0,430.36777,0.006014794,0.1876349,2687.0808,514.06274,0.010095554,33.00535,152.65219,13.070429,4.183062
Grid_Cell_6,2007,0.13753064,0,433.40134,0.005680407,0.16878295,3000.317,471.0582,0.003519538,37.607635,133.16933,13.725946,4.271103
Grid_Cell_6,2008,0.14443995,0,469.53778,0.00597314,0.16162531,2427.1938,492.36115,0.006618699,29.341726,148.17142,12.65365,3.8459332
Grid_Cell_6,2009,0.15690811,0,480.7214,0.005921622,0.15502994,2454.659,613.14624,0.007205747,27.757193,157.56184,12.871424,4.004893
Grid_Cell_6,2010,0.14674315,0,437.3124,0.006162623,0.18828028,2670.0635,547.7814,0.00863651,32.00806,154.48323,13.909723,4.1015096
Grid_Cell_6,2011,0.15293266,0,487.7246,0.005899679,0.32197213,2677.8162,536.93823,0.006546819,31.121035,153.53079,11.993525,4.4340496
Grid_Cell_6,2012,0.17708951,0,450.4779,0.006173535,0.13369714,3022.8335,482.67203,0.012364952,35.704037,126.366615,13.321833,4.893825
Grid_Cell_6,2013,0.16239369,0,410.34457,0.005870965,0.047387607,2861.0945,404.03018,0.003377767,34.23494,116.04648,13.469721,4.6303983
Grid_Cell_6,2014,0.13644853,0,376.44058,0.005737965,0.054724593,3298.0125,387.87878,0.002595161,39.37797,92.21938,13.354975,5.31403
Grid_Cell_6,2015,0.13292862,0,372.80975,0.00562839,0.06979211,3270.623,363.0949,0.001887733,40.32188,87.41891,13.932947,5.1307526
Grid_Cell_6,2016,0.14445767,0,379.4858,0.006108331,0.057940084,2851.666,403.08994,0.004103514,39.22801,100.660835,13.245111,4.694627
Grid_Cell_6,2017,0.13124081,0,244.64212,0.005854592,0.05913193,3226.5273,218.31877,0.001412767,47.392483,72.331894,13.893183,4.996935
Grid_Cell_6,2018,0.13051452,263,272.42502,0.005748774,0.087528884,3463.959,297.11014,0.001922918,49.06147,61.55625,14.446253,5.2143984
Grid_Cell_6,2019,0.12189427,70,273.7493,0.005903143,0.05789348,3267.075,220.5576,0.001392116,50.61072,66.20414,14.634638,4.8518634
Grid_Cell_6,2020,0.11777991,75,328.39957,0.00562544,0.06891702,3652.9744,359.4921,0.000106,49.830944,94.947716,14.722559,5.470902
Grid_Cell_6,2021,0.12603308,161,349.6401,0.006033279,0.07163674,3286.9045,412.38504,5.95e-05,45.29186,102.84516,14.409784,5.069359
Grid_Cell_6,2022,0.1296093,449,361.3751,0.005804311,0.06174982,3532.636,457.52472,0.000114,42.182228,104.57536,14.578424,5.464859
Grid_Cell_6,2023,0.12563033,3063,378.30017,0.006107727,0.055223525,3350.9875,454.13028,7.68e-05,43.578434,107.42138,15.05691,5.2993717
Grid_Cell_6,2024,0.12367242,13110,314.76132,0.005658851,0.058374546,3605.8806,374.795,0.000101,53.065323,93.436356,14.801783,5.3402224
Grid_Cell_6,2025,0.13476588,16728,397.25116,0.005945873,0.05193237,3334.3113,440.9065,6.91e-05,49.577435,104.909065,14.529932,5.0194745
Grid_Cell_60,2000,0.1428766,0,422.28616,0.005359604,0.2295868,2862.4827,440.7832,0.00069,34.71638,152.2727,12.271875,4.0788994
Grid_Cell_60,2001,0.16280591,0,417.8316,0.005999886,0.17360148,2386.9163,531.88055,0.001008849,37.67694,173.72571,11.566523,4.091294
Grid_Cell_60,2002,0.1916955,0,491.6342,0.005590193,0.17834494,2331.5127,508.40784,0.001735791,31.286034,221.7465,10.949121,3.853029
Grid_Cell_60,2003,0.21295439,0,438.20248,0.00549927,0.16768646,2270.3606,477.00037,0.009243973,29.575838,215.09131,10.1383915,4.0046983
Grid_Cell_60,2004,0.15689416,0,496.88733,0.006243548,0.19719233,2195.5845,580.17303,0.001414758,29.833162,236.5026,11.542902,4.1794147
Grid_Cell_60,2005,0.1761847,0,491.91452,0.005745144,0.19536798,2422.4902,542.9441,0.001462336,24.781345,238.53351,12.395258,4.0812964
Grid_Cell_60,2006,0.20759058,0,486.1368,0.005505376,0.20145613,2684.7546,460.6902,0.005390353,26.585808,214.04103,12.226984,4.140494
Grid_Cell_60,2007,0.15558787,0,423.6295,0.005080657,0.23243079,3036.9302,398.6604,0.000737,35.475464,180.24533,13.103632,4.1692877
Grid_Cell_60,2008,0.15531,0,472.31122,0.005368236,0.20172036,2484.594,457.132,0.002002582,27.29965,180.26613,11.860498,3.8101408
Grid_Cell_60,2009,0.18348426,0,471.05435,0.005226249,0.21758097,2474.6606,525.1565,0.000983,24.81128,193.80342,11.884577,3.9577353
Grid_Cell_60,2010,0.19282232,0,479.53394,0.005354691,0.24220176,2705.2612,528.0433,0.003415432,23.285984,218.53192,13.146143,4.050414
Grid_Cell_60,2011,0.17489342,0,524.436,0.005333977,0.24707069,2693.4844,491.86765,0.001970233,25.748793,204.03957,11.131708,4.392474
Grid_Cell_60,2012,0.22915581,0,419.27365,0.005553904,0.19238009,2964.8718,399.29553,0.009799474,28.899834,174.20203,12.232782,4.797035
Grid_Cell_60,2013,0.18197432,0,374.09866,0.005356746,0.060004078,2969.391,369.15372,0.000547,33.688225,149.21764,12.900171,4.6728983
Grid_Cell_60,2014,0.1436888,0,313.5986,0.004990201,0.06627956,3359.8452,307.51703,0.000402,39.479324,122.4111,12.422968,5.2218723
Grid_Cell_60,2015,0.14468105,0,355.77274,0.005187698,0.066611655,3201.6726,354.67523,0.000465,41.08772,126.87436,13.155451,4.924006
Grid_Cell_60,2016,0.16675423,0,328.01257,0.005613212,0.046030167,2805.6116,339.3222,0.000666,38.593647,134.88892,12.528772,4.5439777
Grid_Cell_60,2017,0.14703807,0,277.45898,0.005396387,0.054365166,3097.1584,254.89621,0.000504,40.715595,119.24933,13.127771,4.7956676
Grid_Cell_60,2018,0.14290856,263,288.5591,0.00519823,0.08905318,3361.4956,329.32224,0.000744,43.784935,117.42234,13.665644,4.9378576
Grid_Cell_60,2019,0.1279466,70,307.7693,0.005457522,0.055767823,3109.0168,248.14944,0.000514,44.00007,134.03601,13.907007,4.6105623
Grid_Cell_60,2020,0.122826874,75,344.2591,0.005097967,0.060105994,3578.3584,348.41034,0.00059,43.470615,134.07423,14.043268,5.2451506
Grid_Cell_60,2021,0.1426512,161,457.48676,0.005540618,0.05949666,3135.5127,515.54126,0.000881,32.305344,154.29059,13.810205,4.877852
Grid_Cell_60,2022,0.14060417,449,488.05585,0.005313181,0.07028097,3404.8433,494.17883,0.000971,30.403147,169.70715,13.857538,5.30164
Grid_Cell_60,2023,0.13878328,3063,501.60486,0.005759977,0.061110195,3188.7642,523.63477,0.00076,31.554878,170.24487,14.433741,5.14331
Grid_Cell_60,2024,0.1319595,13110,393.66013,0.005104517,0.077387445,3608.569,401.09744,0.001092963,43.045063,163.7554,14.256769,5.1725507
Grid_Cell_60,2025,0.13068569,16728,462.4521,0.005505106,0.058745712,3243.174,469.09396,0.000627,42.12573,152.64317,14.093073,4.742636
Grid_Cell_61,2000,0.15192111,0,398.7489,0.005310099,0.19959116,2883.7195,421.02982,0.000645,34.915222,161.57936,12.279383,4.088055
Grid_Cell_61,2001,0.1709037,0,400.53107,0.005949426,0.16355646,2414.253,515.17725,0.000988,37.729454,186.57729,11.616358,4.09691
Grid_Cell_61,2002,0.20068283,0,471.79135,0.005517806,0.2485082,2362.4583,495.80423,0.002062517,31.433609,233.94618,10.992121,3.839125
Grid_Cell_61,2003,0.21885784,0,417.89853,0.005469791,0.13865069,2273.4084,463.7682,0.010079781,29.878048,230.88104,10.153315,3.9956229
Grid_Cell_61,2004,0.1656213,0,469.49686,0.006172977,0.19765064,2236.9734,551.43304,0.001360198,30.683464,245.9913,11.547876,4.209811
Grid_Cell_61,2005,0.18396065,0,468.48285,0.005696048,0.17752384,2459.1982,533.453,0.001407058,24.907679,250.33897,12.454462,4.115406
Grid_Cell_61,2006,0.21364927,0,457.54922,0.005460256,0.19246556,2708.635,445.8391,0.00512975,27.103064,229.08612,12.244593,4.1750484
Grid_Cell_61,2007,0.16391334,0,409.19965,0.005058047,0.18447274,3046.7878,388.83347,0.000757,34.963303,200.92145,13.118677,4.2065825
Grid_Cell_61,2008,0.16229343,0,457.994,0.005323499,0.18427151,2504.8718,441.1949,0.002933757,26.471642,202.4458,11.917017,3.8578184
Grid_Cell_61,2009,0.18794484,0,457.67422,0.005176047,0.19936517,2521.0032,511.893,0.001328548,24.62247,212.66335,11.95904,4.010509
Grid_Cell_61,2010,0.20050709,0,456.84094,0.005336441,0.16471584,2725.8708,514.9893,0.003500863,23.559347,237.36177,13.204187,4.0842495
Grid_Cell_61,2011,0.18253924,0,514.14685,0.005320727,0.2136262,2722.0815,491.83197,0.00279663,25.504787,228.5359,11.195734,4.4597
Grid_Cell_61,2012,0.23592895,0,405.7405,0.005543579,0.18521813,2996.6292,399.41187,0.011681947,28.412046,201.46976,12.294855,4.886072
Grid_Cell_61,2013,0.18942678,0,384.81442,0.005343968,0.054363072,2999.6948,369.25095,0.000621,31.892628,175.45229,12.953669,4.7623506
Grid_Cell_61,2014,0.15283465,0,320.35834,0.004968075,0.3640285,3391.189,303.858,0.000516,37.926975,139.34465,12.468622,5.307797
Grid_Cell_61,2015,0.15254797,0,354.5653,0.005172777,0.06435336,3227.57,349.22772,0.000468,39.915474,139.60313,13.190607,4.996403
Grid_Cell_61,2016,0.17202349,0,322.27188,0.005590111,0.047599457,2844.6619,330.81674,0.000664,37.94869,146.40486,12.601618,4.638274
Grid_Cell_61,2017,0.15459496,0,259.33228,0.005352072,0.057142857,3167.5818,236.1323,0.000515,41.005627,127.39155,13.164667,4.9095373
Grid_Cell_61,2018,0.1492648,263,278.3164,0.005155137,0.073697925,3420.2903,314.6191,0.000674,43.644012,123.95291,13.655329,5.044227
Grid_Cell_61,2019,0.13636945,70,281.67108,0.005428122,0.0528474,3139.643,230.30785,0.000472,44.634655,140.49606,13.884851,4.6792607
Grid_Cell_61,2020,0.13173504,75,348.11063,0.005084668,0.059921734,3594.2058,346.0279,0.000637,42.151234,155.0608,14.029474,5.3131833
Grid_Cell_61,2021,0.15132466,161,456.80743,0.005512923,0.062759236,3165.56,515.95807,0.000951,30.889225,174.1109,13.83288,4.9479203
Grid_Cell_61,2022,0.15124828,449,486.60327,0.005307811,0.06683232,3410.7102,497.3886,0.001033771,29.29175,188.89241,13.835566,5.3602357
Grid_Cell_61,2023,0.1484077,3063,487.9504,0.005729189,0.054938823,3211.406,513.33264,0.000812,31.1665,186.95612,14.435785,5.2008786
Grid_Cell_61,2024,0.14095937,13110,387.21713,0.005083588,0.08081258,3617.063,401.1565,0.001220123,42.404808,183.08008,14.212946,5.223882
Grid_Cell_61,2025,0.13998494,16728,469.00684,0.005483348,0.045749374,3252.0217,468.77136,0.000703,40.160896,175.14201,14.0967045,4.7823644
Grid_Cell_62,2000,0.16568817,0,366.87997,0.005278213,0.20656675,2956.6526,399.5246,0.000756,40.76067,208.31557,12.28808,4.1075635
Grid_Cell_62,2001,0.18271281,0,370.8829,0.005910194,0.19178718,2466.563,497.13916,0.001248743,41.210487,231.50478,11.678827,4.122869
Grid_Cell_62,2002,0.21166931,0,492.0975,0.005459786,0.23438284,2409.0735,489.35663,0.001416973,31.817516,270.19742,11.048792,3.8373442
Grid_Cell_62,2003,0.22725815,0,432.94617,0.00544527,0.11997805,2284.0713,451.2996,0.00322511,29.761856,268.5505,10.191645,3.9834995
Grid_Cell_62,2004,0.17866667,0,479.59744,0.006115635,0.16880599,2280.9216,520.24384,0.00144735,31.125912,272.76492,11.557001,4.2318397
Grid_Cell_62,2005,0.19583388,0,511.00027,0.005652979,0.21522966,2453.1978,525.6381,0.001453027,22.718893,276.9238,12.507776,4.149276
Grid_Cell_62,2006,0.22060804,0,460.82486,0.005426386,0.18168789,2702.6516,430.61652,0.001343983,27.263365,259.7446,12.2356205,4.204261
Grid_Cell_62,2007,0.17597264,0,396.35303,0.005047417,0.21949804,3041.5476,378.53137,0.000839,36.847282,240.3141,13.114588,4.2382946
Grid_Cell_62,2008,0.1734131,0,442.2023,0.005292792,0.17874318,2526.5774,423.15646,0.001019112,28.530481,246.68507,11.952112,3.9025588
Grid_Cell_62,2009,0.196683,0,448.5439,0.005137187,0.2293146,2561.8784,496.91125,0.001058569,26.964052,248.79723,12.011438,4.064824
Grid_Cell_62,2010,0.21258838,0,466.11493,0.00532566,0.15804346,2725.5234,485.69113,0.001352099,24.131134,267.44815,13.238489,4.123188
Grid_Cell_62,2011,0.18845938,0,481.3213,0.005301765,0.25223112,2775.1206,453.1842,0.00105426,29.454947,257.03812,11.24148,4.5386386
Grid_Cell_62,2012,0.24742895,0,412.45056,0.005532442,0.17466912,3049.4739,383.3498,0.00316569,28.830229,239.86832,12.340967,4.984604
Grid_Cell_62,2013,0.19392948,0,345.8826,0.00532202,0.061779313,3060.1191,330.85043,0.000602,36.475353,212.8684,12.980249,4.866597
Grid_Cell_62,2014,0.1654563,0,303.01462,0.004933376,0.06886132,3438.3958,282.1716,0.00042,40.33087,189.44954,12.478052,5.3993382
Grid_Cell_62,2015,0.16155183,0,338.01535,0.005163332,0.0777288,3242.4614,329.12027,0.000509,42.56898,193.9139,13.2017765,5.037362
Grid_Cell_62,2016,0.18127632,0,309.08557,0.005573673,0.062108308,2878.5254,319.861,0.000789,40.234245,201.96272,12.651819,4.6990666
Grid_Cell_62,2017,0.16561851,0,259.17892,0.00532338,0.06697133,3192.7024,230.7463,0.000452,43.101574,184.89885,13.115656,4.9534073
Grid_Cell_62,2018,0.16059203,263,267.63736,0.005125333,0.082416534,3425.6338,296.00748,0.000757,46.149117,180.35136,13.5090275,5.0464535
Grid_Cell_62,2019,0.1491385,70,273.5268,0.005403745,0.051586796,3149.8618,223.83864,0.000538,46.98891,191.0386,13.738092,4.6853566
Grid_Cell_62,2020,0.14574726,75,302.73883,0.005072892,0.06410155,3578.9739,291.54535,0.000616,46.63518,190.58696,13.860315,5.303689
Grid_Cell_62,2021,0.15813205,161,358.81036,0.005480694,0.06257198,3232.0708,410.1894,0.000671,39.543827,199.88977,13.740015,4.9991875
Grid_Cell_62,2022,0.16454914,449,414.88373,0.00530302,0.067212254,3425.0376,462.5856,0.001198932,35.688957,221.41486,13.700251,5.3690715
Grid_Cell_62,2023,0.15668438,3063,413.3386,0.005706651,0.059997484,3233.389,414.34738,0.000606,38.201168,219.92412,14.293238,5.200673
Grid_Cell_62,2024,0.15297052,13110,330.74286,0.005068578,0.07494879,3615.2395,346.3198,0.001237342,47.656948,209.27142,14.038935,5.234085
Grid_Cell_62,2025,0.15453939,16728,404.4161,0.005464518,0.048358105,3249.2341,399.92776,0.000689,44.48363,213.86734,13.960688,4.7978964
Grid_Cell_63,2000,0.1550739,0,353.2237,0.005250041,0.19247402,3012.5522,381.18048,0.000633,43.355778,198.99422,12.313105,4.145179
Grid_Cell_63,2001,0.1717474,0,360.49222,0.005874848,0.16929714,2521.1504,480.95966,0.001116801,42.492485,222.17924,11.754358,4.169136
Grid_Cell_63,2002,0.200919,0,476.04437,0.005405649,0.18322615,2472.6704,484.3973,0.001333284,33.87631,263.00345,11.119165,3.8514194
Grid_Cell_63,2003,0.21311808,0,425.9402,0.005424805,0.13731244,2320.4011,441.24695,0.002618497,31.64186,263.35162,10.2474,3.978157
Grid_Cell_63,2004,0.16915539,0,458.55835,0.006065447,0.19888139,2334.2695,493.8464,0.001318132,33.2391,266.2479,11.577173,4.2617917
Grid_Cell_63,2005,0.18483616,0,502.83444,0.00561813,0.16776799,2515.184,517.7801,0.001362257,24.817137,271.88086,12.550043,4.1779747
Grid_Cell_63,2006,0.20901448,0,446.17792,0.005406427,0.16889158,2736.3455,418.31857,0.001192517,29.70981,255.02629,12.205713,4.2189183
Grid_Cell_63,2007,0.1657841,0,391.02432,0.005048274,0.17465918,3057.98,370.2985,0.000801,38.558968,236.71199,13.090815,4.2510343
Grid_Cell_63,2008,0.16236061,0,432.09094,0.005275794,0.15609565,2564.4912,407.6696,0.000925,30.468117,241.27356,11.962824,3.9310768
Grid_Cell_63,2009,0.18386304,0,438.04523,0.005112981,0.19236071,2616.9548,484.58197,0.001022267,29.287285,242.7849,12.03158,4.0999956
Grid_Cell_63,2010,0.20248102,0,450.6828,0.005321407,0.16840449,2760.5342,468.90576,0.001252243,26.36577,261.33533,13.231379,4.149215
Grid_Cell_63,2011,0.17651576,0,471.01056,0.005291344,0.21767569,2809.8826,443.72772,0.000984,31.628408,252.5041,11.235285,4.5716863
Grid_Cell_63,2012,0.237011,0,407.33133,0.005530991,0.18626297,3076.8828,379.5252,0.002857797,30.426682,233.66385,12.34173,5.0111747
Grid_Cell_63,2013,0.18144222,0,339.77625,0.005301859,0.06182146,3100.9287,321.45874,0.000523,38.44263,205.39839,12.949823,4.9103985
Grid_Cell_63,2014,0.15554726,0,297.71722,0.004908301,0.06796192,3459.4597,277.9337,0.000428,41.760693,183.12897,12.440912,5.4170094
Grid_Cell_63,2015,0.152519,0,336.13187,0.005155342,0.06512895,3267.4746,327.53915,0.000505,43.853653,188.06447,13.1826725,5.0369854
Grid_Cell_63,2016,0.17102727,0,298.3722,0.005558017,0.05294426,2905.9038,303.3692,0.000676,41.963562,195.49042,12.665949,4.714367
Grid_Cell_63,2017,0.15599489,0,252.67409,0.005305506,0.061617404,3218.6638,225.90576,0.000423,45.176105,178.17264,13.085474,4.9524827
Grid_Cell_63,2018,0.14921047,263,253.714,0.005100654,0.07786192,3437.3838,277.71768,0.000654,48.733677,171.98726,13.43313,5.026727
Grid_Cell_63,2019,0.138794,70,256.5492,0.005380913,0.05769956,3176.9026,206.73792,0.000409,49.60371,181.08934,13.6939335,4.6850142
Grid_Cell_63,2020,0.1362241,75,298.43497,0.005068206,0.0678133,3571.848,289.18018,0.000581,48.169155,186.15009,13.7833805,5.273976
Grid_Cell_63,2021,0.14838986,161,357.6105,0.005457211,0.060743287,3263.488,408.01428,0.000612,40.465313,195.13959,13.719263,5.007338
Grid_Cell_63,2022,0.15731952,449,413.7929,0.00530154,0.06925416,3410.7937,462.77676,0.001103301,36.59183,218.25758,13.656061,5.3267083
Grid_Cell_63,2023,0.1474641,3063,410.91077,0.00568,0.066835,3246.7998,412.53192,0.000617,39.476276,216.39478,14.240107,5.170776
Grid_Cell_63,2024,0.1439893,13110,329.57474,0.005059521,0.074408956,3617.0505,346.0319,0.001231282,48.547695,205.09074,13.976038,5.232777
Grid_Cell_63,2025,0.14531898,16728,403.46887,0.005448433,0.059183925,3262.3123,398.3756,0.000667,45.73425,210.34529,13.922724,4.78588
Grid_Cell_64,2000,0.14188199,0,354.74936,0.005262856,0.22272664,3055.0952,368.16528,0.00042,44.38513,137.52568,12.369379,4.1959133
Grid_Cell_64,2001,0.15921746,0,375.84662,0.005867509,0.13203612,2571.241,468.26855,0.000761,42.00594,160.1346,11.8415165,4.23965
Grid_Cell_64,2002,0.18797185,0,458.6715,0.005387512,0.17391305,2544.4995,477.44855,0.001872209,36.279243,211.56743,11.197382,3.888988
Grid_Cell_64,2003,0.19718905,0,407.64822,0.005399116,0.11585629,2366.3738,434.61145,0.005815432,33.79404,211.84683,10.301355,3.9678147
Grid_Cell_64,2004,0.15906902,0,416.5685,0.006011885,0.19798726,2395.813,476.14404,0.000983,36.793205,219.11925,11.5750675,4.2786975
Grid_Cell_64,2005,0.17203027,0,472.89465,0.005588763,0.14098832,2609.3452,509.99112,0.001144918,27.94626,236.64674,12.558008,4.1937623
Grid_Cell_64,2006,0.19702284,0,427.56085,0.005397791,0.21102709,2775.356,414.14328,0.003786832,32.044395,217.85449,12.1505375,4.2137814
Grid_Cell_64,2007,0.15372829,0,397.36066,0.00505801,0.2406874,3081.2249,368.064,0.000641,39.06154,194.53871,13.037897,4.2442536
Grid_Cell_64,2008,0.14974248,0,426.05948,0.005269524,0.15898216,2615.712,397.0725,0.00225877,31.781467,183.41222,11.943415,3.944977
Grid_Cell_64,2009,0.17078963,0,437.91452,0.00510166,0.13432743,2677.0186,480.43692,0.000931,30.235,191.89687,12.010035,4.120098
Grid_Cell_64,2010,0.19025348,0,424.53815,0.005322273,0.1580797,2820.668,459.78842,0.002553301,28.762583,214.3581,13.190485,4.1638045
Grid_Cell_64,2011,0.16393715,0,476.98404,0.005290371,0.2043397,2838.1506,443.6543,0.001601815,32.034195,205.19423,11.200953,4.5793233
Grid_Cell_64,2012,0.22205925,0,390.11795,0.005532623,0.15453319,3109.2502,379.2473,0.008260358,33.08414,174.481,12.325495,5.0095015
Grid_Cell_64,2013,0.17056938,0,338.86908,0.005289914,0.069172814,3145.7334,321.36478,0.000425,39.471962,145.5754,12.900965,4.929508
Grid_Cell_64,2014,0.1445889,0,284.24423,0.004900421,0.070440345,3486.934,278.0028,0.000301,43.626877,119.85893,12.388056,5.4119067
Grid_Cell_64,2015,0.14230743,0,330.7232,0.005154486,0.077989966,3310.973,328.3297,0.000401,45.103497,124.16619,13.145868,5.0171223
Grid_Cell_64,2016,0.16021205,0,299.56985,0.005551781,0.06320298,2940.788,301.647,0.000485,42.335594,130.68266,12.665644,4.711942
Grid_Cell_64,2017,0.14406393,0,232.08928,0.005292037,0.07101074,3267.1755,216.57564,0.00033,47.293842,115.43065,13.080194,4.9452567
Grid_Cell_64,2018,0.13651124,263,241.04237,0.005081275,0.07947568,3471.5227,264.38617,0.00046,50.441086,110.75431,13.411005,5.020563
Grid_Cell_64,2019,0.12601198,70,231.45108,0.00536455,0.06818983,3238.9087,189.82512,0.000253,51.961464,118.41139,13.70019,4.707754
Grid_Cell_64,2020,0.124577075,75,286.76083,0.005063483,0.07583962,3605.6575,291.46564,0.000432,49.639507,125.14549,13.761927,5.262159
Grid_Cell_64,2021,0.1363842,161,362.75995,0.005445389,0.080060884,3315.66,407.4613,0.000458,40.40927,132.2897,13.766687,5.016516
Grid_Cell_64,2022,0.14920297,449,435.41666,0.005299948,0.07386428,3415.987,461.70325,0.000774,35.25266,163.76192,13.669611,5.307359
Grid_Cell_64,2023,0.13635068,3063,417.09592,0.005661384,0.06479994,3288.5293,412.3753,0.000468,39.38213,161.27403,14.252924,5.176803
Grid_Cell_64,2024,0.13443576,13110,332.79758,0.005058012,0.07450565,3650.335,347.0904,0.000869,48.677776,155.96606,13.991388,5.2372546
Grid_Cell_64,2025,0.13400444,16728,401.08258,0.00544785,0.07317591,3285.7832,396.00363,0.000462,46.524876,148.13731,13.935938,4.773878
Grid_Cell_65,2000,0.14179556,0,346.14508,0.00528314,0.19736332,3080.0488,360.53397,0.000393,44.83752,123.74251,12.435999,4.267181
Grid_Cell_65,2001,0.15824123,0,377.42877,0.005866012,0.15111433,2618.6782,459.26675,0.0007,42.02904,143.51686,11.936365,4.3318415
Grid_Cell_65,2002,0.18587086,0,466.74234,0.005376115,0.1962958,2586.8933,467.6173,0.001443089,35.86376,193.35378,11.282679,3.9476864
Grid_Cell_65,2003,0.19548492,0,409.2758,0.005374126,0.12174264,2394.0725,432.24948,0.003694952,33.35954,187.85472,10.361048,3.973842
Grid_Cell_65,2004,0.16367306,0,416.59866,0.005959712,0.1874406,2432.402,468.45175,0.000898,36.528763,198.24716,11.575739,4.3051662
Grid_Cell_65,2005,0.17144658,0,479.49347,0.005575096,0.1693989,2631.8691,500.26678,0.00096,27.97008,210.7923,12.557764,4.2109885
Grid_Cell_65,2006,0.19903521,0,435.67493,0.005407564,0.16447788,2756.4534,418.33044,0.003128846,31.576817,195.15851,12.115656,4.2089524
Grid_Cell_65,2007,0.15465961,0,400.31445,0.00508603,0.15204678,3052.568,372.06973,0.000586,38.930553,175.85902,12.996332,4.2328153
Grid_Cell_65,2008,0.15188873,0,420.15726,0.00528158,0.15508182,2613.0938,388.91275,0.001408053,32.26761,159.48938,11.943964,3.9627023
Grid_Cell_65,2009,0.17241581,0,432.95844,0.005111218,0.15696186,2679.1343,484.7602,0.000786,30.959398,168.55275,11.995264,4.1347218
Grid_Cell_65,2010,0.18967247,0,434.7096,0.005339064,0.14548185,2812.5293,453.8711,0.002204938,28.329014,193.4121,13.151697,4.182469
Grid_Cell_65,2011,0.16306986,0,478.60617,0.005299375,0.15432747,2829.9873,443.84326,0.000988,31.847696,177.94008,11.178064,4.5827136
Grid_Cell_65,2012,0.21644682,0,388.73822,0.005537924,0.120324075,3112.9077,379.51334,0.00668405,34.047382,150.87236,12.331446,5.0077596
Grid_Cell_65,2013,0.17015907,0,326.21362,0.005284715,0.065488376,3166.9111,321.4188,0.000379,41.045326,128.52608,12.866785,4.9526243
Grid_Cell_65,2014,0.14653085,0,278.24808,0.00490464,0.06195729,3482.0784,278.1972,0.000271,44.708714,110.357544,12.347071,5.4063244
Grid_Cell_65,2015,0.14441235,0,332.81085,0.005172407,0.062050845,3312.7405,329.76938,0.000423,45.347534,115.53837,13.11059,5.041506
Grid_Cell_65,2016,0.16040745,0,293.60083,0.00556285,0.04705376,2975.9478,289.1877,0.000433,42.973648,119.796394,12.691584,4.780863
Grid_Cell_65,2017,0.14587048,0,213.46037,0.005289958,0.050812747,3287.5813,199.63153,0.00028,48.507473,102.68509,13.034479,4.982072
Grid_Cell_65,2018,0.1369413,263,218.26949,0.005062226,0.07051134,3491.4346,238.50612,0.000375,52.418674,99.55629,13.293238,5.0501175
Grid_Cell_65,2019,0.12715317,70,230.05249,0.00534354,0.06218767,3258.0388,192.19356,0.000259,51.906754,107.18117,13.572077,4.7374115
Grid_Cell_65,2020,0.1265086,75,283.17316,0.005030208,0.063641265,3609.6462,293.2191,0.000461,49.31848,113.52053,13.62182,5.2645154
Grid_Cell_65,2021,0.13761315,161,356.85556,0.005428132,0.07137347,3340.0234,400.2156,0.000434,40.672443,120.887085,13.6982975,5.0511737
Grid_Cell_65,2022,0.15344317,449,439.3468,0.005298873,0.061450258,3388.5422,464.53607,0.000728,33.80499,151.57391,13.572992,5.299551
Grid_Cell_65,2023,0.13826273,3063,418.73642,0.005624014,0.057432573,3302.0918,413.2469,0.000407,38.437996,146.87413,14.161737,5.1901593
Grid_Cell_65,2024,0.13561937,13110,334.63425,0.005064759,0.06829446,3637.052,348.23886,0.00091,48.45077,143.70503,13.881891,5.239641
Grid_Cell_65,2025,0.13664745,16728,396.9489,0.005441309,0.06353287,3295.8362,395.18198,0.000426,46.8056,135.34264,13.842859,4.78039
Grid_Cell_66,2000,0.14568442,0,578.51807,0.006084056,0.27531597,2192.6938,656.83014,0.002473929,27.48521,202.80559,10.917444,4.3565216
Grid_Cell_66,2001,0.16227116,0,599.21436,0.006535944,0.27996254,1958.9132,839.29504,0.002849223,25.391163,241.86388,10.9899845,4.3804374
Grid_Cell_66,2002,0.18597668,0,678.49255,0.006154039,0.18371242,2077.199,759.9215,0.004497305,18.849594,258.42575,10.704248,4.1654263
Grid_Cell_66,2003,0.20534286,0,591.87036,0.006036284,0.18182181,1935.245,698.5818,0.010256623,22.764208,268.9252,9.622583,4.0558968
Grid_Cell_66,2004,0.16039208,0,669.0999,0.006971119,0.18761775,1640.5186,950.59283,0.005502671,18.697855,286.87683,11.06106,3.8621333
Grid_Cell_66,2005,0.1693471,0,637.2005,0.006225007,0.27279735,2197.2441,818.48016,0.004388938,19.048018,244.80304,11.97735,4.21479
Grid_Cell_66,2006,0.21941952,0,665.5507,0.006038623,0.22160116,2261.4617,837.2646,0.004920586,14.405115,246.62857,11.822382,4.0365896
Grid_Cell_66,2007,0.15447062,0,585.57446,0.005414061,0.16882028,2839.4458,614.12585,0.001652777,27.237783,196.70073,12.871332,4.349836
Grid_Cell_66,2008,0.15683961,0,601.1273,0.005831549,0.3040011,2226.3945,592.91016,0.002413245,20.239414,210.1949,11.323908,4.137224
Grid_Cell_66,2009,0.18310511,0,609.3969,0.00572829,0.27043703,2174.6653,734.1376,0.002767106,18.454887,222.65956,11.561243,4.0630436
Grid_Cell_66,2010,0.18675877,0,648.72455,0.005852099,0.18114968,2397.374,760.2498,0.002596466,13.37433,234.1308,12.588251,4.361681
Grid_Cell_66,2011,0.21484986,0,693.5618,0.005892679,0.17384058,2092.6333,718.80804,0.006133034,13.918768,254.16925,10.009058,4.210796
Grid_Cell_66,2012,0.23040587,0,650.71643,0.006083829,0.10122206,2429.332,629.8616,0.005602473,12.883283,210.57202,11.539698,4.6077595
Grid_Cell_66,2013,0.16424607,0,561.12225,0.005899198,0.055523135,2396.0105,615.4164,0.001972171,22.274042,191.356,12.230799,4.393652
Grid_Cell_66,2014,0.17563474,0,570.53925,0.005501479,0.06395826,2797.9807,591.2708,0.001768757,19.238613,181.58218,11.709162,5.197215
Grid_Cell_66,2015,0.13747215,0,575.3248,0.005658626,0.0738775,2697.3171,581.9191,0.001699558,23.827967,186.49194,12.699884,4.87517
Grid_Cell_66,2016,0.158588,0,558.7111,0.006122666,0.024022568,2303.1426,572.3913,0.001829874,24.493498,198.04588,11.8771305,4.3282676
Grid_Cell_66,2017,0.13386814,0,503.55377,0.005921171,0.039140772,2481.6594,480.45312,0.003070034,25.339327,186.8869,12.502192,4.521524
Grid_Cell_66,2018,0.14923277,263,490.92303,0.00579172,0.06688118,2737.759,589.0353,0.003037219,30.622135,172.4552,12.993311,4.5727887
Grid_Cell_66,2019,0.12340075,70,537.6883,0.006176423,0.08772239,2524.3477,452.29318,0.001586729,28.162703,190.57434,13.290674,4.488987
Grid_Cell_66,2020,0.11547954,75,582.9106,0.00594392,0.092439085,2778.2446,596.99005,0.001818477,26.74023,184.39038,13.32049,5.0235314
Grid_Cell_66,2021,0.14563394,161,742.4739,0.006344005,0.021999368,2311.443,905.37695,0.004142952,11.112547,250.68155,12.633936,4.6783657
Grid_Cell_66,2022,0.15042208,449,675.80194,0.005829386,0.057410683,2688.5974,705.8146,0.003080302,11.597034,223.6816,12.953333,5.059106
Grid_Cell_66,2023,0.13240068,3063,696.6734,0.00638423,0.048287023,2440.8901,805.9284,0.003356175,14.698929,234.94185,13.330469,4.936837
Grid_Cell_66,2024,0.13418144,13110,580.9661,0.005723898,0.060170893,3067.4731,532.54663,0.001669568,28.4301,185.05429,13.846216,5.0910535
Grid_Cell_66,2025,0.1283746,16728,612.3017,0.006078767,0.1026171,2689.613,639.95557,0.00170765,33.245934,182.12556,13.304712,4.5952353
Grid_Cell_67,2000,0.1491987,0,560.5328,0.006063372,0.019811852,2234.1538,639.7649,0.002391353,28.482006,205.51607,11.064936,4.31648
Grid_Cell_67,2001,0.167649,0,585.76514,0.006531235,-0.02632868,1969.9276,819.83344,0.002794319,26.001259,246.1876,11.060846,4.356088
Grid_Cell_67,2002,0.19036546,0,665.95917,0.006160101,-0.007966837,2057.6426,743.7323,0.004030024,18.766499,263.77713,10.737543,4.1402206
Grid_Cell_67,2003,0.20612831,0,586.1496,0.006028873,-0.011660125,1927.9431,683.57196,0.010111596,21.720058,274.94406,9.683924,4.041616
Grid_Cell_67,2004,0.1636383,0,655.0412,0.006970607,-0.023594378,1650.6252,921.4996,0.005093787,19.742336,287.04178,11.115107,3.8546197
Grid_Cell_67,2005,0.17297314,0,627.5118,0.006209544,-0.009148049,2205.6658,805.5245,0.004406154,18.718006,251.11005,12.056421,4.207461
Grid_Cell_67,2006,0.22117859,0,648.7092,0.006020485,-0.013769466,2285.1294,812.02936,0.004884692,14.685598,250.58394,11.919519,4.044329
Grid_Cell_67,2007,0.15937671,0,574.6005,0.005412267,-0.014480304,2853.6646,597.1806,0.001556514,27.457325,200.73637,12.919001,4.340007
Grid_Cell_67,2008,0.16163021,0,585.4993,0.005832932,-0.021250758,2238.7576,581.7304,0.00242056,21.05914,215.41536,11.382105,4.1162543
Grid_Cell_67,2009,0.18711513,0,596.43475,0.005709379,0.003765644,2202.252,712.1423,0.002580507,19.216309,227.33395,11.62005,4.069927
Grid_Cell_67,2010,0.19393715,0,637.2312,0.005822636,-0.009587431,2425.379,753.9642,0.002512551,13.541291,239.67152,12.696985,4.3503795
Grid_Cell_67,2011,0.21415105,0,691.8457,0.005850953,-0.012038015,2151.2883,718.7108,0.006573569,14.125223,259.2452,10.214258,4.2171316
Grid_Cell_67,2012,0.23188283,0,649.0287,0.006033661,-0.019555386,2484.7388,629.82605,0.005877244,12.681523,217.44803,11.714075,4.615478
Grid_Cell_67,2013,0.16921866,0,560.42676,0.005863225,-0.020667331,2428.76,615.33,0.001980164,21.219826,198.5481,12.395685,4.4003983
Grid_Cell_67,2014,0.18100996,0,570.9237,0.005462725,-0.011395901,2850.0425,591.62726,0.001942339,18.064438,187.43076,11.891138,5.2004
Grid_Cell_67,2015,0.13878421,0,573.7956,0.006138253,-0.015102162,2700.8696,585.6073,0.001753918,24.50493,197.391,13.046228,5.3683553
Grid_Cell_67,2016,0.15551831,0,587.6137,0.006493522,-0.002784637,2300.602,619.90533,0.002132524,23.880527,219.02518,12.141779,4.719695
Grid_Cell_67,2017,0.13732664,0,530.20496,0.006449434,-0.002838153,2369.4512,502.20108,0.003396271,26.059307,215.22469,12.291193,4.938236
Grid_Cell_67,2018,0.15054119,263,474.08154,0.006037456,-0.04350817,2380.8186,552.57983,0.003270373,37.02207,197.32094,11.385401,4.897378
Grid_Cell_67,2019,0.13038716,70,504.5561,0.006204434,-0.038277857,2453.3076,424.6657,0.001524305,32.24433,200.97038,12.6523075,4.751487
Grid_Cell_67,2020,0.12269753,75,593.2093,0.006040914,-0.057838794,2863.476,598.1231,0.001877114,25.754946,195.59383,13.465509,5.314584
Grid_Cell_67,2021,0.15174668,161,746.91595,0.00641205,-0.030751266,2389.1362,905.00977,0.00391039,10.699695,255.01639,12.774408,4.9402833
Grid_Cell_67,2022,0.15660441,449,673.9433,0.005930876,-0.018563548,2746.808,705.79083,0.00311636,11.997993,229.53072,13.032953,5.3046536
Grid_Cell_67,2023,0.13966267,3063,694.8957,0.006478936,-0.010708434,2482.8936,805.7297,0.003530949,14.497582,241.18362,13.418543,5.15855
Grid_Cell_67,2024,0.13957666,13110,580.4198,0.00585421,0.02259887,3094.6287,532.3613,0.001698492,28.26348,190.86258,13.880945,5.326322
Grid_Cell_67,2025,0.13408211,16728,611.55524,0.006195711,-0.01089456,2720.622,640.1105,0.001705426,32.49535,189.28484,13.393396,4.8392234
Grid_Cell_68,2000,0.15120396,0,543.4557,0.006012221,0.3544158,2266.439,624.4699,0.002162627,29.327042,194.09651,11.105951,4.293966
Grid_Cell_68,2001,0.16969362,0,573.30945,0.006493988,0.22989935,1966.3317,796.0345,0.002515103,26.151869,237.42827,11.024988,4.3467045
Grid_Cell_68,2002,0.19407524,0,660.76544,0.006137162,0.18485658,2029.3223,721.94653,0.003599699,18.087803,262.80954,10.671381,4.132481
Grid_Cell_68,2003,0.20481533,0,581.4051,0.005995192,0.18631737,1932.6014,662.7603,0.009652387,21.426212,271.30756,9.674555,4.0547667
Grid_Cell_68,2004,0.16504017,0,641.17957,0.006952684,0.345407,1641.4879,872.7416,0.004234928,19.772945,283.82635,11.080896,3.8711839
Grid_Cell_68,2005,0.17439288,0,628.3153,0.006170599,0.20903915,2193.0461,784.9397,0.004373846,17.63355,249.51628,12.020655,4.2107143
Grid_Cell_68,2006,0.21830826,0,629.388,0.00597926,0.16664395,2283.9863,743.8468,0.005353904,14.897269,245.22961,11.883173,4.06224
Grid_Cell_68,2007,0.16120893,0,563.1806,0.005388756,0.27919143,2842.9077,565.57874,0.001279805,27.681623,196.46552,12.835688,4.3418565
Grid_Cell_68,2008,0.16446309,0,574.78595,0.005809756,0.21699658,2235.389,565.6404,0.002094433,21.555191,207.06148,11.318537,4.105838
Grid_Cell_68,2009,0.19039102,0,582.0913,0.005669817,0.20964535,2210.0369,681.0102,0.002052503,19.947056,216.6411,11.5464115,4.083146
Grid_Cell_68,2010,0.19558325,0,629.196,0.005775188,0.24202967,2426.358,731.83716,0.00228623,13.476548,234.20514,12.680872,4.3358593
Grid_Cell_68,2011,0.21630925,0,684.2879,0.005801662,0.32644972,2181.4055,700.51935,0.006229213,14.082556,251.31458,10.303034,4.223433
Grid_Cell_68,2012,0.23600136,0,636.5425,0.005969443,0.30117467,2511.8066,612.9993,0.004979344,12.695308,209.32217,11.737116,4.63252
Grid_Cell_68,2013,0.17710774,0,551.5718,0.005813982,0.03148174,2436.1206,601.17334,0.001814185,20.811863,192.37048,12.405634,4.401289
Grid_Cell_68,2014,0.18084821,0,560.5115,0.005405753,0.033135947,2880.959,576.18,0.001950733,18.043695,181.02821,11.9396305,5.2084823
Grid_Cell_68,2015,0.14162643,0,570.44543,0.006149992,0.046743102,2680.6055,587.9088,0.001759325,24.767649,193.66992,12.893915,5.4564033
Grid_Cell_68,2016,0.1566322,0,571.44293,0.006490978,0.030710353,2272.0146,597.79785,0.002007343,24.345903,212.95433,11.990625,4.7939095
Grid_Cell_68,2017,0.14154808,0,515.6433,0.0061209,0.038293075,2487.5293,462.48517,0.002785055,24.69271,200.85344,12.42193,4.873065
Grid_Cell_68,2018,0.15369543,263,428.70102,0.005741131,0.05363133,2744.656,477.6084,0.001900664,36.017414,160.75507,12.46142,4.8067274
Grid_Cell_68,2019,0.13026978,70,460.21777,0.006201338,0.05107851,2578.2002,392.06268,0.001267089,33.979595,172.61111,13.058466,4.7396717
Grid_Cell_68,2020,0.12569918,75,585.22406,0.006032967,0.049699903,2845.9785,597.94867,0.001881639,25.671001,190.9774,13.339136,5.3326163
Grid_Cell_68,2021,0.15593061,161,744.9784,0.006381601,0.031358216,2379.5222,905.0854,0.004051801,10.248684,252.98595,12.703699,4.9380574
Grid_Cell_68,2022,0.16073099,449,670.4938,0.005931506,0.053366456,2735.2954,704.8609,0.003123295,12.29311,228.14166,12.901636,5.315921
Grid_Cell_68,2023,0.14465725,3063,696.8775,0.006467052,0.045908723,2461.2673,804.6421,0.003602774,13.833686,240.58118,13.311853,5.1599197
Grid_Cell_68,2024,0.14274685,13110,578.07916,0.005844603,0.055607244,3063.5112,531.70593,0.001654723,28.138016,190.26494,13.7269535,5.311011
Grid_Cell_68,2025,0.13564129,16728,611.12726,0.006199365,0.060445387,2678.7827,639.806,0.001632884,32.22378,188.45395,13.2842655,4.793134
Grid_Cell_69,2000,0.17576213,0,487.45587,0.005544797,0.3171035,2397.158,553.39594,0.001477581,30.18548,183.5183,10.62475,4.1752095
Grid_Cell_69,2001,0.18515997,0,496.70508,0.006053608,0.292466,2021.0662,671.0051,0.001410901,29.292143,216.39098,10.25564,4.264342
Grid_Cell_69,2002,0.21709163,0,611.5909,0.005722594,0.288515,2025.3754,641.4563,0.003182312,19.989153,258.83957,9.811365,4.081762
Grid_Cell_69,2003,0.23873077,0,523.8854,0.005637236,0.1617991,2008.1945,581.3003,0.010372579,24.055109,256.59894,8.964594,4.1333966
Grid_Cell_69,2004,0.18699586,0,572.9614,0.006563459,0.19558683,1694.0007,709.0743,0.002347749,22.283997,273.69708,10.322382,4.012987
Grid_Cell_69,2005,0.20851271,0,571.12494,0.005855688,0.28342918,2179.7424,683.465,0.00291036,19.299059,251.9278,11.146326,4.2521186
Grid_Cell_69,2006,0.2453702,0,544.7236,0.005643681,0.33917028,2384.5115,543.3739,0.003090069,19.805992,234.87119,11.06753,4.249329
Grid_Cell_69,2007,0.18697548,0,485.07498,0.005134044,0.1893985,2829.1475,460.1113,0.000897,31.736233,191.40446,11.906397,4.400281
Grid_Cell_69,2008,0.19012623,0,519.3233,0.005531112,0.3891932,2258.0535,508.72803,0.001826892,26.290512,201.54115,10.4500065,4.0997243
Grid_Cell_69,2009,0.2215756,0,514.7825,0.005340639,0.29840985,2247.3972,579.25903,0.001367113,24.261642,207.18546,10.599756,4.149756
Grid_Cell_69,2010,0.21392019,0,569.391,0.005443503,0.3124288,2454.7861,622.14264,0.002126212,16.373919,237.933,11.874048,4.3658934
Grid_Cell_69,2011,0.22871514,0,587.94,0.005532391,0.29207695,2276.1633,575.08704,0.003255322,21.162891,227.4812,9.696833,4.3729534
Grid_Cell_69,2012,0.25827417,0,520.5292,0.005694037,0.25438374,2606.5056,491.30997,0.00663527,22.31996,193.29024,10.889124,4.819235
Grid_Cell_69,2013,0.20782594,0,474.04617,0.005517424,0.040592838,2514.6155,493.79437,0.00108013,26.58838,177.26065,11.566462,4.5874877
Grid_Cell_69,2014,0.19092369,0,451.8613,0.005124759,0.058645137,2946.13,444.09277,0.001074658,28.328459,160.94797,11.047907,5.3167353
Grid_Cell_69,2015,0.1681027,0,474.38373,0.005324246,0.062141117,2751.5007,514.957,0.001312298,32.073055,172.68883,11.75979,4.9947934
Grid_Cell_69,2016,0.20344757,0,505.24533,0.005764298,0.06306744,2321.2622,548.0737,0.00154389,23.82745,209.58757,10.9916935,4.5124545
Grid_Cell_69,2017,0.17908962,0,468.3231,0.005580561,0.06594954,2544.7903,427.71564,0.007285644,24.953419,201.87732,11.532557,4.8052225
Grid_Cell_69,2018,0.18513906,263,441.4029,0.00541998,0.064444266,2888.0198,477.26605,0.001101103,30.614725,166.58093,12.043268,5.01957
Grid_Cell_69,2019,0.151718,70,453.2723,0.005661252,0.07527207,2671.6965,362.82275,0.000905,32.716362,170.74124,12.327112,4.76998
Grid_Cell_69,2020,0.15665716,75,496.19946,0.005263947,0.088132165,3042.4883,508.72372,0.001277835,32.075214,177.17363,12.26333,5.324078
Grid_Cell_69,2021,0.16898763,161,653.9463,0.005698272,0.059206776,2611.923,754.8908,0.002245469,17.367329,221.9061,12.028986,4.9563107
Grid_Cell_69,2022,0.16890667,449,568.28796,0.005314804,0.079151616,2959.1626,581.2031,0.001860373,22.404226,208.86046,12.183344,5.350476
Grid_Cell_69,2023,0.16706692,3063,623.5271,0.005903665,0.06271791,2677.3142,679.63214,0.002006459,21.049788,222.16922,12.701868,5.2099195
Grid_Cell_69,2024,0.15306039,13110,499.02875,0.005134819,0.08897668,3275.5442,453.82996,0.00117651,35.733776,183.19916,12.882807,5.304346
Grid_Cell_69,2025,0.15254286,16728,571.1665,0.005594488,0.07715156,2832.1055,600.51483,0.001375532,35.806168,183.05945,12.527826,4.727032
Grid_Cell_7,2000,0.13544048,0,376.3397,0.006094934,0.17174017,2738.8403,401.26895,0.000587,41.458755,189.23564,12.882898,4.5100574
Grid_Cell_7,2001,0.14246845,0,387.42636,0.00668579,0.15914564,2405.8098,486.71387,0.000868,43.70183,207.4953,12.718256,4.5145473
Grid_Cell_7,2002,0.17581458,0,502.84677,0.00627318,0.21030721,2278.3625,544.8114,0.001560055,33.386772,246.89285,11.846521,4.0650153
Grid_Cell_7,2003,0.1923081,0,453.33008,0.005658352,0.16370907,2249.972,529.3804,0.00618699,28.733099,250.73877,11.235071,3.7717872
Grid_Cell_7,2004,0.14286882,0,496.3703,0.006450238,0.14950939,2305.963,563.7254,0.001397838,34.134506,253.20659,12.455011,4.141334
Grid_Cell_7,2005,0.14462657,0,497.2951,0.006198356,0.1735112,2416.5115,576.5796,0.001742274,28.742195,257.90048,13.395044,4.1587963
Grid_Cell_7,2006,0.1835677,0,456.07828,0.006077544,0.17482464,2616.1436,511.13266,0.005368969,31.893116,253.05232,13.081903,4.304946
Grid_Cell_7,2007,0.13947287,0,447.34628,0.005771113,0.20781648,2907.889,456.56894,0.000953,37.13909,232.48372,13.768122,4.37487
Grid_Cell_7,2008,0.14638367,0,490.0276,0.006014131,0.18252252,2369.8477,471.3932,0.002403391,28.281345,241.70114,12.736139,3.9607897
Grid_Cell_7,2009,0.15835524,0,509.06064,0.005965958,0.17493238,2395.3474,603.78156,0.002300034,26.54344,246.45392,12.931757,4.153831
Grid_Cell_7,2010,0.14930986,0,462.56494,0.006235078,0.20989488,2594.3547,527.8738,0.002614702,30.76969,252.23367,13.98852,4.186955
Grid_Cell_7,2011,0.15507999,0,518.50574,0.005891422,0.28900114,2627.3853,533.27374,0.001900617,29.251442,253.42636,12.137354,4.509255
Grid_Cell_7,2012,0.17913565,0,453.99878,0.006203757,0.20138553,2938.487,478.1894,0.007208938,35.673393,233.87262,13.408594,4.947138
Grid_Cell_7,2013,0.16468534,0,423.2203,0.005877561,0.052030805,2809.0066,393.90518,0.001004767,34.40932,216.04272,13.52215,4.7222476
Grid_Cell_7,2014,0.13974003,0,376.93088,0.005750435,0.057816893,3227.4412,375.1866,0.000806,40.488724,189.51328,13.41305,5.400297
Grid_Cell_7,2015,0.13609691,0,372.7827,0.005652599,0.074655905,3176.6643,362.45663,0.000559,40.496845,188.34831,13.955194,5.1718826
Grid_Cell_7,2016,0.14746182,0,396.1424,0.006138137,0.058654536,2789.9153,419.63022,0.001489863,38.836147,208.15456,13.298609,4.7454805
Grid_Cell_7,2017,0.13461448,0,263.47623,0.005862852,0.06064566,3166.3179,223.6248,0.000665,46.497448,182.26123,13.920649,5.0656676
Grid_Cell_7,2018,0.13461894,263,270.56418,0.005745864,0.08265089,3391.529,275.49396,0.000488,49.660976,161.01949,14.422754,5.279707
Grid_Cell_7,2019,0.12529722,70,275.001,0.005937848,0.06263048,3189.3672,218.72267,0.000381,51.49691,158.21432,14.594751,4.8989525
Grid_Cell_7,2020,0.12277415,75,343.7421,0.00567058,0.06967461,3513.4497,362.32904,0.000951,48.05267,163.56592,14.669977,5.5008197
Grid_Cell_7,2021,0.13011688,161,393.69763,0.006070598,0.07228356,3178.4663,410.27255,0.000514,41.564556,173.85938,14.418482,5.128331
Grid_Cell_7,2022,0.13452934,449,427.5381,0.005863821,0.06630083,3393.1965,461.63306,0.001028822,37.472454,195.02724,14.557123,5.5032496
Grid_Cell_7,2023,0.12954403,3063,432.48593,0.006147806,0.056905083,3218.778,450.7229,0.000654,39.309605,188.64317,14.99798,5.3330703
Grid_Cell_7,2024,0.12758479,13110,366.2974,0.005718835,0.07809924,3461.5432,373.65552,0.000884,49.03568,188.70512,14.748255,5.3698483
Grid_Cell_7,2025,0.13892414,16728,451.39786,0.005986922,0.06303287,3209.4653,440.7289,0.000575,45.48045,182.31694,14.48205,5.0663347
Grid_Cell_70,2000,0.16987522,0,474.7693,0.005462269,0.24472444,2479.9497,530.0623,0.001299303,32.661255,180.07515,10.711664,4.1581273
Grid_Cell_70,2001,0.18018836,0,480.3474,0.0059852,0.25144964,2117.8904,639.8439,0.001169127,34.982742,207.52148,10.260492,4.2512937
Grid_Cell_70,2002,0.213655,0,599.1633,0.005651943,0.21009816,2112.0166,629.69617,0.002972284,25.32376,254.22571,9.794153,4.0704947
Grid_Cell_70,2003,0.24155971,0,509.8573,0.005580274,0.19784117,2071.6084,563.19946,0.010296983,26.80201,252.21187,8.961969,4.139219
Grid_Cell_70,2004,0.18397854,0,571.82513,0.006492182,0.20249298,1782.593,687.278,0.002151411,26.236181,270.31866,10.322901,4.049292
Grid_Cell_70,2005,0.20544687,0,549.36835,0.005810907,0.31026083,2232.9082,650.27014,0.002565849,22.922459,250.87679,11.118189,4.241194
Grid_Cell_70,2006,0.24707372,0,530.58203,0.005596027,0.117408656,2472.28,522.83014,0.002685634,24.383512,229.73267,11.052668,4.2639184
Grid_Cell_70,2007,0.18626444,0,466.37158,0.005092777,0.3585682,2877.718,438.63983,0.000813,34.621685,189.52774,11.921991,4.3844247
Grid_Cell_70,2008,0.18543214,0,507.6923,0.005479008,0.21699409,2325.5706,495.20242,0.00161736,30.214657,198.68622,10.481043,4.05997
Grid_Cell_70,2009,0.21672028,0,501.11182,0.00528855,0.38552028,2315.6807,559.11707,0.001264182,28.139946,203.90796,10.591181,4.1258173
Grid_Cell_70,2010,0.21120282,0,546.67426,0.005390171,0.18486172,2532.8567,581.82086,0.002172836,20.812847,233.75322,11.888941,4.3397975
Grid_Cell_70,2011,0.20531897,0,549.13666,0.005480467,0.3538483,2369.8232,525.1921,0.002027113,27.570618,213.93764,9.733118,4.4131246
Grid_Cell_70,2012,0.24588121,0,467.99612,0.005641975,0.1898674,2709.4832,428.64297,0.006079071,29.715923,177.73672,10.921015,4.8504505
Grid_Cell_70,2013,0.1993951,0,412.67627,0.005471437,0.06140966,2616.1956,411.28668,0.000752,33.72255,159.76291,11.587091,4.645501
Grid_Cell_70,2014,0.17754345,0,374.9491,0.00506901,0.062188447,3031.751,376.31198,0.000607,37.471447,141.4042,11.038202,5.312318
Grid_Cell_70,2015,0.16023459,0,393.58786,0.005284633,0.076227345,2854.0386,421.13626,0.000714,41.184864,148.20943,11.819605,5.02791
Grid_Cell_70,2016,0.19873579,0,462.47675,0.005719868,0.05901046,2428.9797,504.1807,0.001267807,29.903515,191.33469,11.084375,4.5721197
Grid_Cell_70,2017,0.17378005,0,441.8836,0.00553777,0.074056126,2638.1438,406.46558,0.004472548,30.33299,188.11047,11.600672,4.8391266
Grid_Cell_70,2018,0.18124384,263,419.28558,0.005371572,0.06131336,2953.7063,461.9916,0.00110373,35.28044,161.9169,12.061426,4.9962134
Grid_Cell_70,2019,0.14697637,70,432.559,0.005621129,0.077889755,2742.1824,344.13876,0.000837,37.30682,166.98383,12.371729,4.7550144
Grid_Cell_70,2020,0.15089616,75,412.55585,0.005216349,0.058718786,3130.1292,421.9674,0.00089,41.750095,156.56088,12.273584,5.2946043
Grid_Cell_70,2021,0.1609963,161,543.6513,0.005642272,0.07577131,2733.7546,631.4177,0.001533555,28.565786,186.08076,12.121485,4.9697013
Grid_Cell_70,2022,0.16389991,449,512.58484,0.005282489,0.067372195,3042.7146,530.6429,0.001508723,30.037123,191.326,12.239679,5.3611264
Grid_Cell_70,2023,0.16081129,3063,549.27277,0.005867706,0.080537155,2784.5474,585.36755,0.001299089,30.11399,199.78903,12.763788,5.2347484
Grid_Cell_70,2024,0.14665373,13110,445.24487,0.005112784,0.16207418,3328.065,417.10806,0.000935,43.089695,173.92604,12.878687,5.2765465
Grid_Cell_70,2025,0.14639898,16728,530.5185,0.005565886,0.08249615,2887.2478,549.0497,0.001022785,40.73085,174.25081,12.582117,4.742901
Grid_Cell_71,2000,0.16090105,0,461.29944,0.005452481,0.26061788,2569.4622,509.53857,0.001201175,34.00853,181.3225,11.088434,4.1420355
Grid_Cell_71,2001,0.17541339,0,460.25076,0.005993845,0.22124858,2197.0894,614.12683,0.001120658,37.415363,206.69522,10.571558,4.2380404
Grid_Cell_71,2002,0.20938246,0,582.1695,0.005651317,0.2441817,2168.3918,613.9131,0.002790856,26.754982,254.23364,10.078028,4.0526867
Grid_Cell_71,2003,0.23804468,0,494.2664,0.005585431,0.16425924,2116.001,545.88495,0.009994144,27.203712,253.43918,9.231867,4.126445
Grid_Cell_71,2004,0.17624258,0,564.204,0.006485266,0.21068163,1850.944,667.85236,0.002070475,27.052975,268.71597,10.604731,4.0759654
Grid_Cell_71,2005,0.19730929,0,530.2621,0.005824476,0.20205949,2274.5369,620.5291,0.002259743,24.457321,253.50842,11.393732,4.2080774
Grid_Cell_71,2006,0.23660904,0,512.8679,0.005605479,0.19915013,2530.9001,505.47995,0.003785356,25.83431,233.25394,11.340662,4.2536445
Grid_Cell_71,2007,0.18073171,0,449.33243,0.005100421,0.20476799,2933.3347,420.28955,0.000765,35.633286,192.21971,12.24975,4.348945
Grid_Cell_71,2008,0.1773269,0,495.53238,0.005477741,0.19313093,2378.7734,483.25043,0.00148137,31.092035,202.21954,10.827814,4.0000315
Grid_Cell_71,2009,0.20767057,0,487.6464,0.005288978,0.25457793,2370.197,542.29395,0.001096534,29.18733,208.4931,10.896997,4.0854063
Grid_Cell_71,2010,0.20536996,0,526.2396,0.005388568,0.24086086,2598.1357,567.2754,0.002259637,22.52124,238.36095,12.207575,4.293154
Grid_Cell_71,2011,0.19543946,0,547.6776,0.00547932,0.2703499,2435.4578,525.27203,0.001971983,27.922049,222.28226,10.0533085,4.41333
Grid_Cell_71,2012,0.24363402,0,466.50226,0.00564692,0.18558586,2767.5984,428.4523,0.005867995,29.57362,186.542,11.234156,4.838292
Grid_Cell_71,2013,0.19310175,0,413.9172,0.005479109,0.0589112,2680.8906,411.15814,0.000764,33.378872,167.33348,11.899073,4.6533093
Grid_Cell_71,2014,0.1721839,0,376.34985,0.005069783,0.061937533,3085.1536,375.68448,0.000655,37.214405,148.0678,11.334711,5.273345
Grid_Cell_71,2015,0.1563177,0,393.35782,0.005230226,0.0547506,2930.923,403.11108,0.000633,41.14523,151.85703,12.11236,4.9802046
Grid_Cell_71,2016,0.18726826,0,400.1727,0.005662512,0.05035971,2537.9314,414.0403,0.000954,34.821873,175.11475,11.401697,4.552209
Grid_Cell_71,2017,0.16308326,0,381.3161,0.005487636,0.05082717,2724.6277,344.11823,0.001610836,35.10482,167.35475,11.894861,4.7895374
Grid_Cell_71,2018,0.17203985,263,370.59808,0.005315953,0.058019944,3008.3013,411.56317,0.000999,38.94334,152.637,12.313623,4.887001
Grid_Cell_71,2019,0.14049256,70,370.00644,0.005572136,0.05409739,2823.2578,291.8959,0.000631,41.842068,157.17789,12.670465,4.6556306
Grid_Cell_71,2020,0.14376198,75,411.88486,0.005184392,0.066456944,3171.6301,416.36783,0.000922,41.41541,164.87988,12.599054,5.130499
Grid_Cell_71,2021,0.15799828,161,542.71063,0.005603228,0.040769063,2768.7117,629.50934,0.001502637,28.120464,194.52217,12.462793,4.827852
Grid_Cell_71,2022,0.15952842,449,513.9726,0.0052604,0.061238166,3085.3152,530.0478,0.001484209,29.736822,197.66924,12.573603,5.2294483
Grid_Cell_71,2023,0.15730968,3063,545.9896,0.005843733,0.05939511,2835.089,583.929,0.001337206,30.037504,207.14478,13.085138,5.102762
Grid_Cell_71,2024,0.14347616,13110,444.17218,0.005090583,0.070201345,3343.0554,416.34314,0.000999,42.386566,180.0581,13.151575,5.1204762
Grid_Cell_71,2025,0.1447663,16728,532.51013,0.005546514,0.05824194,2912.1455,549.65643,0.001044253,39.734913,184.00508,12.884821,4.60795
Grid_Cell_72,2000,0.15656517,0,454.31345,0.005396368,0.31242347,2642.0083,492.955,0.001083724,34.6357,173.8955,11.301294,4.1169586
Grid_Cell_72,2001,0.17280777,0,449.13757,0.005947173,0.17080292,2269.3435,594.40283,0.001074051,39.0135,195.52878,10.756098,4.2109513
Grid_Cell_72,2002,0.2083285,0,560.4539,0.00559506,0.25904685,2228.0242,592.45123,0.002484668,28.793388,244.88055,10.235559,4.0229607
Grid_Cell_72,2003,0.2371448,0,482.25568,0.00555114,0.18753791,2155.7559,529.3836,0.009458661,27.78674,245.32912,9.368982,4.1138763
Grid_Cell_72,2004,0.17268544,0,560.5765,0.006426782,0.17186768,1919.0272,649.58887,0.001925372,27.643536,263.87888,10.757502,4.1064982
Grid_Cell_72,2005,0.19393443,0,526.76074,0.005784716,0.19821008,2303.1252,597.0845,0.002011938,24.82396,250.0426,11.531031,4.1710567
Grid_Cell_72,2006,0.23241434,0,509.6225,0.005553503,0.2298555,2569.092,493.7976,0.003900623,26.032032,227.41003,11.468592,4.2289867
Grid_Cell_72,2007,0.17851266,0,439.51846,0.005055397,0.21434197,2972.5564,408.0467,0.000687,36.232517,187.00812,12.410028,4.301651
Grid_Cell_72,2008,0.17432612,0,489.1164,0.005415152,0.17062344,2421.2004,473.5979,0.001204525,31.484886,194.22227,11.013361,3.9400249
Grid_Cell_72,2009,0.2035703,0,480.54538,0.005232016,0.21257746,2413.9368,532.2672,0.000955,29.752901,200.25764,11.0481205,4.040064
Grid_Cell_72,2010,0.20376158,0,516.74854,0.005326476,0.19815603,2644.6401,554.3575,0.002310582,23.45292,230.32079,12.341547,4.2373657
Grid_Cell_72,2011,0.19233777,0,549.5179,0.005398916,0.2002984,2495.4783,525.3023,0.001789664,27.901285,215.64827,10.171167,4.4004536
Grid_Cell_72,2012,0.2432572,0,467.03864,0.005576834,0.24829157,2813.2249,428.6354,0.00542404,29.504417,181.54927,11.33465,4.807179
Grid_Cell_72,2013,0.19237109,0,414.28763,0.005408551,0.049711477,2733.9358,411.22836,0.00074,33.097054,164.25514,12.007166,4.64533
Grid_Cell_72,2014,0.17159301,0,373.287,0.005003003,0.060144607,3126.4055,374.7881,0.000628,37.230602,144.8739,11.428095,5.222181
Grid_Cell_72,2015,0.1557141,0,392.13525,0.005171174,0.05753159,2973.2566,395.99496,0.000597,41.127083,148.64091,12.312616,4.886403
Grid_Cell_72,2016,0.1854738,0,363.88367,0.005610797,0.051096108,2600.728,370.36276,0.000912,37.705173,162.78284,11.621088,4.4816484
Grid_Cell_72,2017,0.16177417,0,348.42148,0.005442623,0.05328231,2765.1313,315.10837,0.001056315,37.68913,152.67389,12.104059,4.6957703
Grid_Cell_72,2018,0.17227407,263,362.88474,0.005262836,0.06776471,3023.401,405.3726,0.001078634,39.423836,146.76608,12.511164,4.7518644
Grid_Cell_72,2019,0.13916174,70,344.69775,0.005520779,0.06890996,2888.7002,266.74057,0.000541,43.936577,150.32503,12.9057255,4.576384
Grid_Cell_72,2020,0.14023596,75,410.9909,0.005139125,0.063273884,3238.0327,408.64325,0.000876,41.140263,161.76039,12.865931,5.061544
Grid_Cell_72,2021,0.15739079,161,542.54645,0.005578423,0.04846141,2790.162,627.6658,0.001447411,27.835567,191.65544,12.708612,4.73542
Grid_Cell_72,2022,0.1563416,449,514.39276,0.005238684,0.062652625,3146.5378,529.43976,0.001463264,29.886343,193.99356,12.837397,5.169482
Grid_Cell_72,2023,0.15531856,3063,545.9432,0.005822162,0.05731512,2879.812,583.5467,0.001332178,30.114912,202.78847,13.325129,5.032865
Grid_Cell_72,2024,0.1422107,13110,441.97577,0.005067451,0.06320672,3383.1614,416.0625,0.001,42.10111,178.13928,13.360926,5.0507746
Grid_Cell_72,2025,0.14345165,16728,532.16565,0.00551796,0.053151634,2949.9824,550.57135,0.001015165,39.429,181.75674,13.116938,4.5535407
Grid_Cell_73,2000,0.14763372,0,468.35434,0.005382504,0.29112554,2733.9746,479.57025,0.000888,33.811802,151.55853,11.683008,4.1076317
Grid_Cell_73,2001,0.17030226,0,462.34378,0.005946814,0.18991463,2348.5266,579.45026,0.000935,38.0399,164.23573,11.109674,4.196328
Grid_Cell_73,2002,0.20318079,0,539.15955,0.005582515,0.28432935,2304.7073,566.40704,0.002308216,30.578074,212.3198,10.565363,4.0018306
Grid_Cell_73,2003,0.22576095,0,470.39514,0.005556418,0.17007844,2216.7988,512.1803,0.011369856,29.029736,206.8713,9.688135,4.089972
Grid_Cell_73,2004,0.16650546,0,538.5626,0.006404607,0.22137874,2018.6625,631.0453,0.001555929,29.383347,234.15219,11.098139,4.134606
Grid_Cell_73,2005,0.18854845,0,504.9955,0.005789092,0.20047927,2375.8425,576.6098,0.001634839,26.21939,221.89552,11.86828,4.1332827
Grid_Cell_73,2006,0.22290568,0,501.8217,0.005543598,0.22481908,2645.8982,484.839,0.007586452,26.532047,196.66522,11.800318,4.204843
Grid_Cell_73,2007,0.16996253,0,428.5446,0.005051061,0.19194713,3054.582,399.25223,0.000567,36.90922,162.5992,12.755762,4.260589
Grid_Cell_73,2008,0.16507564,0,480.56677,0.005393062,0.22589715,2503.4685,464.52914,0.001605758,31.880022,157.51096,11.390833,3.8955576
Grid_Cell_73,2009,0.19556044,0,481.5595,0.005214728,0.19487844,2491.4795,526.60693,0.000889,29.37382,168.68576,11.400568,4.006674
Grid_Cell_73,2010,0.19683166,0,497.4025,0.00531177,0.1865519,2731.8005,540.8726,0.004080113,24.920477,195.38274,12.672693,4.186715
Grid_Cell_73,2011,0.18737106,0,553.66943,0.005369621,0.22398576,2575.7988,525.1424,0.001578288,27.317936,176.83894,10.474451,4.359734
Grid_Cell_73,2012,0.23797873,0,451.3385,0.005552593,0.19568555,2892.296,428.42432,0.007256124,30.56659,149.26152,11.644953,4.759467
Grid_Cell_73,2013,0.19063513,0,413.16873,0.005385832,0.063457675,2814.992,411.22403,0.000647,32.677124,142.96228,12.321619,4.6113915
Grid_Cell_73,2014,0.16834123,0,359.83557,0.004982897,0.06591695,3204.6692,375.18768,0.000707,37.776527,123.79831,11.741297,5.1646805
Grid_Cell_73,2015,0.15362777,0,388.48053,0.005144034,0.06770475,3036.4119,390.57553,0.000522,40.75679,129.13698,12.595484,4.788081
Grid_Cell_73,2016,0.17900622,0,356.3228,0.005593847,0.05146154,2664.8967,366.46167,0.000803,38.431786,137.71614,11.90954,4.396334
Grid_Cell_73,2017,0.1599815,0,335.59973,0.005422459,0.060838033,2840.0977,311.6448,0.001605339,38.120457,127.74528,12.451929,4.6149826
Grid_Cell_73,2018,0.16509794,263,338.24887,0.005217661,0.07216862,3112.707,375.4512,0.000837,41.06957,121.63805,12.952356,4.688097
Grid_Cell_73,2019,0.13731147,70,323.90665,0.005495235,0.058011517,2970.372,264.62482,0.000577,45.084835,128.94363,13.3024235,4.5100827
Grid_Cell_73,2020,0.13598318,75,397.01187,0.005098176,0.059960537,3341.912,403.09857,0.000749,41.350834,138.83386,13.281549,5.0219946
Grid_Cell_73,2021,0.15628794,161,562.5156,0.005574395,0.049964756,2838.746,624.3534,0.001183332,25.905851,168.64397,13.069208,4.6808314
Grid_Cell_73,2022,0.14985517,449,520.2928,0.005240006,0.064891286,3222.6987,528.0994,0.001239651,29.608162,169.83592,13.241938,5.1151333
Grid_Cell_73,2023,0.15266451,3063,546.9022,0.005820511,0.053479914,2951.953,582.5315,0.001091524,29.74896,173.22147,13.715357,4.990365
Grid_Cell_73,2024,0.14073166,13110,429.38657,0.005051405,0.06885396,3461.4792,415.64893,0.00088,42.27547,162.38951,13.750483,5.0105023
Grid_Cell_73,2025,0.14267677,16728,524.29425,0.005513889,0.04836397,3013.5188,550.27106,0.000839,38.883957,150.12895,13.493769,4.527683
Grid_Cell_74,2000,0.14560403,0,447.85434,0.005331804,0.2681448,2769.6052,467.24136,0.001275436,33.113583,187.86273,11.85467,4.099193
Grid_Cell_74,2001,0.16895497,0,446.9959,0.005907375,0.20530716,2366.0947,566.3574,0.001418699,36.15159,203.2631,11.276239,4.173965
Grid_Cell_74,2002,0.20004939,0,508.3569,0.005525639,0.24638978,2325.5183,539.0237,0.002526199,30.436592,250.51622,10.719385,3.9697757
Grid_Cell_74,2003,0.2202012,0,457.1122,0.005533359,0.13507389,2220.6277,494.36996,0.008872911,28.162333,244.83588,9.830835,4.0726776
Grid_Cell_74,2004,0.16419068,0,521.4451,0.006337988,0.22244269,2058.136,611.527,0.002291619,27.72598,277.90372,11.259394,4.1649
Grid_Cell_74,2005,0.18543263,0,531.2082,0.005748801,0.21396379,2352.1826,556.1471,0.002559661,22.261435,287.91165,12.046289,4.116536
Grid_Cell_74,2006,0.21915743,0,523.31036,0.005492126,0.18311742,2652.36,476.04456,0.006338932,23.930313,254.3373,11.963343,4.197377
Grid_Cell_74,2007,0.16463293,0,428.2184,0.005015037,0.21155839,3063.5354,390.76993,0.000958,36.6403,207.75812,12.904261,4.2415824
Grid_Cell_74,2008,0.16193505,0,469.3235,0.005335501,0.20482396,2503.618,454.82602,0.001760878,30.332045,196.40675,11.578791,3.8795056
Grid_Cell_74,2009,0.192194,0,475.4683,0.005157352,0.20559157,2491.3333,521.8215,0.001232849,27.237926,212.56766,11.580713,4.0025983
Grid_Cell_74,2010,0.19579321,0,496.2005,0.005273075,0.19638273,2723.1394,528.4202,0.00399112,22.8396,244.51503,12.865717,4.1538386
Grid_Cell_74,2011,0.18429661,0,532.49384,0.00531146,0.25262457,2594.9937,499.94498,0.002115349,25.478857,220.0968,10.728571,4.335727
Grid_Cell_74,2012,0.23694365,0,431.29028,0.005503139,0.19593637,2898.5745,405.52948,0.006998388,28.549984,192.10007,11.895105,4.737814
Grid_Cell_74,2013,0.18761887,0,373.67746,0.005334849,0.051680245,2867.7244,378.80353,0.000904,33.85439,174.69713,12.574945,4.6038914
Grid_Cell_74,2014,0.15597893,0,324.4202,0.004936372,0.0558185,3254.1956,326.93652,0.000704,38.752754,154.29248,12.011011,5.149715
Grid_Cell_74,2015,0.15158267,0,363.16858,0.00511601,0.051469717,3078.1956,364.3164,0.000782,40.74577,160.48276,12.8883,4.7754784
Grid_Cell_74,2016,0.17166476,0,330.8689,0.005569028,0.039051715,2717.0647,347.04788,0.001153156,39.05958,167.72314,12.230616,4.3961635
Grid_Cell_74,2017,0.15595192,0,304.54865,0.005380311,0.04874008,2919.9097,284.9256,0.001246271,39.106342,159.0285,12.772974,4.6153593
Grid_Cell_74,2018,0.15640438,263,310.31033,0.005150343,0.06920456,3199.405,345.66696,0.001285089,41.46415,153.25769,13.330042,4.730597
Grid_Cell_74,2019,0.13284415,70,311.8225,0.005442858,0.053470958,3032.0574,261.5112,0.000955,44.506004,163.22932,13.638178,4.5054593
Grid_Cell_74,2020,0.12976985,75,351.64548,0.005044146,0.05563959,3439.5862,359.50824,0.000985,42.355175,163.99078,13.669703,5.056831
Grid_Cell_74,2021,0.14946146,161,480.6441,0.005531129,0.05051338,2966.2412,536.8194,0.001449877,30.526653,186.86183,13.4500065,4.726208
Grid_Cell_74,2022,0.14297786,449,491.45786,0.005242873,0.058563802,3294.017,502.7033,0.001679329,30.035542,198.82324,13.576471,5.1440716
Grid_Cell_74,2023,0.1427866,3063,516.6892,0.005787319,0.04787075,3042.7766,531.22504,0.001314945,30.684675,203.32945,14.089838,5.017488
Grid_Cell_74,2024,0.1368771,13110,410.21042,0.005037298,0.06460412,3535.6384,404.0579,0.001423545,41.859882,195.99237,14.069941,5.0550113
Grid_Cell_74,2025,0.1359557,16728,471.3839,0.005490516,0.051492292,3093.136,484.16855,0.000931,41.653793,181.13934,13.823847,4.559938
Grid_Cell_75,2000,0.14492613,0,434.4071,0.005260789,0.25937325,2823.969,454.08286,0.00081,33.729015,153.91685,11.877222,4.0943756
Grid_Cell_75,2001,0.16781698,0,435.7488,0.00584666,0.16933638,2404.239,552.9157,0.000939,36.250317,173.88168,11.31698,4.1409855
Grid_Cell_75,2002,0.19923235,0,494.59448,0.005441399,0.21094148,2369.7534,513.9126,0.00212914,31.044136,217.46547,10.758234,3.9275837
Grid_Cell_75,2003,0.21744189,0,437.3385,0.005498123,0.10854307,2249.739,477.70023,0.010316107,29.917305,212.42386,9.858301,4.056719
Grid_Cell_75,2004,0.16289835,0,499.47977,0.006246044,0.18725725,2140.057,591.2074,0.001435458,29.461803,238.12744,11.302057,4.196184
Grid_Cell_75,2005,0.18316972,0,479.86172,0.005684606,0.20290591,2428.959,539.11005,0.001491075,25.639912,235.49457,12.118311,4.1257143
Grid_Cell_75,2006,0.21607906,0,489.87793,0.005422777,0.19467816,2717.2383,467.14212,0.006829017,25.853395,210.2968,12.005762,4.2100825
Grid_Cell_75,2007,0.16465746,0,412.78305,0.004968705,0.18568687,3097.4822,383.38702,0.000626,36.643505,172.60599,12.914301,4.25237
Grid_Cell_75,2008,0.16245252,0,460.6112,0.005266761,0.20973825,2546.2456,445.64957,0.001816428,29.290253,167.67752,11.633234,3.8931668
Grid_Cell_75,2009,0.18947949,0,467.6599,0.00508291,0.2155298,2547.9246,516.7152,0.001010497,26.086634,182.55008,11.644617,4.0337625
Grid_Cell_75,2010,0.19485256,0,467.4779,0.005229554,0.19127077,2779.8599,516.8275,0.004194801,24.061596,209.0478,12.938623,4.1673317
Grid_Cell_75,2011,0.18218298,0,522.1777,0.005259874,0.2954101,2660.898,491.40543,0.002064822,25.320688,195.59166,10.874445,4.3790836
Grid_Cell_75,2012,0.23317537,0,421.93716,0.005463002,0.21098384,2959.1196,398.0935,0.008973251,28.661995,167.31464,11.998407,4.786209
Grid_Cell_75,2013,0.18629788,0,369.0637,0.005291311,0.05941153,2954.1885,368.42902,0.00056,34.060577,143.31999,12.692652,4.668789
Grid_Cell_75,2014,0.15064219,0,315.7737,0.004890229,0.06357631,3345.4438,311.95367,0.000452,39.458607,120.11207,12.150354,5.2139616
Grid_Cell_75,2015,0.15020356,0,357.14218,0.005101708,0.0632255,3156.5212,358.4315,0.000485,41.380512,126.98968,12.934229,4.849314
Grid_Cell_75,2016,0.17212111,0,338.60425,0.005547426,0.04933121,2783.0525,358.9654,0.00074,38.577324,137.48572,12.3276615,4.49227
Grid_Cell_75,2017,0.15741575,0,317.03885,0.00534878,0.049838744,3015.907,296.83908,0.001573127,38.231796,130.98746,12.866175,4.722243
Grid_Cell_75,2018,0.15276434,263,311.35037,0.0051201,0.07525524,3292.7388,348.52896,0.00081,41.47017,123.13021,13.433985,4.8663507
Grid_Cell_75,2019,0.13146164,70,323.08585,0.005408872,0.0674732,3097.5635,264.978,0.000584,43.662735,137.55107,13.745203,4.5958705
Grid_Cell_75,2020,0.12701458,75,343.87674,0.005011044,0.06340965,3540.4866,349.00702,0.000597,42.925514,131.9826,13.816248,5.189686
Grid_Cell_75,2021,0.147389,161,464.10498,0.005465629,0.04675038,3100.2048,517.5781,0.000866,31.64637,153.36024,13.620996,4.842201
Grid_Cell_75,2022,0.14337558,449,486.3916,0.005232095,0.058248404,3373.4526,495.59256,0.000933,30.493254,167.34424,13.671137,5.242907
Grid_Cell_75,2023,0.14038767,3063,512.28064,0.00572886,0.05292774,3149.079,533.0243,0.001074754,31.12939,170.86151,14.25091,5.1187897
Grid_Cell_75,2024,0.13531987,13110,396.136,0.005017818,0.13873395,3598.952,401.7227,0.000948,42.99375,161.33281,14.116083,5.1304827
Grid_Cell_75,2025,0.13409351,16728,462.77744,0.005461415,0.057294138,3184.9382,471.0714,0.000602,41.9802,150.35136,13.938501,4.66437
Grid_Cell_76,2000,0.14221244,0,416.31082,0.00518878,0.32127896,2877.4883,438.4312,0.000765,35.04849,154.40672,11.89245,4.1032243
Grid_Cell_76,2001,0.16394818,0,422.19156,0.005784369,0.1986055,2447.3887,537.8271,0.000922,37.18775,177.32225,11.350397,4.126054
Grid_Cell_76,2002,0.19784746,0,476.2442,0.005356981,0.20955703,2417.8606,494.9964,0.002086031,32.364014,220.15712,10.792353,3.9000838
Grid_Cell_76,2003,0.21159708,0,424.17114,0.005468078,0.16081047,2274.2622,462.47543,0.010155506,31.493914,216.05331,9.882929,4.0535336
Grid_Cell_76,2004,0.15990184,0,479.76868,0.006169354,0.24893261,2205.6628,568.9103,0.001354802,31.26425,239.31909,11.322779,4.231464
Grid_Cell_76,2005,0.17910087,0,471.0111,0.005633572,0.25043225,2479.0632,528.1135,0.001428743,26.477364,241.8454,12.188684,4.1553717
Grid_Cell_76,2006,0.21164654,0,476.38333,0.005371979,0.15136068,2759.4434,457.23636,0.006452939,26.867369,217.02397,12.037165,4.243576
Grid_Cell_76,2007,0.16174585,0,407.1012,0.004941742,0.207493,3120.6653,378.3694,0.000656,36.905834,181.46375,12.926447,4.289493
Grid_Cell_76,2008,0.16047649,0,452.33838,0.005218608,0.19266333,2581.0735,435.51022,0.002149331,29.286016,175.52512,11.688807,3.9363363
Grid_Cell_76,2009,0.1840142,0,460.25433,0.00502706,0.19456585,2601.622,509.14328,0.001143154,26.354202,189.71944,11.717554,4.086023
Grid_Cell_76,2010,0.19266072,0,454.19604,0.005205866,0.21675077,2816.0251,507.1248,0.004042966,25.098799,216.72743,12.992456,4.200003
Grid_Cell_76,2011,0.17874458,0,518.54675,0.005244809,0.2357928,2698.7927,491.56094,0.002552507,26.085926,208.36157,10.930353,4.4338098
Grid_Cell_76,2012,0.22976536,0,417.3382,0.005450882,0.22222222,2999.612,397.93304,0.010133456,29.185362,178.91301,12.044733,4.8535585
Grid_Cell_76,2013,0.18250626,0,375.01343,0.005276102,0.0708978,2997.287,368.14822,0.00056,34.175186,152.42685,12.7390995,4.7403984
Grid_Cell_76,2014,0.1471487,0,319.27728,0.004871517,0.07146067,3392.3967,311.81003,0.000491,39.774475,124.89775,12.195093,5.2823176
Grid_Cell_76,2015,0.1465542,0,354.93573,0.005089564,0.06623162,3200.7183,352.35,0.000471,42.32509,130.422,12.944788,4.9086976
Grid_Cell_76,2016,0.16743849,0,322.86533,0.005520698,0.04907249,2839.4526,338.45837,0.000609,40.2295,135.58148,12.390711,4.5724955
Grid_Cell_76,2017,0.15400746,0,300.9274,0.005308376,0.065330945,3094.0312,284.70096,0.001221168,40.16816,128.47952,12.894281,4.8134418
Grid_Cell_76,2018,0.14588971,263,303.02896,0.005081011,0.0741917,3358.028,343.38382,0.000873,42.943005,124.16668,13.429987,4.950734
Grid_Cell_76,2019,0.12687065,70,309.7025,0.005372208,0.06757149,3142.93,250.52005,0.000555,45.22307,139.8647,13.728571,4.6516924
Grid_Cell_76,2020,0.12224248,75,342.2644,0.004982981,0.068544745,3589.1804,346.48886,0.000607,43.795406,139.24985,13.80868,5.2397203
Grid_Cell_76,2021,0.14296788,161,461.44168,0.005432118,0.063021086,3158.786,516.8491,0.000917,32.35039,159.8449,13.645502,4.893571
Grid_Cell_76,2022,0.14142297,449,484.79752,0.005231215,0.070624135,3386.8054,495.81073,0.001000784,31.30737,174.75923,13.648432,5.277873
Grid_Cell_76,2023,0.137069,3063,506.8137,0.005686977,0.08309346,3187.4802,530.5738,0.001076531,32.125473,177.86368,14.255365,5.142899
Grid_Cell_76,2024,0.13109805,13110,392.99863,0.005002562,0.07640955,3610.0347,401.85745,0.001001083,44.03768,168.49902,14.076441,5.152228
Grid_Cell_76,2025,0.13081661,16728,465.1561,0.005436363,0.05501533,3226.4597,470.72253,0.000652,42.23917,157.985,13.946039,4.7065187
Grid_Cell_77,2000,0.14165819,0,392.0463,0.005145743,0.20849124,2906.4255,419.48483,0.001074558,36.94229,193.6104,11.867487,4.117027
Grid_Cell_77,2001,0.16226088,0,404.82947,0.005739988,0.14610411,2485.7979,520.27057,0.001315699,38.882984,218.87448,11.387964,4.120951
Grid_Cell_77,2002,0.19664623,0,452.48312,0.005297276,0.12719466,2459.6853,484.06033,0.002470356,34.365105,263.7206,10.828913,3.8796728
Grid_Cell_77,2003,0.20709534,0,415.08188,0.005441506,0.08634197,2293.5942,447.58655,0.008276096,32.598648,263.66006,9.906763,4.060178
Grid_Cell_77,2004,0.15883464,0,457.8658,0.006101925,0.1870954,2262.1316,542.1865,0.001954969,33.211784,286.10202,11.330988,4.2750773
Grid_Cell_77,2005,0.1772914,0,490.6509,0.005597424,0.18747397,2503.8796,522.5936,0.002278325,25.333809,310.50818,12.244776,4.2018104
Grid_Cell_77,2006,0.20941965,0,473.47708,0.005343102,0.22175302,2776.6174,444.19427,0.005858712,27.369736,283.48364,12.042871,4.288165
Grid_Cell_77,2007,0.1612452,0,410.78506,0.004935249,0.27413175,3125.4583,374.54294,0.001109305,36.85372,247.5677,12.929895,4.3403835
Grid_Cell_77,2008,0.15862393,0,448.181,0.005191948,0.14583333,2600.457,422.58347,0.002730376,29.719347,233.65979,11.73208,3.9912543
Grid_Cell_77,2009,0.17922808,0,455.62872,0.004991413,0.15999712,2642.8489,497.38318,0.001679887,27.409843,244.13705,11.781763,4.150235
Grid_Cell_77,2010,0.19312695,0,445.90598,0.005193469,0.15869808,2833.2246,497.41235,0.003767771,26.11865,276.1965,13.027704,4.240722
Grid_Cell_77,2011,0.17815958,0,521.426,0.005227412,0.19767313,2724.316,491.36325,0.003492945,26.62674,270.65002,10.962091,4.4943233
Grid_Cell_77,2012,0.22762135,0,415.77216,0.005435834,0.17881544,3032.4895,398.01816,0.01143002,29.579447,241.36238,12.080378,4.9280806
Grid_Cell_77,2013,0.17932719,0,383.94827,0.005257903,0.07069002,3028.567,368.27676,0.000925,34.49003,209.001,12.764765,4.813789
Grid_Cell_77,2014,0.14588079,0,324.0001,0.004847181,0.07610234,3426.2773,308.7882,0.000765,40.11265,172.77469,12.21496,5.3476257
Grid_Cell_77,2015,0.14384866,0,352.21088,0.0050839,0.07157785,3211.2454,345.73932,0.000753,43.299854,173.33864,12.933863,4.9560947
Grid_Cell_77,2016,0.1632785,0,308.43936,0.005498348,0.05772117,2875.2935,318.30896,0.000858,41.99662,174.09389,12.429377,4.6404943
Grid_Cell_77,2017,0.15212911,0,273.26318,0.005269366,0.06185276,3145.5574,259.48404,0.001003418,42.952156,162.25043,12.876459,4.8812156
Grid_Cell_77,2018,0.14240168,263,290.95996,0.00504075,0.08455492,3395.5725,331.61832,0.001378884,44.772755,160.23824,13.35232,4.996179
Grid_Cell_77,2019,0.12432705,70,291.9354,0.005338687,0.06494751,3170.01,240.59808,0.000823,47.098297,176.3861,13.643885,4.6917953
Grid_Cell_77,2020,0.119521305,75,340.92776,0.004964156,0.073381715,3600.913,346.3101,0.001058624,44.730038,189.20276,13.737665,5.2734294
Grid_Cell_77,2021,0.14170098,161,458.30753,0.005404632,0.06583804,3189.6128,516.1298,0.001497867,33.158787,208.24908,13.600977,4.9382973
Grid_Cell_77,2022,0.14224605,449,481.77567,0.00522738,0.06897902,3378.9126,494.9899,0.001693962,32.104927,225.42522,13.564539,5.3053727
Grid_Cell_77,2023,0.13640945,3063,496.21994,0.005658929,0.0724436,3196.76,519.38495,0.001563825,33.392014,228.2599,14.174097,5.15944
Grid_Cell_77,2024,0.1317286,13110,393.04352,0.00499044,0.08082981,3613.1091,402.2682,0.001690869,44.650215,222.38725,13.972284,5.1777954
Grid_Cell_77,2025,0.12969166,16728,467.30466,0.00541497,0.06436553,3240.1606,470.11496,0.00111772,42.701897,209.57364,13.885828,4.7328115
Grid_Cell_78,2000,0.14641082,0,362.47766,0.005118835,0.119166896,2987.748,398.98697,0.000781,43.660652,197.4601,11.842859,4.1381407
Grid_Cell_78,2001,0.1656027,0,375.12515,0.005706136,0.17230393,2552.7366,501.38895,0.001039767,43.953953,221.16748,11.436426,4.134616
Grid_Cell_78,2002,0.20035139,0,473.16943,0.005251543,0.19118515,2517.081,479.38715,0.001455952,35.959743,259.65775,10.876673,3.8722413
Grid_Cell_78,2003,0.20520753,0,422.00467,0.005421972,0.08958838,2322.149,433.38565,0.003002449,34.09988,261.08932,9.948542,4.062883
Grid_Cell_78,2004,0.16257362,0,467.9147,0.006048046,0.19956166,2327.2554,513.5392,0.001302408,35.082054,266.48755,11.3388,4.311792
Grid_Cell_78,2005,0.17918976,0,508.30566,0.005569825,0.20708677,2533.39,519.0124,0.001371853,25.704908,273.423,12.28393,4.247221
Grid_Cell_78,2006,0.2096247,0,458.9381,0.005325383,0.15321213,2797.5088,429.71906,0.001354366,29.64405,254.7902,12.012354,4.326247
Grid_Cell_78,2007,0.16410469,0,395.61215,0.004940462,0.14758535,3145.4055,370.99728,0.000765,39.794502,232.93597,12.909052,4.385178
Grid_Cell_78,2008,0.16027363,0,434.35922,0.005178007,0.16954593,2645.6606,407.87314,0.000939,32.539352,235.51787,11.74795,4.0442595
Grid_Cell_78,2009,0.1786875,0,439.74838,0.004968776,0.16783062,2708.7302,483.67694,0.000987,31.034788,237.50621,11.813135,4.2084203
Grid_Cell_78,2010,0.19680518,0,448.69345,0.005186807,0.18287352,2863.4067,472.19003,0.001242842,28.08808,258.46356,13.039362,4.2809277
Grid_Cell_78,2011,0.17597103,0,478.13422,0.005202367,0.18478343,2804.5002,452.30292,0.001021476,32.472164,249.86632,10.985468,4.5589466
Grid_Cell_78,2012,0.23081318,0,411.58243,0.005417726,0.20853151,3102.6682,382.08212,0.003333193,31.671476,230.82957,12.112207,5.007896
Grid_Cell_78,2013,0.17602105,0,346.77682,0.005227462,0.064631425,3112.7664,329.88492,0.00058,40.064823,200.95503,12.778223,4.8973503
Grid_Cell_78,2014,0.1486856,0,303.26733,0.004806804,0.082993485,3489.3267,281.84436,0.000386,44.084713,177.53697,12.2185,5.4136534
Grid_Cell_78,2015,0.14344831,0,336.6265,0.005075499,0.064756155,3241.0164,326.46457,0.000516,46.92051,183.31253,12.905695,4.98428
Grid_Cell_78,2016,0.16519648,0,307.526,0.005478639,0.04992573,2909.7935,315.38586,0.000673,44.150166,190.86678,12.445246,4.6779943
Grid_Cell_78,2017,0.15451975,0,263.01074,0.005237749,0.05716491,3191.886,237.40776,0.000504,46.037643,175.07613,12.842554,4.9161816
Grid_Cell_78,2018,0.14299315,263,281.75403,0.005017182,0.07233911,3419.8638,320.28696,0.001021702,48.104733,173.5994,13.248774,5.008748
Grid_Cell_78,2019,0.12752545,70,286.69418,0.00531442,0.060138125,3196.0593,228.30228,0.00055,49.821144,184.71768,13.563593,4.704672
Grid_Cell_78,2020,0.12416383,75,298.82593,0.004958575,0.06461905,3626.1108,292.9552,0.000618,50.149826,179.96742,13.66073,5.286339
Grid_Cell_78,2021,0.13768047,161,358.95187,0.005367067,0.063399486,3293.2607,409.56732,0.000644,43.15651,189.87111,13.5663395,4.988708
Grid_Cell_78,2022,0.14553064,449,405.11835,0.005219016,0.06827799,3423.7078,452.92822,0.001134784,39.80866,211.36806,13.473932,5.31938
Grid_Cell_78,2023,0.13529187,3063,414.18207,0.005624696,0.06339389,3259.3276,418.2948,0.000598,41.700058,211.9024,14.100946,5.177865
Grid_Cell_78,2024,0.13480018,13110,332.0138,0.004971327,0.076463774,3659.3213,347.83893,0.001006993,51.429096,197.83716,13.859461,5.1991897
Grid_Cell_78,2025,0.13398388,16728,404.80847,0.005389928,0.058020983,3274.7512,401.6415,0.000684,47.957813,204.9642,13.812616,4.761774
Grid_Cell_79,2000,0.14767669,0,364.5635,0.005091421,0.15708049,3014.8315,381.72565,0.000526,43.002865,148.19562,11.817347,4.174526
Grid_Cell_79,2001,0.16575764,0,387.9113,0.005671444,0.14517023,2583.357,484.35303,0.000726,41.964996,170.1812,11.480829,4.16602
Grid_Cell_79,2002,0.20081568,0,447.61664,0.005205111,0.16881046,2569.7036,475.5564,0.00185064,37.111824,218.08856,10.921137,3.8778577
Grid_Cell_79,2003,0.20192024,0,398.68423,0.00540337,0.121113576,2345.3547,421.95816,0.008025398,34.890965,220.02742,9.990351,4.0715475
Grid_Cell_79,2004,0.16345076,0,418.60522,0.005996802,0.20754303,2378.1252,489.39392,0.001045342,37.512184,229.736,11.340509,4.3592987
Grid_Cell_79,2005,0.17863002,0,466.6382,0.005543938,0.1998718,2607.504,514.8522,0.001313493,27.665186,248.48962,12.302271,4.288454
Grid_Cell_79,2006,0.20818849,0,422.095,0.005312122,0.17480244,2830.2505,418.09824,0.004786329,31.702255,225.41678,11.959009,4.348576
Grid_Cell_79,2007,0.16670126,0,396.11435,0.004950277,0.17184523,3156.2996,368.26923,0.000689,38.71519,204.19652,12.864283,4.4068904
Grid_Cell_79,2008,0.15998319,0,425.05783,0.005169264,0.16068788,2683.399,395.3083,0.003036909,32.283237,190.97797,11.738001,4.080701
Grid_Cell_79,2009,0.17560796,0,436.93713,0.004952516,0.15496369,2760.559,472.29803,0.001200288,30.590439,196.54193,11.811945,4.2480435
Grid_Cell_79,2010,0.1975973,0,414.05566,0.005183448,0.18659773,2907.4287,458.74512,0.002918997,29.334856,221.89044,13.013147,4.3032565
Grid_Cell_79,2011,0.17367393,0,475.12537,0.005183272,0.16981272,2843.6826,442.8702,0.0025005,32.264324,213.97408,10.977625,4.5974054
Grid_Cell_79,2012,0.23061065,0,386.78125,0.005404884,0.17797083,3134.7778,378.20367,0.009064132,32.705948,183.33139,12.109827,5.037814
Grid_Cell_79,2013,0.17492677,0,342.10583,0.005196482,0.06793394,3165.1157,320.3885,0.000484,39.80406,151.51869,12.755396,4.944782
Grid_Cell_79,2014,0.15014368,0,289.05453,0.004774931,0.073282555,3518.5522,278.18964,0.000339,44.185295,122.24278,12.183313,5.4340644
Grid_Cell_79,2015,0.14580855,0,328.50058,0.005060818,0.0627118,3279.7878,327.14496,0.00039,46.24713,127.260284,12.882654,4.999999
Grid_Cell_79,2016,0.16611138,0,307.91266,0.005463495,0.048514895,2929.042,317.5604,0.000542,42.837906,137.30754,12.450739,4.701833
Grid_Cell_79,2017,0.15724872,0,247.01811,0.005215976,0.057050414,3240.5256,229.28293,0.000587,45.9017,121.854836,12.852106,4.942551
Grid_Cell_79,2018,0.14269766,263,263.79794,0.004991411,0.061173126,3464.7307,294.95773,0.000718,48.656155,118.12529,13.243891,5.035152
Grid_Cell_79,2019,0.12796691,70,255.64848,0.005291714,0.059579078,3238.8545,208.36116,0.000382,50.638695,128.87492,13.578882,4.7216926
Grid_Cell_79,2020,0.12613839,75,287.3769,0.004949374,0.062164355,3651.3838,292.46408,0.000456,49.970333,129.7812,13.681574,5.2832994
Grid_Cell_79,2021,0.13886239,161,365.05493,0.005338871,0.06495451,3343.0078,407.63412,0.000501,41.3372,136.7755,13.627771,5.0138793
Grid_Cell_79,2022,0.15009524,449,426.70755,0.005212533,0.068152085,3425.8984,458.703,0.000883,36.756187,167.47078,13.506098,5.3025646
Grid_Cell_79,2023,0.13764589,3063,420.55084,0.005586905,0.058709443,3290.9473,414.76215,0.000583,39.640633,168.11575,14.14831,5.1861525
Grid_Cell_79,2024,0.13641013,13110,332.96954,0.004954866,0.07452604,3683.1594,347.5997,0.000826,50.0477,161.24104,13.878046,5.211995
Grid_Cell_79,2025,0.13549016,16728,404.8613,0.005368285,0.049115915,3302.1687,400.22894,0.000509,46.682674,152.9656,13.868036,4.7656794
Grid_Cell_8,2000,0.1336051,0,365.31775,0.006223,0.16039792,2796.2397,385.60007,0.00054,42.830208,180.85107,13.038111,4.7476387
Grid_Cell_8,2001,0.1399669,0,380.8675,0.006811927,0.15561423,2462.302,476.347,0.000698,44.54745,201.10515,12.851191,4.837595
Grid_Cell_8,2002,0.17100742,0,491.59207,0.006401913,0.17820796,2290.282,536.8302,0.001415075,31.018906,242.20152,12.006464,4.3487825
Grid_Cell_8,2003,0.18950099,0,442.32812,0.005741318,0.14904441,2232.9946,525.29474,0.005951983,23.336222,252.83664,11.441736,3.9272666
Grid_Cell_8,2004,0.14294204,0,491.64853,0.006495054,0.18468378,2380.1191,542.50964,0.001279027,33.640766,251.05643,12.569147,4.3429737
Grid_Cell_8,2005,0.14204699,0,502.05356,0.006280373,0.16598946,2490.259,562.3495,0.00165939,29.320007,255.41127,13.491755,4.364379
Grid_Cell_8,2006,0.17796692,0,457.11612,0.006193903,0.168834,2662.5095,504.22607,0.004796181,33.16272,251.36282,13.075098,4.504021
Grid_Cell_8,2007,0.13703349,0,446.01788,0.005922544,0.20288013,2947.164,445.87692,0.000879,38.173275,230.7996,13.803797,4.5549383
Grid_Cell_8,2008,0.14394064,0,480.89313,0.006098304,0.16912131,2450.0212,453.54758,0.001708736,30.768663,237.3287,12.804773,4.1501684
Grid_Cell_8,2009,0.1532281,0,510.43655,0.00605691,0.21765469,2460.9417,599.17,0.002090384,27.763008,242.64462,12.983332,4.3805094
Grid_Cell_8,2010,0.14704406,0,464.42795,0.006345952,0.20530343,2634.2522,517.5338,0.002411771,32.12487,250.54274,14.031733,4.3258934
Grid_Cell_8,2011,0.15169305,0,523.49634,0.005936679,0.31587833,2680.6345,533.3818,0.001620089,30.216997,251.87842,12.1991825,4.595248
Grid_Cell_8,2012,0.17545559,0,456.03226,0.006273282,0.17483799,2961.2266,478.25507,0.006612869,36.750263,233.7337,13.424494,5.005608
Grid_Cell_8,2013,0.15648034,0,428.4972,0.00592515,0.084336296,2862.6204,393.95914,0.000867,35.73902,213.62064,13.528986,4.80533
Grid_Cell_8,2014,0.13956092,0,379.64603,0.00581614,0.066902794,3242.7122,373.58496,0.000723,40.348423,186.14581,13.414881,5.4715986
Grid_Cell_8,2015,0.13592401,0,372.63693,0.005694232,0.07636364,3205.1606,363.3023,0.000569,40.69923,186.5492,13.944941,5.1896567
Grid_Cell_8,2016,0.14619128,0,400.95035,0.006168177,0.06004666,2861.6628,420.8699,0.001578272,40.67645,207.48012,13.3310795,4.776867
Grid_Cell_8,2017,0.13443184,0,266.8264,0.005889198,0.069160305,3235.5388,225.61848,0.000585,49.062588,179.06023,13.914301,5.096866
Grid_Cell_8,2018,0.13636774,263,263.30334,0.005759432,0.12923616,3464.8765,256.04745,0.000391,53.08572,151.38893,14.36297,5.3160768
Grid_Cell_8,2019,0.12574664,70,276.69336,0.005992505,0.069720246,3235.758,233.61696,0.000422,53.52198,148.99742,14.534052,4.9132333
Grid_Cell_8,2020,0.12434207,75,343.3296,0.005732482,0.07400185,3522.0435,362.45612,0.000925,48.659534,159.7528,14.59408,5.5137296
Grid_Cell_8,2021,0.13152209,161,396.36844,0.006118019,0.07473309,3213.3877,410.7834,0.000546,41.76566,170.69455,14.41659,5.194427
Grid_Cell_8,2022,0.13507712,449,427.77567,0.00593791,0.06609891,3425.1035,460.70206,0.00100063,38.934834,191.54173,14.485041,5.549448
Grid_Cell_8,2023,0.13097352,3063,432.3963,0.006213836,0.059548095,3247.895,451.17648,0.000645,40.637005,185.7409,14.912104,5.3539267
Grid_Cell_8,2024,0.12842658,13110,366.6986,0.005791693,0.06572806,3474.685,374.30368,0.000903,49.31145,185.61969,14.655512,5.414815
Grid_Cell_8,2025,0.13942413,16728,452.38995,0.006038593,0.058939844,3224.425,441.3572,0.000557,45.38576,179.92474,14.4222355,5.0954013
Grid_Cell_80,2000,0.14779586,0,352.63867,0.005114271,0.15481946,3029.2373,369.6715,0.000469,43.489033,140.76392,11.908777,4.214328
Grid_Cell_80,2001,0.16667435,0,381.225,0.005674526,0.1410931,2609.9028,470.6424,0.00069,42.038506,162.03938,11.575342,4.2160883
Grid_Cell_80,2002,0.19997329,0,445.81195,0.005202193,0.17818339,2599.0635,468.39166,0.001628096,37.257156,210.79256,11.007227,3.8966935
Grid_Cell_80,2003,0.19665717,0,394.72818,0.005389003,0.12073843,2363.494,414.88522,0.006281449,35.26397,212.65707,10.053766,4.064356
Grid_Cell_80,2004,0.16661297,0,407.1648,0.005950751,0.16121784,2410.7036,473.07233,0.001002971,37.962704,220.2093,11.348139,4.3822155
Grid_Cell_80,2005,0.17770317,0,470.6288,0.005525476,0.13971026,2631.9182,509.78806,0.00126788,27.506256,241.81369,12.325953,4.3103375
Grid_Cell_80,2006,0.2076403,0,419.53754,0.005308071,0.14907193,2825.7217,414.12924,0.004542747,31.909088,220.33897,11.931482,4.350665
Grid_Cell_80,2007,0.16866212,0,397.11874,0.004968633,0.13099381,3138.3306,367.90738,0.000675,38.613197,201.32077,12.838099,4.407267
Grid_Cell_80,2008,0.16249119,0,420.06464,0.005170692,0.13467234,2691.3726,386.57556,0.002724529,32.608814,182.81114,11.745844,4.1015344
Grid_Cell_80,2009,0.17595428,0,431.48746,0.004947968,0.1331079,2775.2969,467.51038,0.000972,31.14317,187.73444,11.820551,4.268968
Grid_Cell_80,2010,0.19860764,0,412.40976,0.005188068,0.13258229,2906.2578,451.97028,0.002767342,29.331268,214.13882,12.997858,4.3127084
Grid_Cell_80,2011,0.17405277,0,476.48398,0.005181121,0.16935655,2849.1655,442.63043,0.002048538,31.947096,205.8122,10.986322,4.6142893
Grid_Cell_80,2012,0.23016167,0,388.93857,0.005403142,0.16320285,3141.7266,378.23923,0.008016205,32.605953,175.59814,12.13711,5.0486746
Grid_Cell_80,2013,0.17511654,0,338.1271,0.0051864,0.06513099,3191.6897,320.31396,0.000447,40.523956,145.19441,12.756189,4.978309
Grid_Cell_80,2014,0.15145464,0,286.86755,0.004766832,0.07925082,3518.5928,278.63242,0.000327,44.418602,118.624535,12.171198,5.438105
Grid_Cell_80,2015,0.14746942,0,328.6237,0.005048267,0.07333979,3292.1162,327.13522,0.000402,46.34433,123.969826,12.870661,4.99815
Grid_Cell_80,2016,0.16639614,0,307.57553,0.005446562,0.06909091,2939.7002,313.08957,0.0005,42.468758,133.65855,12.475916,4.7201047
Grid_Cell_80,2017,0.15709195,0,237.34132,0.005194177,0.060247794,3270.5315,219.85559,0.000398,46.669582,116.21389,12.874872,4.9574485
Grid_Cell_80,2018,0.14156681,263,245.63777,0.004961377,0.0794941,3487.7625,275.40323,0.000678,50.15672,112.57419,13.243341,5.052823
Grid_Cell_80,2019,0.12866785,70,251.29933,0.005276053,0.06533767,3258.9597,206.11043,0.00038,51.05506,123.4532,13.569056,4.7483363
Grid_Cell_80,2020,0.12796324,75,286.93744,0.004933657,0.07044179,3649.319,293.41296,0.000439,49.54589,125.92684,13.654352,5.282685
Grid_Cell_80,2021,0.14036079,161,365.13702,0.005327772,0.076363385,3356.6582,407.7637,0.000489,40.728176,133.15068,13.643793,5.0366874
Grid_Cell_80,2022,0.15390229,449,431.2835,0.005198657,0.063013695,3427.714,463.25522,0.000876,35.76736,164.75195,13.508692,5.309037
Grid_Cell_80,2023,0.14055307,3063,422.75403,0.005557388,0.062159758,3307.2146,413.74475,0.000579,38.74536,164.75731,14.154627,5.2054677
Grid_Cell_80,2024,0.13821293,13110,333.84943,0.004947976,0.13071746,3683.6519,348.27426,0.000848,49.57548,158.21753,13.851374,5.2247944
Grid_Cell_80,2025,0.13735579,16728,403.64444,0.005364134,0.058866903,3302.792,399.02856,0.000492,46.406853,149.60187,13.870996,4.7745867
Grid_Cell_81,2000,0.17518282,0,493.2039,0.005369915,0.27261963,2473.4111,557.614,0.001509624,29.422457,178.56187,10.497278,4.234212
Grid_Cell_81,2001,0.18639651,0,497.73538,0.005891581,0.28022403,2068.9607,668.5146,0.001291966,28.686615,211.05359,10.042566,4.3342047
Grid_Cell_81,2002,0.22060671,0,597.6319,0.005501793,0.24007449,2111.0137,619.1953,0.003181747,20.040524,250.53148,9.709681,4.177789
Grid_Cell_81,2003,0.23686257,0,507.39163,0.005656702,0.18031152,1966.0225,574.77704,0.011381798,23.82746,254.24326,8.745722,4.206308
Grid_Cell_81,2004,0.1889821,0,563.3251,0.006563907,0.22313641,1669.7203,702.4827,0.002310656,22.857115,274.17685,10.112848,4.135699
Grid_Cell_81,2005,0.21272661,0,557.4338,0.005801797,0.2633085,2136.167,669.06757,0.00287162,18.796883,251.5725,10.900934,4.298317
Grid_Cell_81,2006,0.25253782,0,533.30475,0.005598393,0.2674848,2352.0476,524.3778,0.002169538,19.441704,230.95352,10.810205,4.274261
Grid_Cell_81,2007,0.18556447,0,469.57162,0.005035404,0.22689699,2843.0298,439.6302,0.000801,32.468723,185.68146,11.768824,4.4510684
Grid_Cell_81,2008,0.18969592,0,499.29126,0.005436272,0.29663897,2246.3633,489.89258,0.001949471,26.937363,193.29112,10.265284,4.1120534
Grid_Cell_81,2009,0.22796245,0,502.94785,0.005221923,0.24840993,2279.8347,562.8442,0.001497894,24.009535,197.92262,10.443262,4.201982
Grid_Cell_81,2010,0.21540102,0,552.2795,0.005346955,0.23391879,2452.9944,603.4576,0.00200037,16.362812,232.42703,11.62768,4.4634275
Grid_Cell_81,2011,0.24089828,0,581.5723,0.00542657,0.2930918,2261.6719,575.02765,0.004400524,19.223433,226.84692,9.331751,4.4789124
Grid_Cell_81,2012,0.26065633,0,516.74445,0.005602189,0.2756415,2608.046,491.33365,0.008286608,21.118774,192.1869,10.567743,4.948914
Grid_Cell_81,2013,0.20708139,0,475.94482,0.005447722,0.041152798,2520.9902,493.86453,0.001012596,25.462616,175.65662,11.253748,4.780056
Grid_Cell_81,2014,0.19802625,0,453.49533,0.005007475,0.05760477,2928.2368,444.28934,0.001298418,26.621239,159.19347,10.6253605,5.4364614
Grid_Cell_81,2015,0.16723245,0,473.44415,0.005247879,0.051259108,2771.9258,496.06018,0.001119079,31.705395,167.95084,11.644648,5.079143
Grid_Cell_81,2016,0.19602957,0,463.66046,0.00568982,0.037156556,2367.3909,478.8884,0.001076612,26.36574,187.48282,10.919825,4.615904
Grid_Cell_81,2017,0.17800964,0,412.28946,0.005505469,0.046502642,2584.8508,368.07697,0.003981247,28.239697,173.53497,11.441553,4.902791
Grid_Cell_81,2018,0.18751845,263,416.14276,0.005332398,0.05471737,2883.6143,465.23376,0.001084784,31.770937,152.93216,11.828394,5.0391245
Grid_Cell_81,2019,0.15163633,70,449.93723,0.005624725,0.05024489,2666.718,387.8269,0.001278346,32.623787,169.28244,12.1831,4.8069663
Grid_Cell_81,2020,0.15927185,75,497.64273,0.00521697,0.065402016,3019.881,504.1797,0.001180898,31.485752,175.8022,12.13183,5.3311477
Grid_Cell_81,2021,0.16790847,161,649.29254,0.005648512,0.052114554,2608.4585,745.1233,0.001852798,16.724773,218.55598,11.929224,5.011105
Grid_Cell_81,2022,0.16765317,449,565.75757,0.005259266,0.066470444,2956.4878,571.20984,0.001650527,22.001434,203.17847,12.071894,5.4156127
Grid_Cell_81,2023,0.16576308,3063,616.8419,0.005851822,0.053452116,2693.314,678.28864,0.00200687,20.344748,216.82457,12.636713,5.3061523
Grid_Cell_81,2024,0.15186599,13110,496.40494,0.005051527,0.07421143,3291.5278,454.8675,0.00105689,35.257294,181.4967,12.783838,5.338196
Grid_Cell_81,2025,0.15217058,16728,573.94226,0.005508519,0.05788712,2875.8618,600.6337,0.001269128,34.278336,180.2028,12.490351,4.786096
Grid_Cell_82,2000,0.16665716,0,478.1039,0.005312095,0.3074225,2572.5317,534.2621,0.001345856,32.430347,179.50475,10.683496,4.2152505
Grid_Cell_82,2001,0.17984158,0,484.6836,0.005838269,0.24268593,2192.915,642.83,0.001110188,34.524326,207.58873,10.176935,4.323794
Grid_Cell_82,2002,0.21437736,0,586.24976,0.005449508,0.26824933,2220.8325,610.39874,0.00303137,25.62739,249.64996,9.812738,4.1653576
Grid_Cell_82,2003,0.2349803,0,495.5548,0.00562413,0.21220788,2045.9559,558.19366,0.010829075,27.183243,253.90448,8.855585,4.1978145
Grid_Cell_82,2004,0.18277898,0,560.8112,0.006516311,0.28271443,1771.7085,681.75055,0.002148238,27.028364,271.45895,10.232325,4.1533217
Grid_Cell_82,2005,0.2067589,0,536.4904,0.005777232,0.25663918,2212.1926,638.5457,0.002582914,22.77488,253.31042,10.998621,4.2704744
Grid_Cell_82,2006,0.24882849,0,517.1209,0.005567924,0.21725181,2464.3416,505.45837,0.002364267,24.69309,230.23642,10.928522,4.2696376
Grid_Cell_82,2007,0.18212374,0,452.16852,0.005016311,0.20106897,2910.644,420.2982,0.000752,35.593792,187.4139,11.909662,4.4128838
Grid_Cell_82,2008,0.18123429,0,487.50516,0.005403492,0.23000844,2337.9685,477.44836,0.001625171,31.291918,195.11421,10.430475,4.061268
Grid_Cell_82,2009,0.21867841,0,488.34192,0.00518493,0.21042888,2372.9717,542.9106,0.001373596,28.482653,199.86072,10.572962,4.160338
Grid_Cell_82,2010,0.21076961,0,527.05286,0.005306832,0.22380592,2560.568,564.9091,0.001984459,21.29121,232.82507,11.793726,4.4144893
Grid_Cell_82,2011,0.20904568,0,546.16455,0.005378347,0.2662554,2404.0034,525.2234,0.002675329,26.305504,217.1001,9.57818,4.5089126
Grid_Cell_82,2012,0.24658684,0,464.05627,0.005553405,0.23648272,2745.45,428.49863,0.007215997,28.918348,181.41934,10.78808,4.953593
Grid_Cell_82,2013,0.19675383,0,414.6289,0.005408194,0.039677564,2658.771,411.29208,0.00072,32.827293,161.7278,11.485865,4.8119054
Grid_Cell_82,2014,0.18008825,0,376.6555,0.004959681,0.05489827,3054.8025,377.62418,0.000771,36.471245,143.08946,10.808435,5.407592
Grid_Cell_82,2015,0.15790552,0,391.98187,0.005200924,0.051407065,2903.4585,402.11533,0.000611,41.242813,146.462,11.759974,5.109143
Grid_Cell_82,2016,0.19164017,0,405.34683,0.005638092,0.038843233,2491.5723,420.30014,0.000847,33.711147,171.37668,11.043268,4.6597905
Grid_Cell_82,2017,0.17293325,0,376.78876,0.005461516,0.046132196,2698.0605,339.8112,0.002321781,34.589176,164.04044,11.554071,4.931866
Grid_Cell_82,2018,0.18232445,263,382.65735,0.005276829,0.051412333,2979.8694,430.34653,0.000927,37.354576,148.28249,11.910151,5.038919
Grid_Cell_82,2019,0.14665444,70,414.4474,0.005575944,0.05352232,2773.9934,356.18726,0.001049332,38.5916,163.50314,12.273706,4.8218637
Grid_Cell_82,2020,0.14944221,75,410.49762,0.005162352,0.063639246,3137.1223,417.15085,0.000834,41.53556,159.22049,12.198816,5.3266397
Grid_Cell_82,2021,0.16004065,161,539.39606,0.005589666,0.0435825,2747.547,622.28625,0.00129899,28.326832,187.83977,12.031,5.014256
Grid_Cell_82,2022,0.16316174,449,507.57364,0.005224085,0.05289449,3064.691,523.30646,0.001359979,29.989616,190.65848,12.160059,5.4033866
Grid_Cell_82,2023,0.16040011,3063,542.4137,0.00582285,0.05031061,2805.8738,585.77686,0.001369226,29.730843,199.88765,12.711603,5.3090634
Grid_Cell_82,2024,0.14758974,13110,444.6337,0.005024761,0.063038416,3369.5789,418.17645,0.000946,42.46952,176.0696,12.789118,5.318456
Grid_Cell_82,2025,0.14609444,16728,532.16095,0.005478495,0.06112945,2945.8962,550.04706,0.000984,39.560223,175.82349,12.5655155,4.7904882
Grid_Cell_83,2000,0.16235147,0,466.33096,0.005237465,0.31607562,2634.3008,513.3289,0.001253123,33.133453,180.34856,10.791101,4.2002864
Grid_Cell_83,2001,0.17622948,0,468.6024,0.005764475,0.23094551,2258.5605,621.3672,0.001029634,36.46205,205.33221,10.257898,4.313828
Grid_Cell_83,2002,0.21455336,0,570.58655,0.005375844,0.3063338,2262.6482,597.2746,0.002958685,27.001245,249.26312,9.853907,4.1480975
Grid_Cell_83,2003,0.24050613,0,482.57108,0.005555055,0.19964664,2079.1462,542.1643,0.01115037,27.562986,253.98909,8.877192,4.171856
Grid_Cell_83,2004,0.1805727,0,552.2972,0.006420597,0.27446786,1823.27,663.14886,0.002093559,27.026096,270.60486,10.271967,4.1601186
Grid_Cell_83,2005,0.20382456,0,520.66846,0.005717465,0.2530176,2229.255,611.1731,0.00238512,23.364672,255.88757,11.0350895,4.219927
Grid_Cell_83,2006,0.24832623,0,502.55066,0.005498246,0.24221332,2495.3484,489.85126,0.002414932,24.99877,232.68767,10.987513,4.2405963
Grid_Cell_83,2007,0.18197304,0,437.7786,0.004960979,0.2341621,2934.1362,404.11765,0.000722,36.07094,190.01544,11.995111,4.354151
Grid_Cell_83,2008,0.18036513,0,477.033,0.00532785,0.2447526,2374.3804,466.3666,0.001622131,31.55,196.4229,10.543329,3.9935768
Grid_Cell_83,2009,0.21457127,0,474.96286,0.005111995,0.20006092,2406.3428,526.4169,0.001363928,29.115734,202.36444,10.648279,4.0998926
Grid_Cell_83,2010,0.20986654,0,510.95758,0.005229862,0.20993976,2600.7632,551.5074,0.002162175,22.07972,235.5735,11.883173,4.345003
Grid_Cell_83,2011,0.20647743,0,544.9679,0.005300141,0.26652205,2454.6523,525.2472,0.002762866,25.780647,222.75645,9.696711,4.4879193
Grid_Cell_83,2012,0.24655908,0,460.87466,0.005476394,0.23207015,2785.8037,428.6699,0.007811985,28.362274,188.45688,10.891047,4.9172883
Grid_Cell_83,2013,0.19561377,0,416.5502,0.005336732,0.061882317,2705.1638,411.3558,0.000749,32.151466,167.50702,11.6,4.790022
Grid_Cell_83,2014,0.17918396,0,377.23654,0.004888308,0.06648078,3088.5935,377.13275,0.000796,36.115814,147.39372,10.895777,5.341804
Grid_Cell_83,2015,0.15731841,0,391.85983,0.005149167,0.05873874,2938.8284,398.50058,0.000602,40.956547,150.91235,11.906183,5.0550675
Grid_Cell_83,2016,0.1936879,0,388.77753,0.005592526,0.042755757,2532.0505,405.4767,0.000898,34.585735,173.66382,11.192011,4.6198997
Grid_Cell_83,2017,0.17725824,0,372.526,0.005423578,0.051335577,2721.1711,340.0963,0.002156346,34.54616,168.15993,11.697626,4.8721747
Grid_Cell_83,2018,0.18547851,263,386.79593,0.005229593,0.06086315,2973.1125,438.99838,0.001104894,35.975826,156.79892,12.025812,4.922789
Grid_Cell_83,2019,0.14478044,70,398.75714,0.005523091,0.06452336,2819.8247,332.4132,0.000914,39.371708,167.0707,12.431452,4.7720346
Grid_Cell_83,2020,0.14525628,75,411.85254,0.005108971,0.066976,3187.1108,412.44522,0.000835,41.113544,165.82838,12.362635,5.2771177
Grid_Cell_83,2021,0.15826038,161,539.48035,0.005543951,0.0552549,2768.3486,625.9863,0.001362551,28.17576,195.25943,12.208643,4.9519615
Grid_Cell_83,2022,0.1611026,449,510.78876,0.005194098,0.06039019,3103.9146,526.2613,0.001427034,29.597052,198.03128,12.335901,5.3629413
Grid_Cell_83,2023,0.15770283,3063,542.8954,0.005790429,0.05746084,2845.3706,583.98517,0.001438301,29.981823,207.12225,12.873224,5.266529
Grid_Cell_83,2024,0.1457569,13110,443.59317,0.004999495,0.07847378,3373.474,417.27664,0.000993,42.09986,182.66153,12.887842,5.2499638
Grid_Cell_83,2025,0.14431639,16728,534.85144,0.005449834,0.061537288,2975.1946,551.35016,0.001016322,39.28147,184.25726,12.715204,4.752245
Grid_Cell_84,2000,0.15522401,0,457.1352,0.005234783,0.28932396,2714.775,496.35855,0.001147995,34.17128,174.25186,11.176874,4.1735697
Grid_Cell_84,2001,0.17354555,0,459.1135,0.005765999,0.15650539,2345.078,603.8226,0.000993,37.2899,196.02841,10.665369,4.2887254
Grid_Cell_84,2002,0.21069205,0,550.9478,0.005370262,0.27573997,2330.7234,578.0765,0.00262061,28.35668,240.43457,10.218683,4.11368
Grid_Cell_84,2003,0.23537746,0,472.94827,0.005565822,0.16458987,2134.151,526.4125,0.01010685,27.962978,247.56355,9.220942,4.1473694
Grid_Cell_84,2004,0.17434524,0,551.0069,0.00640976,0.30126154,1908.2258,645.467,0.00192207,27.605738,265.15552,10.638178,4.1721063
Grid_Cell_84,2005,0.19692089,0,520.14465,0.005725017,0.19940042,2278.1187,589.40027,0.002054754,24.0856,251.92715,11.389032,4.1703033
Grid_Cell_84,2006,0.24115047,0,501.42853,0.005485753,0.17310627,2557.2935,480.37103,0.002866678,25.361574,227.18994,11.340326,4.1987815
Grid_Cell_84,2007,0.17794462,0,427.74216,0.004957924,0.20498912,2988.9697,393.78745,0.000656,36.87281,185.38513,12.36355,4.289493
Grid_Cell_84,2008,0.1734903,0,472.58694,0.005305518,0.1958258,2436.9988,457.40125,0.001189139,31.915565,189.61438,10.946619,3.9310424
Grid_Cell_84,2009,0.20488133,0,467.55408,0.005093115,0.18340006,2469.693,517.1461,0.000957,30.175987,195.30379,11.020258,4.0409546
Grid_Cell_84,2010,0.20616704,0,501.04752,0.00520565,0.22099853,2667.5767,539.4892,0.002053726,23.324188,227.77032,12.240473,4.270688
Grid_Cell_84,2011,0.20064239,0,549.1982,0.00526121,0.21170345,2536.9531,525.299,0.002079425,26.129034,215.62538,10.057642,4.446755
Grid_Cell_84,2012,0.24552643,0,462.51825,0.005440366,0.20837826,2862.852,428.56003,0.00674307,28.452255,182.71925,11.238245,4.86599
Grid_Cell_84,2013,0.19309846,0,414.8071,0.005305256,0.05615028,2784.7515,411.3828,0.000739,32.24741,164.78801,11.958521,4.742933
Grid_Cell_84,2014,0.17738214,0,375.5453,0.004855095,0.058670234,3156.9224,377.9093,0.00071,36.186604,145.74591,11.235315,5.2599545
Grid_Cell_84,2015,0.15679033,0,391.77777,0.005103527,0.05267014,2997.552,393.5261,0.000597,40.698574,149.24516,12.256586,4.9256496
Grid_Cell_84,2016,0.18925764,0,377.35757,0.00555717,0.0438182,2606.0686,387.96173,0.000876,36.14422,166.12466,11.549311,4.5119424
Grid_Cell_84,2017,0.17406325,0,365.209,0.005392082,0.04949066,2772.6243,332.93698,0.001382599,35.40881,159.76268,12.069757,4.747003
Grid_Cell_84,2018,0.18140757,263,373.83267,0.005179651,0.048972342,3026.9065,421.0542,0.001052897,37.362606,150.66916,12.437738,4.7779946
Grid_Cell_84,2019,0.14377327,70,364.79654,0.00547517,0.059264224,2905.1316,298.2204,0.000763,42.130222,157.30643,12.865107,4.6508703
Grid_Cell_84,2020,0.14079493,75,411.06845,0.005061984,0.06241835,3270.113,405.47778,0.000844,40.60192,163.78459,12.821405,5.142179
Grid_Cell_84,2021,0.15867527,161,543.36945,0.005534255,0.05729126,2783.635,630.5105,0.001391161,27.389133,193.8301,12.626947,4.7923384
Grid_Cell_84,2022,0.1580017,449,514.6422,0.005183318,0.06237167,3165.262,528.19885,0.001424366,29.215986,196.19745,12.793238,5.2418456
Grid_Cell_84,2023,0.15622832,3063,546.70135,0.005770532,0.06789028,2899.1233,584.52734,0.001380565,29.536076,204.12881,13.307276,5.123687
Grid_Cell_84,2024,0.1442813,13110,440.73032,0.004994164,0.07011285,3400.3425,416.6446,0.001008133,41.945484,181.13535,13.3085575,5.091986
Grid_Cell_84,2025,0.1445753,16728,535.92444,0.005436166,0.059229225,3006.4998,551.0493,0.001024638,38.41757,183.89732,13.141962,4.645855
Grid_Cell_85,2000,0.15087365,0,463.07178,0.005225197,0.33178312,2793.8787,482.6398,0.001476221,33.856625,193.95425,11.5377445,4.1642766
Grid_Cell_85,2001,0.17259856,0,468.4026,0.005759861,0.23167421,2436.0295,589.1681,0.001310658,36.941578,208.88539,11.047907,4.2763963
Grid_Cell_85,2002,0.20710665,0,515.19006,0.005357498,0.29598764,2412.1309,553.7225,0.003276836,31.018183,252.51488,10.56225,4.08731
Grid_Cell_85,2003,0.2262039,0,462.95178,0.005567575,0.23742698,2199.3088,509.51593,0.010849678,29.38891,255.48328,9.558039,4.112712
Grid_Cell_85,2004,0.17059515,0,534.66156,0.006375911,0.32264012,2015.4822,627.12054,0.002542152,29.54899,291.46732,11.00448,4.1795173
Grid_Cell_85,2005,0.19221859,0,534.48486,0.005726931,0.20148109,2335.597,570.2033,0.002968997,23.456455,299.3528,11.763636,4.122735
Grid_Cell_85,2006,0.23009986,0,515.65,0.005469695,0.22441275,2624.085,475.1028,0.007443825,24.864536,262.92462,11.714746,4.1639867
Grid_Cell_85,2007,0.17276448,0,432.13342,0.004954513,0.23623434,3051.9524,387.6779,0.000943,36.787434,214.9653,12.737268,4.2366853
Grid_Cell_85,2008,0.16627482,0,462.32373,0.00527896,0.17516468,2516.0486,449.0035,0.002104863,32.76395,197.84996,11.363306,3.8868484
Grid_Cell_85,2009,0.19845296,0,468.24957,0.005070187,0.23264436,2539.793,512.9363,0.001378754,30.268557,211.8632,11.414667,4.0019817
Grid_Cell_85,2010,0.20171876,0,493.12897,0.005186291,0.21606448,2749.3972,527.27545,0.004051404,24.518719,247.87558,12.616816,4.209455
Grid_Cell_85,2011,0.19584072,0,555.5843,0.00523295,0.23828697,2611.6548,525.35846,0.002696305,26.12899,226.26974,10.42013,4.3914466
Grid_Cell_85,2012,0.24295,0,447.7799,0.005413942,0.23845926,2945.229,428.62033,0.009093259,29.672808,194.69136,11.609613,4.8147607
Grid_Cell_85,2013,0.19289762,0,413.00565,0.005283369,0.07773094,2864.4697,411.2208,0.00102673,32.698177,184.35114,12.328974,4.684953
Grid_Cell_85,2014,0.17560034,0,362.19537,0.004832626,0.07094213,3238.7383,376.67267,0.001238993,37.480526,164.124,11.605982,5.190297
Grid_Cell_85,2015,0.15658356,0,385.9825,0.005064756,0.07062211,3070.7063,384.45624,0.000874,40.955418,168.038,12.627039,4.81428
Grid_Cell_85,2016,0.18220201,0,339.12448,0.005523543,0.055147517,2697.492,350.5698,0.001170468,39.608006,172.97351,11.924311,4.415631
Grid_Cell_85,2017,0.17115693,0,325.67776,0.005349606,0.06746953,2868.9565,307.01917,0.001621712,38.6402,166.55168,12.462732,4.6427226
Grid_Cell_85,2018,0.17052506,263,331.8488,0.005109521,0.06899405,3139.3418,368.58023,0.001185623,41.26359,159.53769,12.901514,4.698885
Grid_Cell_85,2019,0.14160119,70,324.57843,0.005415214,0.068799384,3004.917,277.56647,0.001132914,45.141487,167.90195,13.257502,4.535254
Grid_Cell_85,2020,0.13794586,75,396.18686,0.00500211,0.0680938,3376.3843,399.92776,0.001230072,41.23457,182.85458,13.245203,5.0217557
Grid_Cell_85,2021,0.15895882,161,561.75214,0.005507896,0.12098803,2849.6853,631.0343,0.002035586,26.22429,214.58041,13.009455,4.684085
Grid_Cell_85,2022,0.15454239,449,524.967,0.005175414,0.07207553,3236.2305,528.81555,0.001920175,28.811958,218.0383,13.196863,5.1236606
Grid_Cell_85,2023,0.15475428,3063,548.23816,0.005750991,0.055106413,2970.9617,586.2078,0.001966421,29.633806,220.94243,13.694635,4.9979334
Grid_Cell_85,2024,0.14359298,13110,434.63138,0.004979998,0.06970907,3471.2954,416.22787,0.001349873,42.381535,211.44046,13.701838,4.98977
Grid_Cell_85,2025,0.14470382,16728,524.6712,0.005426437,0.05806243,3052.2349,551.08685,0.001470145,38.50875,194.13786,13.499811,4.5611672
Grid_Cell_86,2000,0.15004909,0,443.78064,0.005153898,0.22240973,2816.2441,469.94675,0.001416163,32.89916,198.14337,11.569544,4.158161
Grid_Cell_86,2001,0.17225537,0,453.06552,0.00569092,0.16475214,2459.2043,575.63245,0.001311205,35.924297,217.7657,11.110651,4.252938
Grid_Cell_86,2002,0.20783807,0,490.56497,0.005279159,0.17042021,2437.6924,527.82404,0.003350147,31.137533,259.05942,10.6063175,4.053714
Grid_Cell_86,2003,0.22467983,0,444.39954,0.005511558,0.12218917,2208.0554,491.66895,0.011072603,29.174494,262.06485,9.601923,4.0943556
Grid_Cell_86,2004,0.16960908,0,513.02795,0.006269965,0.19469537,2064.2517,607.74115,0.00251252,28.637493,298.92194,11.068811,4.2018533
Grid_Cell_86,2005,0.19048338,0,512.78766,0.005658565,0.16036415,2347.1301,550.82697,0.002833483,22.722586,311.57336,11.851038,4.1054745
Grid_Cell_86,2006,0.22611079,0,508.31244,0.005391578,0.16708212,2651.547,470.7234,0.007452764,24.373629,275.87668,11.785181,4.152857
Grid_Cell_86,2007,0.17117411,0,429.0792,0.004898969,0.17377147,3066.7092,382.19473,0.000997,36.43932,228.22623,12.778315,4.2182603
Grid_Cell_86,2008,0.16649908,0,454.21033,0.005197819,0.14566323,2527.9133,440.008,0.002421598,30.813494,209.99536,11.451899,3.8716846
Grid_Cell_86,2009,0.19606733,0,464.21796,0.004989458,0.17429666,2552.5146,509.87772,0.001558182,27.90113,225.11505,11.493555,4.000578
Grid_Cell_86,2010,0.20109305,0,472.51068,0.005123054,0.18363377,2765.5981,516.00995,0.004613873,23.835674,261.3772,12.723413,4.1832905
Grid_Cell_86,2011,0.19532685,0,532.9744,0.005158751,0.20974895,2622.1357,499.97192,0.003459928,24.41136,245.96593,10.5724125,4.360145
Grid_Cell_86,2012,0.2427474,0,431.39798,0.00534776,0.16958793,2952.5718,405.57794,0.009721544,27.475548,211.81047,11.75564,4.8011336
Grid_Cell_86,2013,0.1927636,0,382.90497,0.005216071,0.05659924,2911.93,378.93204,0.000888,33.509556,185.4485,12.47204,4.667111
Grid_Cell_86,2014,0.16657715,0,327.1904,0.004767335,0.0603399,3281.6733,326.0196,0.000834,38.610744,160.83566,11.768824,5.1708107
Grid_Cell_86,2015,0.15793729,0,361.3423,0.005036575,0.05818392,3116.923,363.73322,0.000806,41.09715,166.97267,12.815058,4.8134923
Grid_Cell_86,2016,0.17924814,0,328.7342,0.005499154,0.043890145,2742.406,351.3356,0.001088863,39.03979,177.41058,12.143396,4.4280624
Grid_Cell_86,2017,0.17039995,0,312.15292,0.005308075,0.050494924,2936.2573,296.92117,0.002023712,38.262295,174.78087,12.673914,4.656318
Grid_Cell_86,2018,0.16356058,263,329.9836,0.00506025,0.0640812,3204.8499,359.5968,0.00117212,40.133884,165.00854,13.152582,4.757344
Grid_Cell_86,2019,0.13923708,70,324.0449,0.005387554,0.06789952,3044.1726,278.94348,0.001162192,43.65623,176.80972,13.503717,4.5557337
Grid_Cell_86,2020,0.13135259,75,353.9644,0.004992277,0.061438113,3449.6267,360.8804,0.001010547,42.556232,177.73341,13.524317,5.0848365
Grid_Cell_86,2021,0.1541092,161,483.1551,0.005465108,0.04878248,2970.1135,541.69775,0.001489654,30.682861,201.75482,13.322535,4.737098
Grid_Cell_86,2022,0.14830339,449,493.12863,0.00517492,0.06266577,3312.7605,508.07416,0.001809911,29.947664,215.76163,13.453424,5.1701674
Grid_Cell_86,2023,0.1466298,3063,519.36975,0.005724193,0.049719628,3061.2976,538.80444,0.001779678,30.759161,220.69626,13.975855,5.042488
Grid_Cell_86,2024,0.14120133,13110,408.6635,0.004965794,0.0644925,3547.2651,405.1003,0.001359845,42.87922,209.74458,13.924799,5.0522513
Grid_Cell_86,2025,0.13990563,16728,474.61624,0.005427769,0.05510986,3115.8044,485.3886,0.001026169,41.329777,194.03348,13.734308,4.5877953
Grid_Cell_87,2000,0.14681247,0,427.837,0.005088278,0.2487189,2855.0925,456.6751,0.001364599,34.09519,199.08134,11.545649,4.157478
Grid_Cell_87,2001,0.16980526,0,439.32144,0.00563305,0.150947,2486.3953,561.7037,0.001311387,36.33697,222.14644,11.126886,4.215883
Grid_Cell_87,2002,0.20675004,0,470.36035,0.005203995,0.18731557,2472.3132,504.0695,0.003183918,32.34328,261.58542,10.624262,4.0081315
Grid_Cell_87,2003,0.22239065,0,429.43076,0.005469287,0.11582456,2236.1301,474.64053,0.010727839,30.488863,263.91876,9.625666,4.087472
Grid_Cell_87,2004,0.16749543,0,493.35138,0.006173848,0.22345133,2140.4136,588.0549,0.002421243,30.145899,298.7942,11.1047,4.2335815
Grid_Cell_87,2005,0.18687002,0,500.19272,0.005598256,0.20560065,2395.3633,534.7501,0.002716781,23.782757,316.0481,11.912561,4.1178718
Grid_Cell_87,2006,0.22248034,0,499.12708,0.005328719,0.17815578,2689.6296,465.6798,0.00713714,24.8743,283.63562,11.809137,4.172891
Grid_Cell_87,2007,0.17003272,0,419.93805,0.004860743,0.18756755,3072.8796,377.5518,0.001085664,36.299038,238.18243,12.75622,4.2352123
Grid_Cell_87,2008,0.16760792,0,449.4853,0.005138052,0.18137605,2545.3289,431.5262,0.002858111,29.973827,220.97643,11.476984,3.890093
Grid_Cell_87,2009,0.19260979,0,461.2501,0.004923348,0.18847227,2584.0532,506.34613,0.001800065,27.01998,234.44614,11.522821,4.035612
Grid_Cell_87,2010,0.19928348,0,457.36908,0.005083695,0.216147,2801.88,505.82773,0.005034637,24.607887,269.93417,12.772821,4.2137017
Grid_Cell_87,2011,0.1912777,0,522.1788,0.005123457,0.2084349,2654.6938,491.44424,0.004132671,24.844524,260.14923,10.655573,4.3998027
Grid_Cell_87,2012,0.23825482,0,422.4617,0.005318467,0.21870711,2986.4468,398.03214,0.011223859,27.76639,225.14342,11.813715,4.8580327
Grid_Cell_87,2013,0.18973507,0,377.23932,0.005178931,0.058963668,2972.608,368.25406,0.000941,34.2156,191.04367,12.530176,4.7368712
Grid_Cell_87,2014,0.15918966,0,316.31375,0.004732486,0.058800638,3340.6816,307.54404,0.000741,39.584446,162.57811,11.8501835,5.239201
Grid_Cell_87,2015,0.15498291,0,354.19592,0.005019647,0.053354256,3168.2683,357.82883,0.000843,42.24916,168.38301,12.8181095,4.895239
Grid_Cell_87,2016,0.17605764,0,336.7528,0.005477132,0.039407052,2794.0422,363.7486,0.001183446,38.976486,181.59894,12.203791,4.5326734
Grid_Cell_87,2017,0.1664687,0,324.19815,0.00527376,0.049055297,3008.627,313.7886,0.002408538,38.159264,180.26476,12.698236,4.7549486
Grid_Cell_87,2018,0.15836497,263,327.44992,0.005018182,0.06503686,3287.474,356.70132,0.001302562,40.651054,170.00133,13.172327,4.886864
Grid_Cell_87,2019,0.13452889,70,337.00705,0.005348567,0.059845865,3073.542,290.73492,0.001242168,43.252613,184.24702,13.481958,4.625117
Grid_Cell_87,2020,0.12685801,75,346.68997,0.004950843,0.059886564,3506.9187,353.29367,0.001049618,43.283127,182.50366,13.519617,5.1817966
Grid_Cell_87,2021,0.14986938,161,464.61472,0.005399063,0.043747313,3071.915,518.5469,0.001496483,32.260048,203.73125,13.381128,4.8390503
Grid_Cell_87,2022,0.14758736,449,484.45514,0.005171506,0.05837768,3343.1409,501.0109,0.001762815,30.961676,219.3577,13.432154,5.2377014
Grid_Cell_87,2023,0.14171924,3063,516.26904,0.005675696,0.05585363,3125.1497,539.1814,0.00243012,31.55659,227.31674,14.002039,5.1255703
Grid_Cell_87,2024,0.13743496,13110,401.03198,0.004944883,0.064517364,3583.285,402.79202,0.001528459,43.957394,215.42654,13.874933,5.1257415
Grid_Cell_87,2025,0.13543291,16728,464.62952,0.005408199,0.0534105,3171.0469,471.45514,0.001044257,42.54128,200.2023,13.717951,4.6568856
Grid_Cell_88,2000,0.14475077,0,411.8072,0.005024124,0.22119904,2897.295,441.20773,0.001273003,35.190063,195.78624,11.526026,4.1698112
Grid_Cell_88,2001,0.1676416,0,426.97702,0.005576796,0.1587343,2513.4375,546.10956,0.001258736,36.40648,220.94917,11.147486,4.1968417
Grid_Cell_88,2002,0.20539698,0,455.72205,0.00513207,0.19167672,2507.1423,486.4525,0.002960555,33.061024,260.1274,10.650812,3.980666
Grid_Cell_88,2003,0.21770307,0,417.2624,0.005442174,0.15463166,2256.3267,458.4708,0.009711692,31.475534,262.4286,9.661737,4.0972667
Grid_Cell_88,2004,0.16619907,0,473.007,0.006101256,0.21903141,2198.027,567.327,0.002242831,31.226624,294.0584,11.132044,4.280542
Grid_Cell_88,2005,0.18407658,0,493.90063,0.005560438,0.22015105,2441.2185,525.0042,0.002509308,24.248234,315.7863,11.984247,4.157324
Grid_Cell_88,2006,0.21759325,0,487.37448,0.005294171,0.1822034,2724.4675,458.0345,0.007327254,25.59431,285.33044,11.835199,4.2172403
Grid_Cell_88,2007,0.16939667,0,413.26364,0.004848407,0.19799943,3084.5723,374.6671,0.001125692,36.12232,243.5942,12.756617,4.2840137
Grid_Cell_88,2008,0.16806222,0,444.43823,0.005107276,0.15193583,2569.0876,422.33792,0.002972162,29.526327,226.66751,11.519617,3.9357898
Grid_Cell_88,2009,0.18834361,0,457.13422,0.004880249,0.20881952,2631.1377,499.97412,0.001910812,26.951012,237.626,11.580744,4.098112
Grid_Cell_88,2010,0.19808476,0,447.5951,0.005065373,0.196185,2840.3887,497.15204,0.004817962,25.360863,272.0654,12.814386,4.2643523
Grid_Cell_88,2011,0.18977633,0,519.4356,0.005113124,0.19803421,2676.3484,491.37408,0.004320113,25.154976,266.1357,10.684137,4.447166
Grid_Cell_88,2012,0.23605031,0,418.93976,0.005312063,0.19049715,3009.43,398.11075,0.012270195,28.00225,231.85295,11.829889,4.9104233
Grid_Cell_88,2013,0.18686372,0,380.78064,0.005163252,0.063906044,3006.3318,368.172,0.000956,33.92711,196.19589,12.545496,4.799885
Grid_Cell_88,2014,0.1567442,0,320.2471,0.004717722,0.07180343,3375.4404,309.00742,0.000754,39.209732,164.8472,11.884668,5.2978997
Grid_Cell_88,2015,0.15230554,0,352.72604,0.005005941,0.06562905,3182.9683,353.57257,0.000811,42.692154,169.48953,12.776331,4.9285607
Grid_Cell_88,2016,0.1718659,0,317.82907,0.005449646,0.050450526,2831.4072,338.96246,0.000996,40.59123,177.27449,12.236261,4.590665
Grid_Cell_88,2017,0.16191044,0,302.61652,0.005234856,0.061353076,3063.151,291.64212,0.00190273,40.18964,174.48192,12.688654,4.820017
Grid_Cell_88,2018,0.1545911,263,304.54312,0.004981052,0.0784514,3326.4202,338.11884,0.001289274,42.673904,166.06425,13.127649,4.936693
Grid_Cell_88,2019,0.13092321,70,326.08716,0.005315078,0.0668998,3101.1091,279.3161,0.001143185,44.23583,181.03291,13.44549,4.666521
Grid_Cell_88,2020,0.12418049,75,343.26605,0.004917684,0.071032345,3519.9495,350.71738,0.001097999,43.509556,186.66652,13.485041,5.209529
Grid_Cell_88,2021,0.14750862,161,463.5855,0.005356954,0.05854654,3130.2559,516.8351,0.001612911,32.221386,207.24118,13.394587,4.90429
Grid_Cell_88,2022,0.14732537,449,483.27258,0.005164208,0.06487572,3333.1772,496.9663,0.001625593,30.91511,222.86572,13.389765,5.247736
Grid_Cell_88,2023,0.13938855,3063,504.98953,0.005644182,0.06987985,3132.9856,528.41595,0.001917315,32.397263,227.79971,13.99151,5.1306386
Grid_Cell_88,2024,0.1353047,13110,397.27524,0.004925415,0.073220834,3582.0479,403.1732,0.001592138,44.20767,218.8368,13.83288,5.1342716
Grid_Cell_88,2025,0.13322069,16728,464.8797,0.005387212,0.056112967,3192.8286,470.79657,0.001079462,42.66016,204.73228,13.705866,4.681902
Grid_Cell_89,2000,0.14225158,0,375.94214,0.004983618,0.26113033,2921.4075,422.99396,0.000947,38.01315,199.7397,11.453852,4.185561
Grid_Cell_89,2001,0.163629,0,393.81238,0.005534262,0.16881351,2544.747,528.46234,0.000992,39.07668,225.33063,11.157648,4.1845813
Grid_Cell_89,2002,0.20384692,0,477.5132,0.005081306,0.18714707,2517.844,476.42255,0.001698531,31.714592,260.69922,10.666681,3.9588852
Grid_Cell_89,2003,0.21043663,0,422.90216,0.005417972,0.14466721,2270.525,441.94894,0.003940408,31.55528,263.82495,9.682154,4.1197667
Grid_Cell_89,2004,0.16272706,0,487.38663,0.006035686,0.21767281,2237.9539,543.36487,0.001458849,30.364117,273.92386,11.130823,4.339285
Grid_Cell_89,2005,0.17854105,0,514.4023,0.0055339,0.21611834,2460.8765,521.249,0.001435521,23.507559,278.0643,12.021479,4.217769
Grid_Cell_89,2006,0.2140315,0,477.53894,0.005275914,0.18305655,2746.525,446.57892,0.001707154,26.600498,259.8782,11.8128605,4.27522
Grid_Cell_89,2007,0.16501513,0,396.31198,0.00485062,0.17600703,3098.3103,373.2858,0.000765,37.73269,231.80603,12.733423,4.351925
Grid_Cell_89,2008,0.16431116,0,437.18756,0.00509409,0.1799135,2591.52,410.75748,0.001048289,30.359781,235.7543,11.533594,3.9989388
Grid_Cell_89,2009,0.18061098,0,443.91608,0.004851215,0.19739449,2679.205,489.61368,0.001074486,28.807915,237.66306,11.616266,4.1742764
Grid_Cell_89,2010,0.19564043,0,454.8408,0.005050705,0.19796456,2853.862,488.8501,0.001449884,25.693966,262.5808,12.816034,4.3248315
Grid_Cell_89,2011,0.18822996,0,514.5853,0.005088806,0.30899683,2697.3306,491.4475,0.001326134,25.958487,257.06482,10.671686,4.498878
Grid_Cell_89,2012,0.23401055,0,432.40073,0.005293194,0.2217988,3027.1487,398.04828,0.005477585,27.333632,236.64041,11.80868,4.963941
Grid_Cell_89,2013,0.18247677,0,374.2974,0.005135441,0.060115177,3036.6982,368.2735,0.000711,35.13427,206.76796,12.516687,4.859234
Grid_Cell_89,2014,0.15307178,0,332.85934,0.004689537,0.06357174,3397.7336,309.6544,0.000423,39.078606,182.48003,11.870539,5.348448
Grid_Cell_89,2015,0.14702938,0,358.09796,0.004997448,0.060892325,3168.9927,351.48276,0.000585,43.29963,187.59406,12.710047,4.948013
Grid_Cell_89,2016,0.16542391,0,316.49893,0.005428816,0.04468719,2837.5684,325.2473,0.0007,41.407333,193.31871,12.236567,4.6309657
Grid_Cell_89,2017,0.15822113,0,283.46918,0.005203024,0.051969964,3091.7576,262.7489,0.000704,42.32881,183.52272,12.656183,4.867243
Grid_Cell_89,2018,0.14914736,263,289.4145,0.004964778,0.074009545,3329.376,320.30426,0.000935,44.756233,174.14023,13.054255,4.9609737
Grid_Cell_89,2019,0.1256062,70,312.45865,0.005291663,0.0608795,3126.6177,257.39316,0.000648,46.09957,188.5469,13.406397,4.707891
Grid_Cell_89,2020,0.12014774,75,352.54053,0.004899511,0.05950653,3524.024,347.8987,0.000874,43.4356,199.42387,13.480005,5.2404714
Grid_Cell_89,2021,0.14399198,161,454.5718,0.005308927,0.050487872,3191.7026,516.32855,0.001262569,33.30541,219.56572,13.40423,4.972064
Grid_Cell_89,2022,0.14403729,449,467.8037,0.005148558,0.060006965,3335.4924,493.35373,0.001244377,32.51337,230.21477,13.337427,5.2736263
Grid_Cell_89,2023,0.13569961,3063,501.56705,0.005598857,0.046604645,3155.8738,521.5147,0.001152582,32.97107,234.659,13.993097,5.157111
Grid_Cell_89,2024,0.13165098,13110,402.01944,0.004903429,0.063641146,3581.0332,403.98083,0.001280366,44.420197,217.69193,13.773462,5.1564565
Grid_Cell_89,2025,0.12958233,16728,468.97668,0.005356331,0.053065,3219.2725,470.30832,0.000909,42.833996,222.40723,13.703058,4.7179
Grid_Cell_9,2000,0.12887065,0,357.68637,0.006366963,0.20941374,2776.881,377.11646,0.000547,43.97666,180.06244,13.190119,5.0202384
Grid_Cell_9,2001,0.13426523,0,379.3879,0.006952995,0.17839462,2453.9724,471.2364,0.000736,45.047295,201.476,12.995447,5.207698
Grid_Cell_9,2002,0.16518606,0,491.50134,0.006549139,0.2416781,2333.7886,533.17334,0.001269086,34.661438,239.67368,12.178858,4.669673
Grid_Cell_9,2003,0.17232479,0,450.8709,0.005834281,0.13820128,2321.2756,522.57855,0.00243362,29.571146,250.05563,11.657618,4.120794
Grid_Cell_9,2004,0.13806556,0,483.67838,0.006548695,0.20624603,2399.2632,525.3673,0.001160338,34.83471,247.86418,12.689356,4.578151
Grid_Cell_9,2005,0.13741842,0,496.8393,0.006393842,0.1813968,2491.0413,543.685,0.001466332,29.672894,252.59625,13.597284,4.6454062
Grid_Cell_9,2006,0.17225863,0,442.46704,0.006352893,0.17425092,2626.1438,492.49945,0.004423216,34.27684,248.859,13.07342,4.7964525
Grid_Cell_9,2007,0.13385329,0,436.92752,0.006121715,0.24957086,2894.1023,439.15823,0.000818,38.094437,232.85129,13.860712,4.8305206
Grid_Cell_9,2008,0.14540796,0,464.17517,0.00621687,0.16308382,2436.2512,434.42566,0.001670898,30.444824,234.45157,12.871759,4.4253387
Grid_Cell_9,2009,0.14831033,0,505.99557,0.006185194,0.22894117,2447.935,600.5858,0.002042548,27.859604,242.16022,13.049646,4.7015023
Grid_Cell_9,2010,0.14409615,0,452.6808,0.006509229,0.21817507,2585.193,510.85403,0.002479514,32.086174,251.22652,14.087824,4.562606
Grid_Cell_9,2011,0.14784643,0,519.65594,0.006046306,0.3216519,2630.9675,533.3839,0.001538788,29.525282,251.88559,12.271479,4.7732615
Grid_Cell_9,2012,0.17374347,0,453.8189,0.006405117,0.348404,2875.3086,478.24,0.006653893,35.575325,234.87946,13.435083,5.1423564
Grid_Cell_9,2013,0.15057616,0,423.85965,0.006033886,0.047119986,2787.0454,394.1201,0.000843,34.372505,217.68932,13.543268,4.9606724
Grid_Cell_9,2014,0.13748474,0,375.74075,0.005949862,0.06120527,3133.0032,372.12802,0.000734,38.788376,192.05714,13.40658,5.6134133
Grid_Cell_9,2015,0.13425346,0,369.1345,0.005804527,0.06174686,3113.0918,362.5398,0.00055,40.476284,193.48276,13.896662,5.250307
Grid_Cell_9,2016,0.14417158,0,383.0002,0.006242034,0.03846154,2802.5164,394.25385,0.001563535,39.339,207.13454,13.393671,4.8999887
Grid_Cell_9,2017,0.13321307,0,266.5726,0.005981479,0.05230998,3111.0571,233.22493,0.000642,46.4275,179.32571,13.8432255,5.1688867
Grid_Cell_9,2018,0.13608944,263,252.2668,0.005828045,0.065301105,3321.4937,238.35384,0.000339,51.746777,155.18628,14.154383,5.3752203
Grid_Cell_9,2019,0.123412155,70,282.561,0.006107632,0.05183974,3066.6768,252.84096,0.000705,51.776287,155.00127,14.332819,4.918028
Grid_Cell_9,2020,0.12235242,75,344.34848,0.005846246,0.05319838,3364.7544,358.87277,0.000899,48.382767,169.4329,14.368769,5.527323
Grid_Cell_9,2021,0.13038205,161,400.1193,0.006245396,0.069129154,3114.7715,416.82385,0.000573,41.636856,178.75586,14.304102,5.2651806
Grid_Cell_9,2022,0.13244423,449,431.62802,0.006094722,0.097116284,3259.315,469.65417,0.001215517,38.758965,200.26457,14.284021,5.579277
Grid_Cell_9,2023,0.13021715,3063,443.85617,0.006347319,0.05074161,3112.3416,470.91238,0.000727,39.46052,196.64972,14.698145,5.3830705
Grid_Cell_9,2024,0.12620997,13110,375.6148,0.005951468,0.061884996,3312.7534,390.79834,0.001092023,48.606033,198.5189,14.435114,5.4475617
Grid_Cell_9,2025,0.13970172,16728,469.09766,0.006139047,0.048542958,3109.1882,456.38727,0.000644,44.133938,193.31244,14.2416935,5.1234326
Grid_Cell_90,2000,0.14407153,0,363.1855,0.004959686,0.14500089,3002.5159,403.6608,0.000816,43.94449,194.79535,11.388269,4.2083836
Grid_Cell_90,2001,0.1635826,0,384.91534,0.005503296,0.1326905,2613.6392,509.65958,0.000874,43.00712,218.9722,11.184565,4.1850953
Grid_Cell_90,2002,0.2041158,0,463.0833,0.005045139,0.14878792,2598.786,472.2797,0.001645675,36.39758,255.14752,10.698664,3.9465563
Grid_Cell_90,2003,0.20304202,0,415.66183,0.005404743,0.10815404,2314.7334,425.80188,0.00327975,34.53001,259.6353,9.721857,4.1390133
Grid_Cell_90,2004,0.16298056,0,464.69214,0.005986198,0.16535994,2327.1733,518.2104,0.001307176,35.021614,266.79227,11.13183,4.3922906
Grid_Cell_90,2005,0.17661503,0,510.98947,0.005514657,0.13769718,2529.157,519.8353,0.001310144,25.623178,274.85046,12.045008,4.2770844
Grid_Cell_90,2006,0.21079873,0,460.11853,0.005263376,0.14646965,2789.9695,433.5498,0.001515291,29.538128,256.6303,11.765375,4.329603
Grid_Cell_90,2007,0.16414472,0,399.50986,0.004860414,0.13433073,3139.7664,372.32892,0.000763,39.81924,234.3633,12.700159,4.4146304
Grid_Cell_90,2008,0.16064276,0,428.76178,0.005087649,0.14775363,2660.2874,397.7564,0.001040437,33.391357,233.36238,11.534357,4.0616093
Grid_Cell_90,2009,0.17751585,0,435.5256,0.004831451,0.14544925,2763.6814,477.37405,0.001003678,32.08907,233.34027,11.632807,4.2427697
Grid_Cell_90,2010,0.19544554,0,440.04156,0.005040986,0.15120493,2925.9592,465.20892,0.001198849,29.032291,256.80893,12.806482,4.3792152
Grid_Cell_90,2011,0.18080969,0,480.70462,0.005054659,0.17383747,2790.4482,452.1096,0.001119507,31.691969,248.29573,10.677515,4.5636725
Grid_Cell_90,2012,0.2352868,0,408.73904,0.005270506,0.17926332,3102.9631,382.16827,0.0036029,31.186056,226.69644,11.806208,5.0184155
Grid_Cell_90,2013,0.17653723,0,348.29745,0.005097931,0.06534954,3126.674,329.87305,0.000559,40.18665,196.55536,12.501642,4.928275
Grid_Cell_90,2014,0.1508429,0,307.68454,0.004649654,0.073682606,3474.456,286.92685,0.000352,43.87971,173.68352,11.862696,5.394441
Grid_Cell_90,2015,0.14352085,0,337.3987,0.004986883,0.0696804,3221.4539,333.38196,0.000527,47.67812,179.94879,12.6566105,4.9678416
Grid_Cell_90,2016,0.1653882,0,325.796,0.005413256,0.062111054,2876.3755,338.28284,0.000703,43.03456,193.7089,12.230707,4.661123
Grid_Cell_90,2017,0.15997188,0,266.4797,0.005170719,0.060008794,3157.4805,240.04189,0.00057,45.8631,177.78644,12.604761,4.8978252
Grid_Cell_90,2018,0.14749815,263,281.04343,0.004946744,0.08011914,3371.4058,313.2594,0.000894,48.214336,167.98914,12.952234,4.973303
Grid_Cell_90,2019,0.123943835,70,293.4485,0.005259896,0.057132505,3186.564,237.13992,0.000564,50.08588,182.75987,13.304895,4.718439
Grid_Cell_90,2020,0.12050686,75,296.42734,0.004881212,0.06318534,3590.7617,294.1669,0.000605,50.44741,177.87042,13.403376,5.2418036
Grid_Cell_90,2021,0.13380834,161,360.83755,0.005279677,0.0628513,3307.1343,409.5079,0.000666,43.50627,187.85977,13.357965,5.0100093
Grid_Cell_90,2022,0.14367907,449,403.19485,0.005138571,0.06274212,3386.837,447.91165,0.001039644,39.767246,209.6258,13.227045,5.28301
Grid_Cell_90,2023,0.13024376,3063,415.90363,0.005558192,0.058643468,3248.9788,420.31656,0.000614,41.77136,209.39638,13.929682,5.1765633
Grid_Cell_90,2024,0.12971593,13110,330.86874,0.004891084,0.07747518,3637.5806,349.6693,0.000963,52.305363,195.11177,13.649775,5.1554008
Grid_Cell_90,2025,0.12951261,16728,404.56635,0.005331451,0.057533164,3261.3716,401.33005,0.000678,48.527706,203.254,13.6318,4.728834
Grid_Cell_91,2000,0.14853187,0,351.0937,0.004932665,0.1545292,3012.0073,387.40256,0.000727,44.127438,193.58725,11.310968,4.2471943
Grid_Cell_91,2001,0.16755456,0,376.24188,0.005468718,0.114203654,2635.9412,492.38174,0.000809,43.05215,216.67389,11.196802,4.2068415
Grid_Cell_91,2002,0.20716052,0,453.6398,0.005005844,0.14218077,2626.5093,468.41006,0.001646825,36.840565,253.12105,10.7165165,3.9482346
Grid_Cell_91,2003,0.19917352,0,408.84595,0.005390438,0.08730277,2330.157,412.75766,0.00272951,35.437843,257.2237,9.74975,4.165109
Grid_Cell_91,2004,0.16765678,0,444.48672,0.005936659,0.16067716,2365.1863,496.82233,0.001231421,35.94952,262.3768,11.114893,4.4556103
Grid_Cell_91,2005,0.17791596,0,505.273,0.005489907,0.12113235,2560.6467,517.32324,0.001260144,25.659254,272.87372,12.045008,4.333694
Grid_Cell_91,2006,0.21281673,0,444.09998,0.005245482,0.17519793,2794.8394,422.97552,0.001584356,30.395348,255.585,11.695154,4.3651853
Grid_Cell_91,2007,0.16851117,0,400.97327,0.004867058,0.16866979,3132.953,371.6507,0.000797,39.18225,238.3927,12.643,4.4499044
Grid_Cell_91,2008,0.16419798,0,421.8342,0.00507757,0.14085037,2677.6797,386.55942,0.001089682,33.58054,233.29959,11.506311,4.107033
Grid_Cell_91,2009,0.17844547,0,428.2496,0.004811375,0.15590416,2788.3232,467.1551,0.000945,32.505417,231.71654,11.613153,4.2910914
Grid_Cell_91,2010,0.20006992,0,429.36035,0.005035564,0.15371417,2928.6013,453.5676,0.001093497,29.16748,254.14738,12.764765,4.4045234
Grid_Cell_91,2011,0.18289761,0,471.81192,0.005031967,0.14786568,2815.615,442.76328,0.001098658,32.357838,246.51534,10.66662,4.6039124
Grid_Cell_91,2012,0.23779756,0,401.71774,0.005255991,0.176068,3106.03,378.34906,0.003318989,31.529928,225.28896,11.796595,5.040956
Grid_Cell_91,2013,0.17685126,0,341.96652,0.005068848,0.0754361,3152.6414,320.57855,0.000529,40.770267,195.62517,12.482325,4.9758096
Grid_Cell_91,2014,0.15435626,0,302.06314,0.004617304,0.073107965,3478.0857,282.01608,0.000369,44.150173,172.92844,11.83407,5.410571
Grid_Cell_91,2015,0.14677958,0,334.99353,0.004973335,0.06557502,3230.104,331.93042,0.000513,47.354877,179.3144,12.611444,4.9907866
Grid_Cell_91,2016,0.16936491,0,335.34402,0.005396286,0.06361942,2874.1287,356.80807,0.000885,41.64701,200.1267,12.225,4.693124
Grid_Cell_91,2017,0.1646755,0,258.4121,0.005140222,0.06500119,3189.83,225.27504,0.000522,46.036404,178.5694,12.592615,4.937106
Grid_Cell_91,2018,0.14925267,263,272.90778,0.004918261,0.0724683,3391.1216,302.697,0.001012658,48.703655,166.29793,12.9309635,5.0148096
Grid_Cell_91,2019,0.12729691,70,277.8306,0.00522943,0.059326734,3202.5415,218.96893,0.000539,50.65104,180.27342,13.300745,4.7462473
Grid_Cell_91,2020,0.12466325,75,296.09882,0.004855969,0.064417414,3618.515,293.40866,0.0006,50.433292,178.7445,13.456049,5.266291
Grid_Cell_91,2021,0.1362421,161,358.68402,0.005252947,0.06204566,3344.0793,407.77127,0.000648,43.305412,188.23303,13.425653,5.042372
Grid_Cell_91,2022,0.14911442,449,400.4927,0.005125564,0.060421545,3392.677,449.28323,0.001111935,39.560173,210.60313,13.262171,5.290681
Grid_Cell_91,2023,0.1357494,3063,414.8387,0.005526237,0.057865657,3266.6565,417.24396,0.000601,41.13518,210.9387,13.960382,5.1964607
Grid_Cell_91,2024,0.13352713,13110,329.6016,0.004877393,0.3812429,3655.5618,349.2623,0.001074479,52.14962,197.21025,13.677149,5.1788473
Grid_Cell_91,2025,0.13340443,16728,403.4315,0.005312552,0.05274972,3267.44,399.69928,0.000672,47.9572,205.10217,13.676966,4.749031
Grid_Cell_92,2000,0.15049176,0,340.14603,0.004960741,0.16118233,3008.431,376.00244,0.000658,44.099834,191.42238,11.420465,4.274458
Grid_Cell_92,2001,0.17014569,0,367.75092,0.005476594,0.1478438,2649.738,477.74664,0.000787,42.802982,213.89703,11.2816105,4.236944
Grid_Cell_92,2002,0.20814869,0,443.15408,0.005012947,0.17319,2635.07,461.00555,0.00160138,36.818535,250.57445,10.794397,3.9540565
Grid_Cell_92,2003,0.19566005,0,401.10126,0.005383493,0.12400275,2338.3345,404.78183,0.002266014,35.49709,254.90134,9.806147,4.1691504
Grid_Cell_92,2004,0.17175871,0,429.58142,0.005894241,0.15079065,2389.4973,481.64243,0.00119654,36.01042,259.32474,11.11651,4.4920173
Grid_Cell_92,2005,0.17820421,0,501.0729,0.005471705,0.15783045,2587.1267,513.07776,0.001233134,25.837942,270.834,12.0689335,4.3643103
Grid_Cell_92,2006,0.21341276,0,436.81107,0.005235554,0.17311111,2796.612,418.95575,0.001563856,30.827461,254.76332,11.675348,4.3772745
Grid_Cell_92,2007,0.17141277,0,401.8891,0.004881876,0.13001509,3120.7986,371.54486,0.000806,38.73792,240.05493,12.627222,4.4561715
Grid_Cell_92,2008,0.16804703,0,417.54108,0.005075688,0.1504565,2685.1562,378.62372,0.001103719,33.59809,232.32225,11.517298,4.1313157
Grid_Cell_92,2009,0.17953709,0,422.79453,0.004802287,0.1566046,2801.148,461.96243,0.000895,32.735615,230.21017,11.624292,4.3112283
Grid_Cell_92,2010,0.20345236,0,423.74222,0.005040157,0.1497961,2923.5044,447.87167,0.001071836,29.026278,252.25284,12.759211,4.4118867
Grid_Cell_92,2011,0.18511043,0,472.49554,0.005034152,0.15519632,2820.9268,442.81512,0.001082702,31.876493,245.7884,10.695124,4.6282616
Grid_Cell_92,2012,0.23903681,0,400.34344,0.005259539,0.15882589,3098.4001,378.51492,0.003391701,30.961617,224.4201,11.834467,5.048846
Grid_Cell_92,2013,0.17916386,0,341.5356,0.005064718,0.06078562,3165.8562,320.63257,0.000556,40.57358,195.91823,12.504328,5.003789
Grid_Cell_92,2014,0.15791918,0,301.6819,0.004609855,0.07080799,3470.3816,282.29257,0.00037,43.339462,173.38396,11.845087,5.4152284
Grid_Cell_92,2015,0.1511823,0,335.05832,0.004956726,0.06221322,3240.1575,330.13763,0.000524,46.447334,178.66368,12.604029,5.0026703
Grid_Cell_92,2016,0.1691976,0,334.54916,0.005372682,0.05813863,2885.5237,358.59167,0.000992,40.8372,200.81927,12.254847,4.720344
Grid_Cell_92,2017,0.1656867,0,251.21393,0.005111167,0.0534423,3209.139,214.43076,0.000418,45.75998,177.17723,12.592279,4.9539895
Grid_Cell_92,2018,0.14851336,263,264.84988,0.004884812,0.06743073,3410.522,294.489,0.001185158,48.730415,165.30702,12.912653,5.037001
Grid_Cell_92,2019,0.12962091,70,269.2349,0.005205427,0.060462095,3216.0315,208.73376,0.000499,50.333008,177.64487,13.2850895,4.761727
Grid_Cell_92,2020,0.12851092,75,297.8641,0.004836731,0.06261333,3619.3137,293.8858,0.000608,49.191387,179.14484,13.441278,5.270253
Grid_Cell_92,2021,0.13954626,161,358.4032,0.005226197,0.055286452,3349.1338,407.03363,0.000634,42.068123,188.00197,13.44137,5.067441
Grid_Cell_92,2022,0.1540902,449,402.77908,0.005103619,0.055905674,3403.0767,452.52972,0.001123702,38.32163,210.9503,13.265406,5.304277
Grid_Cell_92,2023,0.1398196,3063,416.47598,0.00548647,0.05385935,3288.9768,417.50858,0.000602,39.641663,211.06017,13.975122,5.2246456
Grid_Cell_92,2024,0.13649769,13110,328.78372,0.004859291,0.0694406,3665.6526,349.99966,0.001162525,51.079166,198.28337,13.648127,5.199343
Grid_Cell_92,2025,0.13701838,16728,404.32135,0.005295635,0.057699297,3285.774,399.83704,0.000671,46.988537,205.79428,13.678247,4.7840147
Grid_Cell_93,2000,0.1512768,0,341.6027,0.004993765,0.18083705,3005.054,369.4905,0.000346,42.92766,148.48254,11.543024,4.314704
Grid_Cell_93,2001,0.172675,0,374.0257,0.005487095,0.12721862,2654.9407,466.33536,0.000443,40.75062,173.40398,11.363306,4.2865677
Grid_Cell_93,2002,0.20846531,0,408.7129,0.005023529,0.16960956,2652.9014,448.76807,0.002347647,38.136433,212.7862,10.867365,3.97457
Grid_Cell_93,2003,0.19289671,0,366.46457,0.005373972,0.112653494,2355.0952,402.80975,0.007575014,36.77652,216.86543,9.852961,4.187609
Grid_Cell_93,2004,0.17551006,0,386.57053,0.005849142,0.15456511,2418.6619,474.14612,0.001522828,37.311615,229.64684,11.107203,4.541573
Grid_Cell_93,2005,0.17777036,0,444.5263,0.005450825,0.13891734,2639.4902,506.61505,0.001655178,29.337194,245.07973,12.082697,4.3920155
Grid_Cell_93,2006,0.21088545,0,397.01523,0.005224226,0.13619547,2812.8782,421.96786,0.006706969,33.512997,224.86095,11.659449,4.377891
Grid_Cell_93,2007,0.17488024,0,377.84183,0.004894976,0.118210375,3110.5916,372.01138,0.00051,39.57527,214.32486,12.605249,4.4477468
Grid_Cell_93,2008,0.17107937,0,403.41666,0.005072539,0.13217229,2693.2615,372.24973,0.005483668,33.814552,202.70581,11.526697,4.148324
Grid_Cell_93,2009,0.18110281,0,419.156,0.004794249,0.12673394,2812.187,461.70972,0.002211356,32.25439,202.19196,11.626734,4.3188996
Grid_Cell_93,2010,0.2042587,0,389.5937,0.005043387,0.13804995,2932.0925,443.21255,0.004791774,30.497166,224.36617,12.740534,4.415277
Grid_Cell_93,2011,0.18507358,0,456.14435,0.005039046,0.16863284,2831.2732,442.81943,0.004844884,32.53902,219.0705,10.714075,4.647269
Grid_Cell_93,2012,0.23852797,0,375.55728,0.005264498,0.14029351,3096.1025,378.44492,0.012620232,31.697788,191.01375,11.868341,5.0586476
Grid_Cell_93,2013,0.18017259,0,347.08246,0.005063037,0.050190806,3177.5747,320.56885,0.000816,39.16753,164.36453,12.516138,5.036631
Grid_Cell_93,2014,0.16173832,0,298.98837,0.004604859,0.06816032,3462.22,279.68652,0.000631,41.94141,130.38344,11.845301,5.4197836
Grid_Cell_93,2015,0.15650643,0,333.19427,0.004930581,0.056929175,3268.6665,327.6461,0.000383,44.87614,127.10155,12.634058,5.020102
Grid_Cell_93,2016,0.1698866,0,311.75558,0.005328984,0.05348989,2929.2798,331.45758,0.000556,40.93387,150.75014,12.327143,4.7660065
Grid_Cell_93,2017,0.16634654,0,241.23041,0.00507026,0.050090212,3228.0525,213.78491,0.001577668,44.621113,134.93338,12.584742,4.97125
Grid_Cell_93,2018,0.14776468,263,252.15881,0.004829062,0.060606062,3439.7163,273.37283,0.00064,48.497627,119.24717,12.872339,5.0518985
Grid_Cell_93,2019,0.13265972,70,267.3384,0.005174999,0.052219212,3212.072,215.7408,0.000315,48.44603,129.93016,13.271326,4.7597404
Grid_Cell_93,2020,0.13179001,75,288.9957,0.004805296,0.058637083,3619.2654,293.71884,0.000352,47.812878,123.80372,13.402979,5.266701
Grid_Cell_93,2021,0.14250438,161,357.98203,0.00520081,0.07642104,3362.1763,399.9121,0.000334,39.8543,130.04533,13.445215,5.101619
Grid_Cell_93,2022,0.1584176,449,415.9432,0.00506628,0.05868769,3413.7253,455.64877,0.000607,35.232235,164.03693,13.2651615,5.3131127
Grid_Cell_93,2023,0.14374852,3063,419.98816,0.005443364,0.06029665,3301.0693,417.81635,0.000652,37.001102,164.65092,13.984888,5.238995
Grid_Cell_93,2024,0.14095657,13110,330.16196,0.004841251,0.06927112,3663.3384,351.03534,0.000603,48.84076,157.24683,13.571894,5.223436
Grid_Cell_93,2025,0.13921514,16728,402.28888,0.005263291,0.05483459,3322.9885,398.4079,0.000349,45.748905,151.67444,13.683222,4.821728
Grid_Cell_94,2000,0.15839432,0,331.823,0.00501987,0.14943099,2979.0237,364.8716,0.000333,41.79536,147.03452,11.631342,4.3680005
Grid_Cell_94,2001,0.18003191,0,369.26617,0.005494249,0.10072361,2664.4387,456.55704,0.000452,39.603596,173.2674,11.42425,4.353177
Grid_Cell_94,2002,0.21334599,0,401.9888,0.005033799,0.14914928,2646.6558,435.5046,0.002152544,36.839947,211.4194,10.938929,4.0011797
Grid_Cell_94,2003,0.19565591,0,360.962,0.005365352,0.11011298,2352.5022,403.55496,0.006585757,36.19006,214.92018,9.979212,4.15552
Grid_Cell_94,2004,0.18664122,0,382.0674,0.005806916,0.16376859,2432.7146,469.8207,0.001541014,36.613483,229.41428,11.149897,4.530576
Grid_Cell_94,2005,0.18295841,0,443.15793,0.005428623,0.11058081,2621.1072,497.70285,0.001861678,27.183165,245.02597,12.10943,4.379413
Grid_Cell_94,2006,0.21509722,0,398.37384,0.005208554,0.15288725,2779.199,426.47687,0.006909048,31.403708,226.80437,11.650995,4.3609047
Grid_Cell_94,2007,0.18175232,0,376.03714,0.004904811,0.13065656,3069.7349,372.627,0.000484,38.92698,216.76675,12.578882,4.41874
Grid_Cell_94,2008,0.1839116,0,401.28522,0.005066276,0.1455936,2669.424,366.2441,0.00521165,32.35212,203.34132,11.531763,4.150578
Grid_Cell_94,2009,0.18878822,0,414.9181,0.004785872,0.12928155,2791.7915,462.4409,0.002049202,31.550173,203.5036,11.618708,4.3065023
Grid_Cell_94,2010,0.2111147,0,389.9587,0.005042907,0.13282654,2909.9165,442.91556,0.00547325,29.464758,225.13084,12.672937,4.4074
Grid_Cell_94,2011,0.19492804,0,458.1888,0.005056505,0.18639237,2803.8403,445.71924,0.00491963,30.732271,220.2802,10.765833,4.6624055
Grid_Cell_94,2012,0.24352528,0,364.6436,0.005282173,0.13058932,3064.3738,370.34012,0.011470621,31.021332,190.48024,11.907251,5.0548563
Grid_Cell_94,2013,0.19177677,0,389.82346,0.005074153,0.10105683,3140.6912,374.3237,0.001652219,34.017956,176.02386,12.540735,5.0591655
Grid_Cell_94,2014,0.17471239,0,319.98575,0.004611027,0.092631504,3412.475,305.46286,0.001328976,38.11345,147.74635,11.836145,5.4158792
Grid_Cell_94,2015,0.16700709,0,348.24838,0.004896181,0.072966,3280.081,328.8762,0.000622,41.447,141.73123,12.735834,5.059999
Grid_Cell_94,2016,0.17773794,0,289.13214,0.005281644,0.074446835,2960.8667,294.7614,0.000413,39.864162,148.33508,12.428339,4.8305216
Grid_Cell_94,2017,0.1732245,0,240.06833,0.005021551,0.06625417,3240.944,223.46172,0.001297336,42.12597,134.22989,12.609552,5.0065236
Grid_Cell_94,2018,0.15376934,263,228.03702,0.004745956,0.07887386,3480.6348,231.36407,0.000378,47.908363,115.87901,12.857386,5.09183
Grid_Cell_94,2019,0.14090444,70,276.39096,0.005136327,0.07826087,3203.0674,239.87448,0.000384,45.417465,128.58472,13.245142,4.773713
Grid_Cell_94,2020,0.1389139,75,272.83026,0.0047835,0.09060148,3602.0137,278.70584,0.000348,46.54225,119.22567,13.377649,5.284563
Grid_Cell_94,2021,0.14893673,161,322.639,0.005173731,0.08985605,3375.379,356.47018,0.000264,39.947926,121.71585,13.452539,5.1507626
Grid_Cell_94,2022,0.16528168,449,399.69028,0.005046198,0.07888322,3387.3184,450.9983,0.000621,33.725166,160.2011,13.255915,5.302325
Grid_Cell_94,2023,0.15496746,3063,415.65735,0.005424621,0.11201814,3278.4705,419.96017,0.000639,34.274864,164.95184,13.983118,5.254132
Grid_Cell_94,2024,0.1485839,13110,335.61618,0.004834855,0.19248392,3625.8884,351.1568,0.000536,45.681786,162.47212,13.512537,5.238614
Grid_Cell_94,2025,0.14458774,16728,393.66122,0.005239307,0.08210884,3336.4866,394.4411,0.000347,44.65892,152.23982,13.68844,4.8637347
Grid_Cell_95,2000,0.1695691,0,461.59894,0.005190089,0.29384702,2516.6465,524.2798,0.001362983,31.714527,185.62732,10.424372,4.126798
Grid_Cell_95,2001,0.18092781,0,471.1285,0.005680824,0.22221807,2212.7886,630.1897,0.00103451,34.817837,213.60605,10.079035,4.22965
Grid_Cell_95,2002,0.22038424,0,561.54047,0.005255598,0.25432932,2257.0168,583.3112,0.003302514,26.533434,250.86421,9.739313,4.084433
Grid_Cell_95,2003,0.25100276,0,474.15033,0.005499215,0.18107438,2001.598,543.4722,0.012961548,25.933062,258.60953,8.676355,4.039835
Grid_Cell_95,2004,0.18835758,0,544.82135,0.006322281,0.25315347,1790.8337,662.81824,0.002160867,27.15621,272.5673,10.076502,4.0611086
Grid_Cell_95,2005,0.21397503,0,525.6764,0.005634229,0.21821931,2139.7468,615.1453,0.002768322,21.316069,266.93167,10.773554,4.1046867
Grid_Cell_95,2006,0.252377,0,502.5755,0.005406667,0.20626354,2432.9563,494.82034,0.003002319,24.073557,238.1027,10.730341,4.1225142
Grid_Cell_95,2007,0.18602645,0,443.6624,0.004850386,0.2379518,2881.9507,410.16672,0.000733,35.012737,193.00581,11.833643,4.259151
Grid_Cell_95,2008,0.18839681,0,468.8151,0.005204086,0.24725664,2328.0115,460.56238,0.001977046,30.389935,199.22943,10.363581,3.8983922
Grid_Cell_95,2009,0.22134785,0,471.42154,0.00496327,0.19219173,2396.989,524.16614,0.002023877,27.914785,204.3008,10.497644,4.0316396
Grid_Cell_95,2010,0.21537514,0,504.41608,0.0051089,0.21346945,2534.2188,546.2985,0.002635106,21.452168,238.98207,11.6670475,4.2601743
Grid_Cell_95,2011,0.22085732,0,543.50336,0.005159816,0.2603878,2453.431,521.1389,0.003918349,24.382292,225.33153,9.482111,4.454837
Grid_Cell_95,2012,0.25490016,0,450.61685,0.00535888,0.23569897,2761.1177,427.89224,0.009551411,27.16094,190.24281,10.679407,4.902227
Grid_Cell_95,2013,0.20249668,0,418.66592,0.005226331,0.052151855,2689.9912,414.37656,0.000787,30.869188,169.0162,11.417383,4.8061175
Grid_Cell_95,2014,0.19058181,0,377.8068,0.004762314,0.05570798,3048.9224,374.94254,0.000923,34.775124,147.01808,10.6340885,5.2775574
Grid_Cell_95,2015,0.15868112,0,392.0672,0.00508403,0.046047647,2958.329,402.03864,0.000585,40.106842,151.78351,11.769556,5.132088
Grid_Cell_95,2016,0.1992791,0,431.713,0.005558136,0.041629996,2499.938,466.45062,0.001167066,31.43302,188.98958,11.030848,4.6431923
Grid_Cell_95,2017,0.18259636,0,388.85776,0.005373233,0.05243923,2704.779,346.7783,0.003430818,32.700962,179.14076,11.529779,4.90262
Grid_Cell_95,2018,0.19597396,263,393.21545,0.005145189,0.060805023,2970.233,450.0468,0.001101671,35.368336,159.9292,11.794519,4.949022
Grid_Cell_95,2019,0.1523463,70,443.27798,0.0054928,0.070695914,2791.2397,399.10645,0.00158686,35.716198,183.71089,12.2104435,4.8214526
Grid_Cell_95,2020,0.1478349,75,409.46472,0.005052721,0.06383978,3184.8057,407.5522,0.000736,40.268093,167.34239,12.180811,5.3679304
Grid_Cell_95,2021,0.16101113,161,535.4055,0.005480765,0.048582826,2755.651,618.52356,0.001279045,27.059242,197.30836,12.021875,5.016071
Grid_Cell_95,2022,0.16335051,449,507.31122,0.005148985,0.058912385,3076.4673,518.93787,0.00129275,29.073013,198.87997,12.143,5.4110236
Grid_Cell_95,2023,0.15885596,3063,534.98334,0.005765155,0.06170799,2805.9895,582.49585,0.001524082,29.647621,207.58778,12.666346,5.3069057
Grid_Cell_95,2024,0.14825,13110,442.39584,0.004944676,0.069933794,3355.1924,416.89145,0.000978,41.793514,184.80292,12.693384,5.2843947
Grid_Cell_95,2025,0.14545086,16728,536.4026,0.005385887,0.054836255,2975.7427,553.4363,0.001080384,38.580887,186.43274,12.597376,4.800965
Grid_Cell_96,2000,0.1585179,0,451.27945,0.005226413,0.27052307,2597.5527,507.20166,0.001254196,33.011234,181.84372,10.910456,4.1073585
Grid_Cell_96,2001,0.17665252,0,463.11383,0.005718289,0.17867158,2301.0562,614.17114,0.000972,35.681355,206.58238,10.598444,4.2130747
Grid_Cell_96,2002,0.21385287,0,546.29626,0.005286135,0.28147548,2334.12,566.7959,0.00294689,28.318344,245.21407,10.205927,4.0547757
Grid_Cell_96,2003,0.23711972,0,467.71783,0.005536849,0.1762753,2071.3093,528.6039,0.011730637,27.691154,254.04817,9.122919,4.010657
Grid_Cell_96,2004,0.18037528,0,541.3533,0.006338531,0.24027513,1872.2194,645.58545,0.001939167,27.35381,267.9399,10.548822,4.0570107
Grid_Cell_96,2005,0.20464568,0,520.6145,0.005668815,0.18825737,2198.425,595.9807,0.002213219,22.396599,259.15915,11.235376,4.0485225
Grid_Cell_96,2006,0.24333198,0,496.8299,0.005419013,0.22802724,2496.591,487.33163,0.003395545,24.754772,235.58694,11.193201,4.0692267
Grid_Cell_96,2007,0.17880782,0,436.69965,0.00487366,0.20265317,2935.9146,402.0786,0.000707,35.742172,191.65012,12.297693,4.1835685
Grid_Cell_96,2008,0.17636819,0,465.48703,0.005206764,0.2368376,2397.1501,451.75964,0.00156861,30.992584,194.52011,10.865442,3.8346627
Grid_Cell_96,2009,0.2084063,0,463.5084,0.004967677,0.1702558,2464.7822,514.35974,0.001248569,29.27792,199.77257,10.967524,3.9610572
Grid_Cell_96,2010,0.20978373,0,495.30087,0.005110979,0.18911731,2604.076,536.05365,0.002135476,22.676945,234.39229,12.135004,4.1771946
Grid_Cell_96,2011,0.20919855,0,546.4464,0.005150888,0.1325406,2537.4678,520.8592,0.002954808,24.797707,222.1019,9.972254,4.399186
Grid_Cell_96,2012,0.25215185,0,451.82745,0.005351367,0.17417224,2841.5977,427.85455,0.008614843,27.028402,188.91658,11.155695,4.8435516
Grid_Cell_96,2013,0.19803894,0,416.925,0.005230314,0.05853859,2764.2297,414.61417,0.00079,30.648306,169.64339,11.897303,4.7441998
Grid_Cell_96,2014,0.18578245,0,376.7743,0.004756047,0.05975024,3119.8582,374.47812,0.00082,34.644054,149.0179,11.099451,5.1902285
Grid_Cell_96,2015,0.15631379,0,392.62125,0.005042941,0.054015893,3033.7158,390.45673,0.000566,39.813774,151.27875,12.254633,4.9890404
Grid_Cell_96,2016,0.18888612,0,385.22327,0.005515237,0.042920873,2611.0386,395.66586,0.000806,35.44578,170.37997,11.522516,4.5347223
Grid_Cell_96,2017,0.17548794,0,358.39206,0.005339626,0.0486875,2788.2805,318.97586,0.001348548,35.42524,161.269,12.028925,4.771764
Grid_Cell_96,2018,0.18534803,263,359.92014,0.005099528,0.052755874,3039.323,408.88583,0.000953,37.860817,147.50467,12.316645,4.7888846
Grid_Cell_96,2019,0.14672026,70,377.27374,0.005445023,0.04592657,2889.9546,331.44983,0.00105301,40.80593,163.35547,12.723383,4.6582336
Grid_Cell_96,2020,0.14009604,75,404.69446,0.005022817,0.053661887,3242.7336,402.78516,0.000856,40.607346,167.75818,12.69195,5.1461067
Grid_Cell_96,2021,0.1610301,161,540.448,0.005454807,0.039653864,2798.4194,623.3101,0.001328867,26.557547,198.24637,12.534754,4.8364134
Grid_Cell_96,2022,0.15899006,449,510.7823,0.005137492,0.057820737,3136.415,520.6464,0.001279925,28.79397,199.2651,12.661493,5.234688
Grid_Cell_96,2023,0.15671064,3063,540.784,0.005738,0.050736215,2876.0208,583.61255,0.001377257,29.348476,206.57892,13.181604,5.1230702
Grid_Cell_96,2024,0.14626807,13110,440.3517,0.004940737,0.06756594,3379.6135,416.38278,0.000964,41.791676,185.20721,13.156733,5.081743
Grid_Cell_96,2025,0.1455298,16728,536.6914,0.005378816,0.047195803,3011.3062,552.4657,0.001089605,37.66508,188.1317,13.080561,4.6635623
Grid_Cell_97,2000,0.15466757,0,458.5337,0.005223407,0.3404368,2667.7441,492.7837,0.001622224,32.681065,205.71169,11.238672,4.1019263
Grid_Cell_97,2001,0.17548199,0,472.81223,0.005712933,0.22184505,2389.0432,599.86115,0.001281706,35.33138,226.64708,10.960352,4.2093415
Grid_Cell_97,2002,0.21017736,0,501.90067,0.005276957,0.25486887,2408.9172,545.1192,0.004058017,31.287369,263.16382,10.519007,4.0340223
Grid_Cell_97,2003,0.23259479,0,455.70392,0.005535544,0.17080876,2127.129,512.6307,0.013550863,28.820452,272.0086,9.433863,3.9762735
Grid_Cell_97,2004,0.17722285,0,534.388,0.006298865,0.17548086,1970.3219,627.8863,0.002898388,28.510338,307.68817,10.893915,4.0514092
Grid_Cell_97,2005,0.19978781,0,529.8441,0.005664038,0.20354733,2257.5186,577.42847,0.003424527,22.196486,316.293,11.590998,4.0005774
Grid_Cell_97,2006,0.23527937,0,506.4106,0.005397979,0.2650128,2559.139,481.5947,0.008555863,24.443697,278.978,11.5487,4.0299115
Grid_Cell_97,2007,0.17565437,0,446.8214,0.004867972,0.20352569,2985.2322,397.21426,0.001083791,35.043068,231.18272,12.6383915,4.12874
Grid_Cell_97,2008,0.17031778,0,454.59805,0.005175497,0.21113822,2471.026,442.99463,0.002991404,31.812363,208.34842,11.2512455,3.7900932
Grid_Cell_97,2009,0.20181942,0,463.47815,0.004939512,0.22338457,2532.613,509.59045,0.001807993,29.564747,221.40636,11.333429,3.914242
Grid_Cell_97,2010,0.20667091,0,482.26526,0.005086143,0.21619388,2682.4082,525.0539,0.004745904,24.210539,262.39786,12.480707,4.114352
Grid_Cell_97,2011,0.20374382,0,556.2204,0.005114608,0.18396312,2610.0518,521.1335,0.004302147,24.552689,244.59804,10.316645,4.357919
Grid_Cell_97,2012,0.25166094,0,441.51254,0.005318795,0.20559974,2918.5369,427.7641,0.012020526,27.827433,209.00546,11.479029,4.8036613
Grid_Cell_97,2013,0.19823629,0,418.66702,0.005205006,0.05977579,2844.365,414.5796,0.001189106,31.113157,194.44583,12.225214,4.696494
Grid_Cell_97,2014,0.18546174,0,364.6718,0.004723842,0.061087474,3202.59,373.68973,0.001649137,35.88631,170.0137,11.427149,5.130023
Grid_Cell_97,2015,0.15592533,0,386.4771,0.004997486,0.057620212,3113.6465,382.56516,0.000902,40.14311,172.03534,12.65484,4.879417
Grid_Cell_97,2016,0.18304323,0,319.18506,0.005468584,0.046940137,2725.5708,327.48975,0.000901,40.579067,174.251,11.93432,4.4461975
Grid_Cell_97,2017,0.1723603,0,302.2623,0.005289705,0.050583657,2889.6943,276.67654,0.001436983,39.666786,165.70605,12.4274845,4.6673455
Grid_Cell_97,2018,0.17601839,263,318.97086,0.005031593,0.062337063,3151.7798,365.79492,0.001267798,41.635853,158.60425,12.774591,4.7096725
Grid_Cell_97,2019,0.14405568,70,343.7225,0.005396173,0.06024775,2988.292,311.3154,0.001594531,43.36296,174.72208,13.169916,4.541898
Grid_Cell_97,2020,0.13725176,75,393.87228,0.004971711,0.06329308,3357.0925,398.71286,0.0012821,41.07217,192.33485,13.184504,5.0123296
Grid_Cell_97,2021,0.16100027,161,558.5186,0.005426639,0.049217917,2882.3862,627.90656,0.001895928,25.344238,223.5447,13.01034,4.7240505
Grid_Cell_97,2022,0.15663153,449,521.97864,0.005123612,0.063404225,3226.9006,524.2709,0.001801729,28.086987,226.30116,13.152643,5.113969
Grid_Cell_97,2023,0.15624776,3063,544.60394,0.005715483,0.05343053,2961.2576,588.4272,0.002041479,29.091915,228.6027,13.652491,4.9911184
Grid_Cell_97,2024,0.14497542,13110,434.47302,0.004940046,0.061972268,3455.259,416.48837,0.001375774,42.165554,220.17967,13.624933,4.978929
Grid_Cell_97,2025,0.1454393,16728,526.52405,0.005372565,0.05115769,3073.499,552.924,0.001585474,37.523277,202.21098,13.514307,4.57753
Grid_Cell_98,2000,0.15757532,0,443.79462,0.005154376,0.23978183,2685.6646,479.2276,0.001020017,30.985073,172.41225,11.238672,4.102165
Grid_Cell_98,2001,0.1776112,0,459.22586,0.005643266,0.16095795,2398.8745,586.14087,0.000854,33.424248,196.67545,10.985773,4.1966705
Grid_Cell_98,2002,0.21441707,0,488.15555,0.005202988,0.23139991,2419.764,521.62054,0.00408013,30.072126,232.08516,10.520594,4.0097756
Grid_Cell_98,2003,0.23848629,0,429.1942,0.005473917,0.117926754,2126.4004,495.54718,0.016709479,27.855692,234.07227,9.446802,3.9577804
Grid_Cell_98,2004,0.1801115,0,486.02957,0.006187032,0.19020008,2019.0701,609.3438,0.001902589,28.628849,254.73439,10.928614,4.0690665
Grid_Cell_98,2005,0.20001996,0,463.80536,0.005593034,0.19637088,2293.3699,557.69684,0.001849942,23.910345,254.99702,11.647913,3.9837623
Grid_Cell_98,2006,0.2336884,0,469.1117,0.005319379,0.19783713,2598.4858,475.88794,0.00864489,25.379349,227.76251,11.582178,4.0196376
Grid_Cell_98,2007,0.17893623,0,422.29355,0.004812209,0.21783204,3005.9849,392.88025,0.000693,35.054176,190.22751,12.635096,4.110863
Grid_Cell_98,2008,0.17481342,0,443.72525,0.005092017,0.20604199,2482.5312,433.44443,0.003234139,29.059698,180.9043,11.296167,3.7764661
Grid_Cell_98,2009,0.2015716,0,451.72128,0.004856437,0.1880565,2553.279,505.8763,0.002746562,27.2001,193.14125,11.368891,3.9144132
Grid_Cell_98,2010,0.20792346,0,453.32233,0.005017095,0.18215744,2713.9412,515.3285,0.006104767,23.637264,228.19879,12.558802,4.090071
Grid_Cell_98,2011,0.20420802,0,520.8277,0.005035676,0.21014547,2643.7231,495.92194,0.005384713,23.949682,216.16222,10.464502,4.3362412
Grid_Cell_98,2012,0.2541546,0,416.93323,0.005248197,0.21775898,2943.7131,405.00604,0.013249525,26.06447,180.61531,11.590601,4.800519
Grid_Cell_98,2013,0.20251848,0,390.51035,0.00513504,0.06437143,2910.9,382.968,0.000594,31.46887,154.56992,12.346735,4.6848845
Grid_Cell_98,2014,0.17845602,0,331.1929,0.004650832,0.06346978,3254.6487,328.00574,0.000969,36.406322,130.18031,11.563532,5.1210165
Grid_Cell_98,2015,0.1623275,0,363.7712,0.004964753,0.059140205,3151.8286,367.84692,0.000556,39.12645,136.04413,12.75918,4.8913345
Grid_Cell_98,2016,0.18550055,0,327.31357,0.005441685,0.04188933,2753.5723,346.26486,0.000658,37.637794,147.68605,12.0585575,4.4736567
Grid_Cell_98,2017,0.1782752,0,311.776,0.005250986,0.05391598,2935.4314,293.23944,0.002746534,36.309265,144.3414,12.549921,4.699332
Grid_Cell_98,2018,0.17372994,263,334.85333,0.00499109,0.06077959,3204.6826,368.14175,0.00074,38.4437,134.44879,12.938715,4.7884054
Grid_Cell_98,2019,0.14519404,70,355.6111,0.005371276,0.053921957,3004.9138,308.60568,0.000841,39.63372,149.18748,13.338129,4.5863156
Grid_Cell_98,2020,0.13639604,75,358.9285,0.00495768,0.06091995,3427.01,361.72696,0.000629,40.82723,150.62587,13.378199,5.108948
Grid_Cell_98,2021,0.1596202,161,485.54837,0.005387889,0.0498741,2990.9983,546.656,0.000963,28.557205,173.05914,13.245081,4.79453
Grid_Cell_98,2022,0.15814935,449,490.8304,0.005107242,0.057395324,3300.6208,507.96722,0.001050312,27.878302,185.50468,13.336878,5.186914
Grid_Cell_98,2023,0.15189424,3063,517.402,0.005680422,0.053853676,3031.21,544.3276,0.001754993,28.85461,190.2102,13.863184,5.0614605
Grid_Cell_98,2024,0.14595613,13110,403.11655,0.004914875,0.066342294,3524.3022,405.27734,0.000932,41.971745,175.96376,13.791834,5.052954
Grid_Cell_98,2025,0.14434949,16728,477.21466,0.005365401,0.058902968,3134.2795,485.977,0.000695,39.476395,163.46349,13.674585,4.6232414
Grid_Cell_99,2000,0.15561683,0,426.41266,0.005099009,0.24633397,2720.6462,465.28473,0.001452303,32.445393,205.64795,11.236444,4.106436
Grid_Cell_99,2001,0.17635493,0,446.50342,0.005596488,0.16442028,2425.3132,572.0663,0.001253106,34.36233,232.03682,11.000574,4.178451
Grid_Cell_99,2002,0.21457359,0,461.3272,0.005144882,0.17609157,2449.9407,499.9828,0.00378387,32.090908,266.40765,10.536432,3.9797757
Grid_Cell_99,2003,0.23657948,0,424.82022,0.0054365,0.14033476,2152.1099,478.66678,0.013161641,28.848911,274.4179,9.487848,3.9588761
Grid_Cell_99,2004,0.17912726,0,494.97986,0.00610002,0.23228405,2079.249,591.11475,0.002847435,28.46107,308.1227,10.978876,4.1086154
Grid_Cell_99,2005,0.19642031,0,503.18866,0.005545938,0.20464486,2303.1294,541.3727,0.003039863,21.629107,325.5207,11.71908,4.0035224
Grid_Cell_99,2006,0.23201543,0,492.714,0.005270756,0.20669173,2603.3992,470.09915,0.007990192,23.858273,292.0836,11.602503,4.0451856
Grid_Cell_99,2007,0.17864928,0,429.5155,0.004784763,0.16848981,2980.4045,389.09268,0.001257538,33.946003,247.85643,12.609339,4.139288
Grid_Cell_99,2008,0.17904077,0,442.56097,0.005042536,0.17106272,2475.5635,424.52863,0.003799037,28.170122,228.376,11.316889,3.801466
Grid_Cell_99,2009,0.2012379,0,458.52417,0.004799602,0.17397927,2561.153,501.94513,0.002519695,26.136812,236.3997,11.389643,3.9536257
Grid_Cell_99,2010,0.20761319,0,453.87418,0.004983273,0.18950088,2724.0842,506.1215,0.006258891,23.584894,274.76102,12.592463,4.13151
Grid_Cell_99,2011,0.20385285,0,518.74225,0.005009693,0.24107444,2635.0305,487.458,0.005781637,23.113256,265.68893,10.486689,4.380008
Grid_Cell_99,2012,0.25258654,0,413.6288,0.005228832,0.20387626,2946.979,397.6164,0.01307428,25.617876,229.02426,11.601404,4.859843
Grid_Cell_99,2013,0.20091228,0,382.4017,0.005103985,0.06056823,2957.2754,372.48337,0.001075449,32.88436,193.88936,12.359461,4.758035
Grid_Cell_99,2014,0.17282835,0,321.01715,0.00462426,0.060952164,3282.1863,310.48273,0.000972,37.42351,164.1125,11.581232,5.1907763
Grid_Cell_99,2015,0.16062814,0,355.9423,0.004944564,0.056968186,3179.6472,363.13596,0.00089,40.742126,169.55997,12.738123,4.967465
Grid_Cell_99,2016,0.18087715,0,333.83615,0.005419694,0.04754588,2788.0918,357.41556,0.001058128,38.05437,184.26064,12.087091,4.5660067
Grid_Cell_99,2017,0.1742918,0,317.76892,0.005217664,0.05027884,2989.915,307.2589,0.002543788,37.093914,182.02913,12.563776,4.7938185
Grid_Cell_99,2018,0.16813137,263,331.7613,0.004958089,0.054972306,3263.2153,358.12582,0.001113373,39.330143,171.86378,12.941614,4.913097
Grid_Cell_99,2019,0.1423977,70,343.5054,0.005323471,0.049825814,3038.5935,291.73502,0.001193099,41.15359,181.48009,13.327051,4.668542
Grid_Cell_99,2020,0.13166423,75,346.04053,0.004917585,0.068361215,3461.5205,356.62714,0.001073374,42.399006,187.08237,13.363153,5.186305
Grid_Cell_99,2021,0.1577875,161,470.75024,0.005350964,0.046644878,3046.3772,525.1565,0.001673949,30.350523,206.24829,13.279139,4.863434
Grid_Cell_99,2022,0.157969,449,485.61288,0.005098849,0.051561616,3323.0342,504.5317,0.001695192,28.988634,224.60037,13.320673,5.244277
Grid_Cell_99,2023,0.1481161,3063,510.9922,0.005628795,0.042521533,3074.536,532.38275,0.002360541,30.02258,230.50903,13.905817,5.1189947
Grid_Cell_99,2024,0.14377749,13110,400.47433,0.004880578,0.06100663,3560.7798,403.0584,0.001488676,43.07721,218.52884,13.760645,5.117743
Grid_Cell_99,2025,0.14145362,16728,464.96286,0.005352631,0.04738642,3161.4968,471.72818,0.001061063,40.938667,201.94215,13.672632,4.68036
